Date,Adj Close,Close,High,Low,Open,Volume,Ticker
2019-01-02,37.43690872192383,39.47999954223633,39.712501525878906,38.557498931884766,38.72249984741211,148158800,AAPL
2019-01-03,33.70792770385742,35.54750061035156,36.43000030517578,35.5,35.994998931884766,365248800,AAPL
2019-01-04,35.14690017700195,37.064998626708984,37.13750076293945,35.95000076293945,36.13249969482422,234428400,AAPL
2019-01-07,35.068660736083984,36.98249816894531,37.20750045776367,36.474998474121094,37.17499923706055,219111200,AAPL
2019-01-08,35.737186431884766,37.6875,37.95500183105469,37.130001068115234,37.38999938964844,164101200,AAPL
2019-01-09,36.34406280517578,38.32749938964844,38.63249969482422,37.407501220703125,37.8224983215332,180396400,AAPL
2019-01-10,36.460227966308594,38.45000076293945,38.49250030517578,37.71500015258789,38.125,143122800,AAPL
2019-01-11,36.10225296020508,38.0724983215332,38.42499923706055,37.877498626708984,38.220001220703125,108092800,AAPL
2019-01-14,35.55938720703125,37.5,37.817501068115234,37.30500030517578,37.712501525878906,129756800,AAPL
2019-01-15,36.287174224853516,38.26750183105469,38.34749984741211,37.51250076293945,37.567501068115234,114843600,AAPL
2019-01-16,36.730464935302734,38.73500061035156,38.970001220703125,38.25,38.27000045776367,122278800,AAPL
2019-01-17,36.94857406616211,38.96500015258789,39.415000915527344,38.314998626708984,38.54999923706055,119284800,AAPL
2019-01-18,37.17615509033203,39.20500183105469,39.470001220703125,38.994998931884766,39.375,135004000,AAPL
2019-01-22,36.3416862487793,38.32500076293945,39.182498931884766,38.154998779296875,39.102500915527344,121576000,AAPL
2019-01-23,36.48867416381836,38.47999954223633,38.78499984741211,37.92499923706055,38.537498474121094,92522400,AAPL
2019-01-24,36.19944763183594,38.17499923706055,38.619998931884766,37.935001373291016,38.52750015258789,101766000,AAPL
2019-01-25,37.39899826049805,39.439998626708984,39.532501220703125,38.58000183105469,38.869998931884766,134142000,AAPL
2019-01-28,37.05287170410156,39.07500076293945,39.08250045776367,38.415000915527344,38.9474983215332,104768400,AAPL
2019-01-29,36.66883087158203,38.66999816894531,39.532501220703125,38.52750015258789,39.0625,166348800,AAPL
2019-01-30,39.17457962036133,41.3125,41.537498474121094,40.057498931884766,40.8125,244439200,AAPL
2019-01-31,39.45669937133789,41.61000061035156,42.25,41.13999938964844,41.52750015258789,162958400,AAPL
2019-02-01,39.47565841674805,41.630001068115234,42.244998931884766,41.48249816894531,41.7400016784668,130672400,AAPL
2019-02-04,40.596961975097656,42.8125,42.915000915527344,41.81999969482422,41.852500915527344,125982000,AAPL
2019-02-05,41.29154968261719,43.54499816894531,43.77000045776367,43.087501525878906,43.21500015258789,144406400,AAPL
2019-02-06,41.305782318115234,43.560001373291016,43.89250183105469,43.212501525878906,43.662498474121094,112958400,AAPL
2019-02-07,40.52347946166992,42.73500061035156,43.48500061035156,42.584999084472656,43.099998474121094,126966800,AAPL
2019-02-08,40.57109069824219,42.602500915527344,42.665000915527344,42.10499954223633,42.247501373291016,95280000,AAPL
2019-02-11,40.337764739990234,42.35749816894531,42.8025016784668,42.3125,42.76250076293945,83973600,AAPL
2019-02-12,40.685359954833984,42.72249984741211,42.75,42.42499923706055,42.525001525878906,89134000,AAPL
2019-02-13,40.516334533691406,42.54499816894531,43.119998931884766,42.47999954223633,42.84749984741211,89960800,AAPL
2019-02-14,40.6639518737793,42.70000076293945,42.814998626708984,42.345001220703125,42.4275016784668,87342800,AAPL
2019-02-15,40.573463439941406,42.60499954223633,42.92499923706055,42.4375,42.8125,98507200,AAPL
2019-02-19,40.69489669799805,42.73249816894531,42.86000061035156,42.372501373291016,42.4275016784668,75891200,AAPL
2019-02-20,40.9567756652832,43.00749969482422,43.33000183105469,42.747501373291016,42.79750061035156,104457600,AAPL
2019-02-21,40.725833892822266,42.76499938964844,43.092498779296875,42.57500076293945,42.95000076293945,68998800,AAPL
2019-02-22,41.18055725097656,43.24250030517578,43.25,42.845001220703125,42.89500045776367,75652800,AAPL
2019-02-25,41.48054122924805,43.557498931884766,43.967498779296875,43.48749923706055,43.540000915527344,87493600,AAPL
2019-02-26,41.504356384277344,43.58250045776367,43.82500076293945,43.29249954223633,43.4275016784668,68280800,AAPL
2019-02-27,41.632911682128906,43.717498779296875,43.75,43.182498931884766,43.3025016784668,111341600,AAPL
2019-02-28,41.223426818847656,43.287498474121094,43.727500915527344,43.22999954223633,43.58000183105469,112861600,AAPL
2019-03-01,41.65671920776367,43.74250030517578,43.787498474121094,43.22249984741211,43.56999969482422,103544800,AAPL
2019-03-04,41.866233825683594,43.962501525878906,44.4375,43.49250030517578,43.92250061035156,109744800,AAPL
2019-03-05,41.79005432128906,43.88249969482422,44.0,43.6349983215332,43.98500061035156,78949600,AAPL
2019-03-06,41.54958724975586,43.630001068115234,43.872501373291016,43.48500061035156,43.66749954223633,83241600,AAPL
2019-03-07,41.068668365478516,43.125,43.61000061035156,43.005001068115234,43.467498779296875,99185600,AAPL
2019-03-08,41.166297912597656,43.227500915527344,43.26750183105469,42.375,42.58000183105469,95997600,AAPL
2019-03-11,42.592376708984375,44.724998474121094,44.779998779296875,43.837501525878906,43.872501373291016,128044000,AAPL
2019-03-12,43.070919036865234,45.227500915527344,45.66749954223633,44.842498779296875,45.0,129870400,AAPL
2019-03-13,43.26136779785156,45.4275016784668,45.82500076293945,45.22999954223633,45.5625,124130000,AAPL
2019-03-14,43.74230194091797,45.932498931884766,46.025001525878906,45.63999938964844,45.974998474121094,94318000,AAPL
2019-03-15,44.311309814453125,46.529998779296875,46.83250045776367,45.935001373291016,46.212501525878906,156171600,AAPL
2019-03-18,44.76365661621094,47.005001068115234,47.09749984741211,46.4474983215332,46.45000076293945,104879200,AAPL
2019-03-19,44.40890884399414,46.63249969482422,47.247501373291016,46.47999954223633,47.087501525878906,126585600,AAPL
2019-03-20,44.7969856262207,47.040000915527344,47.372501373291016,46.182498931884766,46.557498931884766,124140800,AAPL
2019-03-21,46.44689178466797,48.772499084472656,49.08250045776367,47.45249938964844,47.505001068115234,204136800,AAPL
2019-03-22,45.485042572021484,47.76250076293945,49.42250061035156,47.69499969482422,48.834999084472656,169630800,AAPL
2019-03-25,44.93507766723633,47.185001373291016,47.994998931884766,46.650001525878906,47.877498626708984,175381200,AAPL
2019-03-26,44.470821380615234,46.6974983215332,48.220001220703125,46.14500045776367,47.915000915527344,199202000,AAPL
2019-03-27,44.87080383300781,47.11750030517578,47.439998626708984,46.63750076293945,47.1875,119393600,AAPL
2019-03-28,44.93032455444336,47.18000030517578,47.38999938964844,46.88249969482422,47.23749923706055,83121600,AAPL
2019-03-29,45.223148345947266,47.48749923706055,47.52000045776367,47.1349983215332,47.45750045776367,94256000,AAPL
2019-04-01,45.5302734375,47.810001373291016,47.91999816894531,47.095001220703125,47.90999984741211,111448000,AAPL
2019-04-02,46.19215393066406,48.505001068115234,48.6150016784668,47.76250076293945,47.772499084472656,91062800,AAPL
2019-04-03,46.5087776184082,48.837501525878906,49.125,48.287498474121094,48.3125,93087200,AAPL
2019-04-04,46.58972930908203,48.92250061035156,49.092498779296875,48.28499984741211,48.6974983215332,76457200,AAPL
2019-04-05,46.901611328125,49.25,49.275001525878906,48.98249816894531,49.11249923706055,74106400,AAPL
2019-04-08,47.6396598815918,50.025001525878906,50.057498931884766,49.084999084472656,49.10499954223633,103526800,AAPL
2019-04-09,47.49681091308594,49.875,50.712501525878906,49.807498931884766,50.08000183105469,143072800,AAPL
2019-04-10,47.76346206665039,50.154998779296875,50.185001373291016,49.54499816894531,49.66999816894531,86781200,AAPL
2019-04-11,47.365875244140625,49.73749923706055,50.25,49.61000061035156,50.212501525878906,83603200,AAPL
2019-04-12,47.346824645996094,49.717498779296875,50.03499984741211,49.0525016784668,49.79999923706055,111042800,AAPL
2019-04-15,47.43252944946289,49.807498931884766,49.962501525878906,49.502498626708984,49.64500045776367,70146400,AAPL
2019-04-16,47.437294006347656,49.8125,50.342498779296875,49.63999938964844,49.8650016784668,102785600,AAPL
2019-04-17,48.36104965209961,50.782501220703125,50.845001220703125,49.65250015258789,49.8849983215332,115627200,AAPL
2019-04-18,48.53483963012695,50.96500015258789,51.037498474121094,50.630001068115234,50.779998779296875,96783200,AAPL
2019-04-22,48.69435119628906,51.13249969482422,51.23500061035156,50.584999084472656,50.70750045776367,77758000,AAPL
2019-04-23,49.39667892456055,51.869998931884766,51.9375,50.974998474121094,51.10749816894531,93292000,AAPL
2019-04-24,49.320499420166016,51.790000915527344,52.119998931884766,51.76250076293945,51.84000015258789,70162400,AAPL
2019-04-25,48.87290954589844,51.31999969482422,51.939998626708984,51.279998779296875,51.70750045776367,74172800,AAPL
2019-04-26,48.639583587646484,51.07500076293945,51.25,50.529998779296875,51.224998474121094,74596400,AAPL
2019-04-29,48.713401794433594,51.15250015258789,51.49250030517578,50.96500015258789,51.099998474121094,88818800,AAPL
2019-04-30,47.775367736816406,50.16749954223633,50.849998474121094,49.77750015258789,50.76499938964844,186139600,AAPL
2019-05-01,50.12044906616211,52.630001068115234,53.82749938964844,52.307498931884766,52.470001220703125,259309200,AAPL
2019-05-02,49.79427719116211,52.287498474121094,53.162498474121094,52.032501220703125,52.459999084472656,127985200,AAPL
2019-05-03,50.41328430175781,52.9375,52.959999084472656,52.557498931884766,52.72249984741211,83569600,AAPL
2019-05-06,49.634765625,52.119998931884766,52.209999084472656,50.875,51.0724983215332,129772400,AAPL
2019-05-07,48.2967643737793,50.71500015258789,51.85499954223633,50.20750045776367,51.470001220703125,155054800,AAPL
2019-05-08,48.306278228759766,50.724998474121094,51.334999084472656,50.4375,50.474998474121094,105358000,AAPL
2019-05-09,47.787269592285156,50.18000030517578,50.41999816894531,49.165000915527344,50.099998474121094,139634400,AAPL
2019-05-10,47.125247955322266,49.29499816894531,49.712501525878906,48.192501068115234,49.35499954223633,164834800,AAPL
2019-05-13,44.38636016845703,46.43000030517578,47.369998931884766,45.712501525878906,46.9275016784668,229722400,AAPL
2019-05-14,45.08900833129883,47.165000915527344,47.42499923706055,46.352500915527344,46.602500915527344,146118800,AAPL
2019-05-15,45.62913513183594,47.72999954223633,47.9375,46.505001068115234,46.567501068115234,106178800,AAPL
2019-05-16,45.428375244140625,47.52000045776367,48.11750030517578,47.209999084472656,47.477500915527344,132125600,AAPL
2019-05-17,45.17026138305664,47.25,47.724998474121094,46.689998626708984,46.73249816894531,131516400,AAPL
2019-05-20,43.757789611816406,45.772499084472656,46.087501525878906,45.06999969482422,45.880001068115234,154449200,AAPL
2019-05-21,44.596683502197266,46.650001525878906,47.0,46.17499923706055,46.30500030517578,113459200,AAPL
2019-05-22,43.68370819091797,45.69499969482422,46.4275016784668,45.63750076293945,46.165000915527344,118994400,AAPL
2019-05-23,42.93803787231445,44.915000915527344,45.1349983215332,44.45249938964844,44.95000076293945,146118800,AAPL
2019-05-24,42.77313995361328,44.74250030517578,45.53499984741211,44.654998779296875,45.04999923706055,94858800,AAPL
2019-05-28,42.596275329589844,44.557498931884766,45.147499084472656,44.477500915527344,44.72999954223633,111792800,AAPL
2019-05-29,42.39312744140625,44.345001220703125,44.837501525878906,44.0,44.10499954223633,113924800,AAPL
2019-05-30,42.61300277709961,44.57500076293945,44.807498931884766,44.16749954223633,44.48749923706055,84873600,AAPL
2019-05-31,41.84104537963867,43.76750183105469,44.497501373291016,43.747501373291016,44.057498931884766,108174400,AAPL
2019-06-03,41.418025970458984,43.32500076293945,44.47999954223633,42.567501068115234,43.900001525878906,161584400,AAPL
2019-06-04,42.933265686035156,44.90999984741211,44.95750045776367,43.630001068115234,43.86000061035156,123872000,AAPL
2019-06-05,43.6263427734375,45.6349983215332,46.247501373291016,45.28499984741211,46.06999969482422,119093600,AAPL
2019-06-06,44.26685333251953,46.30500030517578,46.36750030517578,45.537498474121094,45.77000045776367,90105200,AAPL
2019-06-07,45.445098876953125,47.537498474121094,47.97999954223633,46.442501068115234,46.627498626708984,122737600,AAPL
2019-06-10,46.02586364746094,48.14500045776367,48.842498779296875,47.904998779296875,47.95249938964844,104883600,AAPL
2019-06-11,46.558834075927734,48.70249938964844,49.0,48.400001525878906,48.71500015258789,107731600,AAPL
2019-06-12,46.41065979003906,48.54750061035156,48.99250030517578,48.34749984741211,48.48749923706055,73012800,AAPL
2019-06-13,46.401084899902344,48.537498474121094,49.1974983215332,48.400001525878906,48.67499923706055,86698400,AAPL
2019-06-14,46.06411361694336,48.185001373291016,48.397499084472656,47.57500076293945,47.88750076293945,75046000,AAPL
2019-06-17,46.33895492553711,48.47249984741211,48.7400016784668,48.04249954223633,48.224998474121094,58676400,AAPL
2019-06-18,47.428775787353516,49.61249923706055,50.0724983215332,48.8025016784668,49.01250076293945,106204000,AAPL
2019-06-19,47.29015350341797,49.467498779296875,49.970001220703125,49.32749938964844,49.91999816894531,84496800,AAPL
2019-06-20,47.670162200927734,49.8650016784668,50.15250015258789,49.50749969482422,50.092498779296875,86056000,AAPL
2019-06-21,47.507652282714844,49.69499969482422,50.212501525878906,49.537498474121094,49.70000076293945,191202400,AAPL
2019-06-24,47.45985412597656,49.64500045776367,50.040000915527344,49.54249954223633,49.6349983215332,72881600,AAPL
2019-06-25,46.740474700927734,48.89250183105469,49.814998626708984,48.8224983215332,49.60749816894531,84281200,AAPL
2019-06-26,47.75141525268555,49.95000076293945,50.247501373291016,49.337501525878906,49.442501068115234,104270000,AAPL
2019-06-27,47.73708724975586,49.935001373291016,50.39250183105469,49.89250183105469,50.0724983215332,83598800,AAPL
2019-06-28,47.302101135253906,49.47999954223633,49.875,49.26250076293945,49.66999816894531,124442400,AAPL
2019-07-01,48.169673919677734,50.38750076293945,51.122501373291016,50.162498474121094,50.79249954223633,109012000,AAPL
2019-07-02,48.45167922973633,50.682498931884766,50.782501220703125,50.34000015258789,50.352500915527344,67740800,AAPL
2019-07-03,48.85319137573242,51.102500915527344,51.11000061035156,50.67250061035156,50.81999969482422,45448000,AAPL
2019-07-05,48.81017303466797,51.057498931884766,51.27000045776367,50.724998474121094,50.837501525878906,69062000,AAPL
2019-07-08,47.803993225097656,50.005001068115234,50.349998474121094,49.602500915527344,50.20249938964844,101354400,AAPL
2019-07-09,48.09557342529297,50.310001373291016,50.377498626708984,49.70249938964844,49.79999923706055,82312000,AAPL
2019-07-10,48.57117462158203,50.807498931884766,50.932498931884766,50.38999938964844,50.462501525878906,71588400,AAPL
2019-07-11,48.21745681762695,50.4375,51.09749984741211,50.4275016784668,50.82749938964844,80767200,AAPL
2019-07-12,48.58790969848633,50.82500076293945,51.0,50.54999923706055,50.61249923706055,70380800,AAPL
2019-07-15,49.04438400268555,51.3025016784668,51.467498779296875,51.0,51.022499084472656,67789600,AAPL
2019-07-16,48.87470245361328,51.125,51.52750015258789,50.875,51.147499084472656,67467200,AAPL
2019-07-17,48.599853515625,50.837501525878906,51.272499084472656,50.817501068115234,51.01250076293945,56430000,AAPL
2019-07-18,49.151939392089844,51.415000915527344,51.470001220703125,50.92499923706055,51.0,74162400,AAPL
2019-07-19,48.41822052001953,50.647499084472656,51.625,50.59000015258789,51.4474983215332,83717200,AAPL
2019-07-22,49.5247688293457,51.80500030517578,51.807498931884766,50.90250015258789,50.912498474121094,89111600,AAPL
2019-07-23,49.91193389892578,52.209999084472656,52.227500915527344,51.8224983215332,52.1150016784668,73420800,AAPL
2019-07-24,49.87131881713867,52.16749954223633,52.287498474121094,51.79249954223633,51.91749954223633,59966400,AAPL
2019-07-25,49.47697448730469,51.755001068115234,52.310001373291016,51.682498931884766,52.22249984741211,55638400,AAPL
2019-07-26,49.6490592956543,51.935001373291016,52.432498931884766,51.78499984741211,51.869998931884766,70475600,AAPL
2019-07-29,50.11269760131836,52.41999816894531,52.65999984741211,52.11000061035156,52.1150016784668,86693600,AAPL
2019-07-30,49.89759826660156,52.19499969482422,52.540000915527344,51.82749938964844,52.189998626708984,135742800,AAPL
2019-07-31,50.915714263916016,53.2599983215332,55.342498779296875,52.82500076293945,54.10499954223633,277125600,AAPL
2019-08-01,49.813961029052734,52.10749816894531,54.50749969482422,51.685001373291016,53.474998474121094,216071600,AAPL
2019-08-02,48.759986877441406,51.005001068115234,51.60749816894531,50.407501220703125,51.38249969482422,163448400,AAPL
2019-08-05,46.20750045776367,48.334999084472656,49.662498474121094,48.14500045776367,49.497501373291016,209572000,AAPL
2019-08-06,47.08222961425781,49.25,49.51750183105469,48.5099983215332,49.07749938964844,143299200,AAPL
2019-08-07,47.56977844238281,49.7599983215332,49.88999938964844,48.45500183105469,48.852500915527344,133457600,AAPL
2019-08-08,48.61896514892578,50.85749816894531,50.88249969482422,49.84749984741211,50.04999923706055,108038000,AAPL
2019-08-09,48.21834945678711,50.247501373291016,50.689998626708984,49.8224983215332,50.32500076293945,98478800,AAPL
2019-08-12,48.095985412597656,50.119998931884766,50.51250076293945,49.787498474121094,49.904998779296875,89927600,AAPL
2019-08-13,50.13276672363281,52.24250030517578,53.03499984741211,50.119998931884766,50.255001068115234,188874000,AAPL
2019-08-14,48.64057159423828,50.6875,51.61000061035156,50.647499084472656,50.790000915527344,146189600,AAPL
2019-08-15,48.39826202392578,50.435001373291016,51.28499984741211,49.91749954223633,50.8650016784668,108909600,AAPL
2019-08-16,49.54021072387695,51.625,51.790000915527344,50.959999084472656,51.06999969482422,110481600,AAPL
2019-08-19,50.463836669921875,52.587501525878906,53.182498931884766,52.50749969482422,52.654998779296875,97654400,AAPL
2019-08-20,50.46622848510742,52.59000015258789,53.337501525878906,52.58000183105469,52.720001220703125,107537200,AAPL
2019-08-21,51.013221740722656,53.15999984741211,53.412498474121094,52.900001525878906,53.247501373291016,86141600,AAPL
2019-08-22,50.970035552978516,53.1150016784668,53.61000061035156,52.6875,53.29750061035156,89014800,AAPL
2019-08-23,48.61417770385742,50.65999984741211,53.01250076293945,50.25,52.35749816894531,187272000,AAPL
2019-08-26,49.537803649902344,51.622501373291016,51.79750061035156,51.26499938964844,51.46500015258789,104174400,AAPL
2019-08-27,48.978843688964844,51.040000915527344,52.13750076293945,50.88249969482422,51.96500015258789,103493200,AAPL
2019-08-28,49.30750274658203,51.38249969482422,51.43000030517578,50.83000183105469,51.025001525878906,63755200,AAPL
2019-08-29,50.14235305786133,52.252498626708984,52.33000183105469,51.665000915527344,52.125,83962000,AAPL
2019-08-30,50.077598571777344,52.185001373291016,52.61249923706055,51.79999923706055,52.540000915527344,84573600,AAPL
2019-09-03,49.3482780456543,51.42499923706055,51.744998931884766,51.05500030517578,51.60749816894531,80092000,AAPL
2019-09-04,50.18556594848633,52.29750061035156,52.369998931884766,51.83000183105469,52.09749984741211,76752400,AAPL
2019-09-05,51.166751861572266,53.31999969482422,53.49250030517578,52.877498626708984,53.0,95654800,AAPL
2019-09-06,51.161956787109375,53.314998626708984,53.60499954223633,53.127498626708984,53.51250076293945,77449200,AAPL
2019-09-09,51.38027572631836,53.54249954223633,54.11000061035156,52.76750183105469,53.709999084472656,109237600,AAPL
2019-09-10,51.987239837646484,54.17499923706055,54.19499969482422,52.9275016784668,53.46500015258789,127111600,AAPL
2019-09-11,53.64017105102539,55.897499084472656,55.9275016784668,54.432498931884766,54.51750183105469,177158400,AAPL
2019-09-12,53.520225524902344,55.772499084472656,56.60499954223633,55.71500015258789,56.20000076293945,128906800,AAPL
2019-09-13,52.479034423828125,54.6875,55.1974983215332,54.255001068115234,55.0,159053200,AAPL
2019-09-16,52.75491714477539,54.974998474121094,55.032501220703125,54.38999938964844,54.432498931884766,84632400,AAPL
2019-09-17,52.94685363769531,55.17499923706055,55.20500183105469,54.779998779296875,54.9900016784668,73274800,AAPL
2019-09-18,53.44344711303711,55.692501068115234,55.712501525878906,54.86000061035156,55.26499938964844,101360000,AAPL
2019-09-19,53.009220123291016,55.2400016784668,55.939998626708984,55.092498779296875,55.502498626708984,88242400,AAPL
2019-09-20,52.23432922363281,54.432498931884766,55.63999938964844,54.36750030517578,55.345001220703125,221652400,AAPL
2019-09-23,52.471832275390625,54.68000030517578,54.959999084472656,54.412498474121094,54.73749923706055,76662000,AAPL
2019-09-24,52.22234344482422,54.41999816894531,55.622501373291016,54.29750061035156,55.25749969482422,124763200,AAPL
2019-09-25,53.02601623535156,55.25749969482422,55.375,54.28499984741211,54.63750076293945,87613600,AAPL
2019-09-26,52.752525329589844,54.97249984741211,55.23500061035156,54.70750045776367,55.0,75334000,AAPL
2019-09-27,52.495826721191406,54.70500183105469,55.2400016784668,54.31999969482422,55.1349983215332,101408000,AAPL
2019-09-30,53.7313346862793,55.99250030517578,56.14500045776367,55.1974983215332,55.224998474121094,103909600,AAPL
2019-10-01,53.88007354736328,56.147499084472656,57.05500030517578,56.04999923706055,56.26750183105469,139223200,AAPL
2019-10-02,52.529422760009766,54.7400016784668,55.89500045776367,54.48249816894531,55.76499938964844,138449200,AAPL
2019-10-03,52.97563171386719,55.20500183105469,55.2400016784668,53.782501220703125,54.60749816894531,114426000,AAPL
2019-10-04,54.46063995361328,56.752498626708984,56.872501373291016,55.97249984741211,56.40999984741211,138478800,AAPL
2019-10-07,54.4726448059082,56.76499938964844,57.48249816894531,56.459999084472656,56.567501068115234,122306000,AAPL
2019-10-08,53.83448028564453,56.099998474121094,57.01499938964844,56.08250045776367,56.45500183105469,111820000,AAPL
2019-10-09,54.46543884277344,56.75749969482422,56.9474983215332,56.40999984741211,56.75749969482422,74770400,AAPL
2019-10-10,55.199546813964844,57.522499084472656,57.61000061035156,56.82500076293945,56.98249816894531,113013600,AAPL
2019-10-11,56.66776657104492,59.0525016784668,59.40999984741211,58.07749938964844,58.23749923706055,166795600,AAPL
2019-10-14,56.5861930847168,58.967498779296875,59.532501220703125,58.66749954223633,58.724998474121094,96427600,AAPL
2019-10-15,56.454246520996094,58.83000183105469,59.412498474121094,58.720001220703125,59.09749984741211,87360000,AAPL
2019-10-16,56.2263298034668,58.592498779296875,58.810001373291016,58.29999923706055,58.342498779296875,73903200,AAPL
2019-10-17,56.444644927978516,58.81999969482422,59.037498474121094,58.380001068115234,58.772499084472656,67585200,AAPL
2019-10-18,56.71573257446289,59.102500915527344,59.39500045776367,58.5724983215332,58.647499084472656,97433600,AAPL
2019-10-21,57.69934844970703,60.127498626708984,60.247501373291016,59.33000183105469,59.380001068115234,87247200,AAPL
2019-10-22,57.5673942565918,59.9900016784668,60.54999923706055,59.904998779296875,60.290000915527344,82293600,AAPL
2019-10-23,58.33988571166992,60.79499816894531,60.810001373291016,60.30500030517578,60.525001525878906,75828800,AAPL
2019-10-24,58.43585968017578,60.89500045776367,61.20000076293945,60.45249938964844,61.127498626708984,69275200,AAPL
2019-10-25,59.15556335449219,61.64500045776367,61.682498931884766,60.720001220703125,60.790000915527344,73477200,AAPL
2019-10-28,59.748130798339844,62.26250076293945,62.3125,61.68000030517578,61.85499954223633,96572800,AAPL
2019-10-29,58.36628341674805,60.8224983215332,62.4375,60.64250183105469,62.24250030517578,142839600,AAPL
2019-10-30,58.35908126831055,60.814998626708984,61.32500076293945,60.3025016784668,61.189998626708984,124522000,AAPL
2019-10-31,59.678558349609375,62.189998626708984,62.29249954223633,59.314998626708984,61.810001373291016,139162000,AAPL
2019-11-01,61.37228012084961,63.95500183105469,63.98249816894531,62.290000915527344,62.3849983215332,151125200,AAPL
2019-11-04,61.77531814575195,64.375,64.4625015258789,63.845001220703125,64.3324966430664,103272000,AAPL
2019-11-05,61.68656539916992,64.28250122070312,64.54750061035156,64.08000183105469,64.26249694824219,79897600,AAPL
2019-11-06,61.71294403076172,64.30999755859375,64.37249755859375,63.842498779296875,64.19249725341797,75864400,AAPL
2019-11-07,62.42518615722656,64.85749816894531,65.0875015258789,64.52749633789062,64.68499755859375,94940400,AAPL
2019-11-08,62.59605026245117,65.03500366210938,65.11000061035156,64.2125015258789,64.67250061035156,69986400,AAPL
2019-11-11,63.09172439575195,65.55000305175781,65.61750030517578,64.56999969482422,64.57499694824219,81821200,AAPL
2019-11-12,63.03397750854492,65.48999786376953,65.69750213623047,65.2300033569336,65.38749694824219,87388800,AAPL
2019-11-13,63.63792419433594,66.11750030517578,66.19499969482422,65.26750183105469,65.28250122070312,102734400,AAPL
2019-11-14,63.197593688964844,65.66000366210938,66.22000122070312,65.5250015258789,65.9375,89182800,AAPL
2019-11-15,63.94833755493164,66.44000244140625,66.44499969482422,65.75250244140625,65.91999816894531,100206400,AAPL
2019-11-18,64.2707748413086,66.7750015258789,66.85749816894531,66.05750274658203,66.44999694824219,86703200,AAPL
2019-11-19,64.07588958740234,66.57250213623047,67.0,66.34750366210938,66.9749984741211,76167200,AAPL
2019-11-20,63.329933166503906,65.79750061035156,66.5199966430664,65.0999984741211,66.38500213623047,106234400,AAPL
2019-11-21,63.04601287841797,65.50250244140625,66.00250244140625,65.29499816894531,65.92250061035156,121395200,AAPL
2019-11-22,62.990657806396484,65.44499969482422,65.79499816894531,65.20999908447266,65.64749908447266,65325200,AAPL
2019-11-25,64.09513092041016,66.59249877929688,66.61000061035156,65.62999725341797,65.67749786376953,84020400,AAPL
2019-11-26,63.59463882446289,66.07250213623047,66.79000091552734,65.625,66.73500061035156,105207600,AAPL
2019-11-27,64.44883728027344,66.95999908447266,66.99500274658203,66.32749938964844,66.3949966430664,65235600,AAPL
2019-11-29,64.30685424804688,66.8125,67.0,66.4749984741211,66.6500015258789,46617600,AAPL
2019-12-02,63.56334686279297,66.04000091552734,67.0625,65.86250305175781,66.81749725341797,94487200,AAPL
2019-12-03,62.429988861083984,64.86250305175781,64.88249969482422,64.07250213623047,64.57749938964844,114430400,AAPL
2019-12-04,62.981040954589844,65.43499755859375,65.82749938964844,65.16999816894531,65.26750183105469,67181600,AAPL
2019-12-05,63.90502166748047,66.3949966430664,66.47250366210938,65.68250274658203,65.94750213623047,74424400,AAPL
2019-12-06,65.13944244384766,67.67749786376953,67.75,66.82499694824219,66.87000274658203,106075600,AAPL
2019-12-09,64.22746276855469,66.7300033569336,67.69999694824219,66.22750091552734,67.5,128042400,AAPL
2019-12-10,64.60283660888672,67.12000274658203,67.51750183105469,66.46499633789062,67.1500015258789,90420400,AAPL
2019-12-11,65.15386962890625,67.69249725341797,67.7750015258789,67.125,67.20249938964844,78756800,AAPL
2019-12-12,65.31990814208984,67.86499786376953,68.13999938964844,66.83000183105469,66.94499969482422,137310400,AAPL
2019-12-13,66.20782470703125,68.7874984741211,68.82499694824219,67.73249816894531,67.86499786376953,133587600,AAPL
2019-12-16,67.34114074707031,69.96499633789062,70.19750213623047,69.24500274658203,69.25,128186000,AAPL
2019-12-17,67.4735107421875,70.10250091552734,70.44249725341797,69.69999694824219,69.89250183105469,114158400,AAPL
2019-12-18,67.31228637695312,69.93499755859375,70.4749984741211,69.77999877929688,69.94999694824219,116028400,AAPL
2019-12-19,67.37963104248047,70.00499725341797,70.29499816894531,69.73750305175781,69.875,98369200,AAPL
2019-12-20,67.24010467529297,69.86000061035156,70.6624984741211,69.63999938964844,70.55750274658203,275978000,AAPL
2019-12-23,68.33731079101562,71.0,71.0625,70.09249877929688,70.13249969482422,98572000,AAPL
2019-12-24,68.40229034423828,71.06749725341797,71.22250366210938,70.7300033569336,71.17250061035156,48478800,AAPL
2019-12-26,69.75941467285156,72.47750091552734,72.49500274658203,71.17500305175781,71.20500183105469,93121200,AAPL
2019-12-27,69.73295593261719,72.44999694824219,73.49250030517578,72.02999877929688,72.77999877929688,146266000,AAPL
2019-12-30,70.1468276977539,72.87999725341797,73.17250061035156,71.30500030517578,72.36499786376953,144114400,AAPL
2019-12-31,70.65936279296875,73.4124984741211,73.41999816894531,72.37999725341797,72.48249816894531,100805600,AAPL
2020-01-02,72.27154541015625,75.0875015258789,75.1500015258789,73.79750061035156,74.05999755859375,135480400,AAPL
2020-01-03,71.56890869140625,74.35749816894531,75.1449966430664,74.125,74.2874984741211,146322800,AAPL
2020-01-06,72.13919067382812,74.94999694824219,74.98999786376953,73.1875,73.44750213623047,118387200,AAPL
2020-01-07,71.7999267578125,74.59750366210938,75.2249984741211,74.37000274658203,74.95999908447266,108872000,AAPL
2020-01-08,72.95491790771484,75.79750061035156,76.11000061035156,74.29000091552734,74.29000091552734,132079200,AAPL
2020-01-09,74.50453186035156,77.40750122070312,77.60749816894531,76.55000305175781,76.80999755859375,170108400,AAPL
2020-01-10,74.67298889160156,77.5824966430664,78.1675033569336,77.0625,77.6500015258789,140644800,AAPL
2020-01-13,76.26831817626953,79.23999786376953,79.26750183105469,77.7874984741211,77.91000366210938,121532000,AAPL
2020-01-14,75.23841094970703,78.16999816894531,79.39250183105469,78.0425033569336,79.17500305175781,161954400,AAPL
2020-01-15,74.916015625,77.83499908447266,78.875,77.38749694824219,77.9625015258789,121923600,AAPL
2020-01-16,75.85443115234375,78.80999755859375,78.92500305175781,78.02249908447266,78.39749908447266,108829200,AAPL
2020-01-17,76.69422912597656,79.68250274658203,79.68499755859375,78.75,79.06749725341797,137816400,AAPL
2020-01-21,76.17448425292969,79.14250183105469,79.75499725341797,79.0,79.29750061035156,110843200,AAPL
2020-01-22,76.4463882446289,79.42500305175781,79.99749755859375,79.32749938964844,79.6449966430664,101832400,AAPL
2020-01-23,76.81453704833984,79.80750274658203,79.88999938964844,78.9124984741211,79.4800033569336,104472000,AAPL
2020-01-24,76.5931625366211,79.57749938964844,80.8324966430664,79.37999725341797,80.0625,146537600,AAPL
2020-01-27,74.3409194946289,77.23750305175781,77.94249725341797,76.22000122070312,77.51499938964844,161940000,AAPL
2020-01-28,76.44397735595703,79.42250061035156,79.5999984741211,78.04750061035156,78.1500015258789,162234000,AAPL
2020-01-29,78.04412841796875,81.08499908447266,81.9625015258789,80.34500122070312,81.11250305175781,216229200,AAPL
2020-01-30,77.9310073852539,80.96749877929688,81.02249908447266,79.6875,80.13500213623047,126743200,AAPL
2020-01-31,74.47564697265625,77.37750244140625,80.66999816894531,77.07250213623047,80.23249816894531,199588400,AAPL
2020-02-03,74.27113342285156,77.16500091552734,78.37249755859375,75.55500030517578,76.07499694824219,173788400,AAPL
2020-02-04,76.72308349609375,79.7125015258789,79.91000366210938,78.40750122070312,78.82749938964844,136616400,AAPL
2020-02-05,77.34870910644531,80.36250305175781,81.19000244140625,79.73750305175781,80.87999725341797,118826800,AAPL
2020-02-06,78.25344848632812,81.30249786376953,81.30500030517578,80.06500244140625,80.64250183105469,105425600,AAPL
2020-02-07,77.18980407714844,80.00749969482422,80.8499984741211,79.5,80.59249877929688,117684000,AAPL
2020-02-10,77.5564193725586,80.38749694824219,80.38749694824219,78.4625015258789,78.54499816894531,109348800,AAPL
2020-02-11,77.08848571777344,79.90249633789062,80.9749984741211,79.67749786376953,80.9000015258789,94323200,AAPL
2020-02-12,78.9191665649414,81.80000305175781,81.80500030517578,80.36750030517578,80.36750030517578,113730400,AAPL
2020-02-13,78.357177734375,81.21749877929688,81.55500030517578,80.8375015258789,81.04750061035156,94747600,AAPL
2020-02-14,78.37647247314453,81.23750305175781,81.49500274658203,80.7125015258789,81.18499755859375,80113600,AAPL
2020-02-18,76.94135284423828,79.75,79.9375,78.65249633789062,78.83999633789062,152531200,AAPL
2020-02-19,78.0556869506836,80.90499877929688,81.14250183105469,80.0,80.0,93984000,AAPL
2020-02-20,77.25489807128906,80.07499694824219,81.1624984741211,79.55249786376953,80.65750122070312,100566000,AAPL
2020-02-21,75.50625610351562,78.26249694824219,80.11250305175781,77.625,79.65499877929688,129554000,AAPL
2020-02-24,71.91966247558594,74.54499816894531,76.04499816894531,72.30750274658203,74.31500244140625,222195200,AAPL
2020-02-25,69.48359680175781,72.0199966430664,75.63249969482422,71.53250122070312,75.23750305175781,230673600,AAPL
2020-02-26,70.58584594726562,73.1624984741211,74.47000122070312,71.625,71.63249969482422,198054800,AAPL
2020-02-27,65.9717788696289,68.37999725341797,71.5,68.23999786376953,70.2750015258789,320605600,AAPL
2020-02-28,65.9332046508789,68.33999633789062,69.60250091552734,64.09249877929688,64.31500244140625,426510000,AAPL
2020-03-02,72.0716323852539,74.70249938964844,75.36000061035156,69.43000030517578,70.56999969482422,341397200,AAPL
2020-03-03,69.7826919555664,72.33000183105469,76.0,71.44999694824219,75.9175033569336,319475600,AAPL
2020-03-04,73.01949310302734,75.68499755859375,75.8499984741211,73.28250122070312,74.11000061035156,219178400,AAPL
2020-03-05,70.6509780883789,73.2300033569336,74.88749694824219,72.85250091552734,73.87999725341797,187572800,AAPL
2020-03-06,69.71273040771484,72.25749969482422,72.70500183105469,70.30750274658203,70.5,226176800,AAPL
2020-03-09,64.19900512695312,66.5425033569336,69.52249908447266,65.75,65.9375,286744800,AAPL
2020-03-10,68.82271575927734,71.33499908447266,71.61000061035156,67.34249877929688,69.28500366210938,285290000,AAPL
2020-03-11,66.43245697021484,68.85749816894531,70.30500030517578,67.96499633789062,69.34750366210938,255598800,AAPL
2020-03-12,59.8719596862793,62.057498931884766,67.5,62.0,63.98500061035156,418474000,AAPL
2020-03-13,67.04510498046875,69.49250030517578,69.9800033569336,63.23749923706055,66.22250366210938,370732000,AAPL
2020-03-16,58.41997146606445,60.5525016784668,64.7699966430664,60.0,60.48749923706055,322423600,AAPL
2020-03-17,60.98869323730469,63.21500015258789,64.40249633789062,59.599998474121094,61.877498626708984,324056000,AAPL
2020-03-18,59.49569320678711,61.66749954223633,62.5,59.279998779296875,59.942501068115234,300233600,AAPL
2020-03-19,59.03982925415039,61.19499969482422,63.209999084472656,60.65250015258789,61.84749984741211,271857200,AAPL
2020-03-20,55.291648864746094,57.310001373291016,62.95750045776367,57.0,61.79499816894531,401693200,AAPL
2020-03-23,54.11703109741211,56.092498779296875,57.125,53.15250015258789,57.02000045776367,336752800,AAPL
2020-03-24,59.54634475708008,61.720001220703125,61.92250061035156,58.57500076293945,59.09000015258789,287531200,AAPL
2020-03-25,59.21831512451172,61.380001068115234,64.5625,61.07500076293945,62.6875,303602000,AAPL
2020-03-26,62.334556579589844,64.61000061035156,64.66999816894531,61.59000015258789,61.630001068115234,252087200,AAPL
2020-03-27,59.753780364990234,61.935001373291016,63.967498779296875,61.76250076293945,63.1875,204216800,AAPL
2020-03-30,61.45901870727539,63.70249938964844,63.880001068115234,62.349998474121094,62.685001373291016,167976400,AAPL
2020-03-31,61.3336067199707,63.5724983215332,65.62249755859375,63.0,63.900001525878906,197002000,AAPL
2020-04-01,58.10639572143555,60.227500915527344,62.18000030517578,59.782501220703125,61.625,176218400,AAPL
2020-04-02,59.07601547241211,61.23249816894531,61.287498474121094,59.224998474121094,60.084999084472656,165934000,AAPL
2020-04-03,58.22700881958008,60.352500915527344,61.42499923706055,59.74250030517578,60.70000076293945,129880000,AAPL
2020-04-06,63.306575775146484,65.61750030517578,65.77749633789062,62.345001220703125,62.724998474121094,201820400,AAPL
2020-04-07,62.573341369628906,64.85749816894531,67.92500305175781,64.75,67.69999694824219,202887200,AAPL
2020-04-08,64.17489624023438,66.51750183105469,66.84249877929688,65.30750274658203,65.68499755859375,168895200,AAPL
2020-04-09,64.63796997070312,66.99749755859375,67.51750183105469,66.17500305175781,67.17500305175781,161834800,AAPL
2020-04-13,65.90667724609375,68.3125,68.42500305175781,66.4574966430664,67.07749938964844,131022800,AAPL
2020-04-14,69.23514556884766,71.76249694824219,72.0625,69.51249694824219,70.0,194994800,AAPL
2020-04-15,68.60322570800781,71.10749816894531,71.5824966430664,70.15750122070312,70.5999984741211,131154400,AAPL
2020-04-16,69.1483383178711,71.67250061035156,72.05000305175781,70.5875015258789,71.84500122070312,157125200,AAPL
2020-04-17,68.21006774902344,70.69999694824219,71.73750305175781,69.21499633789062,71.17250061035156,215250000,AAPL
2020-04-20,66.79426574707031,69.23249816894531,70.41999816894531,69.2125015258789,69.48750305175781,130015200,AAPL
2020-04-21,64.72962951660156,67.09249877929688,69.3125,66.35749816894531,69.06999969482422,180991600,AAPL
2020-04-22,66.59407043457031,69.0250015258789,69.4749984741211,68.05000305175781,68.40249633789062,116862400,AAPL
2020-04-23,66.33599090576172,68.75749969482422,70.4375,68.71749877929688,68.96749877929688,124814400,AAPL
2020-04-24,68.25109100341797,70.74250030517578,70.75250244140625,69.25,69.30000305175781,126161200,AAPL
2020-04-27,68.29931640625,70.7925033569336,71.13500213623047,69.98750305175781,70.44999694824219,117087600,AAPL
2020-04-28,67.19223022460938,69.6449966430664,71.4574966430664,69.55000305175781,71.2699966430664,112004800,AAPL
2020-04-29,69.39918518066406,71.93250274658203,72.4175033569336,70.97250366210938,71.18250274658203,137280800,AAPL
2020-04-30,70.86323547363281,73.44999694824219,73.63249969482422,72.0875015258789,72.48999786376953,183064000,AAPL
2020-05-01,69.72237396240234,72.26750183105469,74.75,71.4625015258789,71.5625,240616800,AAPL
2020-05-04,70.70885467529297,73.29000091552734,73.42250061035156,71.58000183105469,72.2925033569336,133568000,AAPL
2020-05-05,71.7701187133789,74.38999938964844,75.25,73.61499786376953,73.76499938964844,147751200,AAPL
2020-05-06,72.51060485839844,75.15750122070312,75.80999755859375,74.71749877929688,75.11499786376953,142333600,AAPL
2020-05-07,73.26069641113281,75.93499755859375,76.2925033569336,75.49250030517578,75.80500030517578,115215200,AAPL
2020-05-08,75.00442504882812,77.53250122070312,77.5875015258789,76.07250213623047,76.41000366210938,133838400,AAPL
2020-05-11,76.1846694946289,78.75250244140625,79.26249694824219,76.80999755859375,77.0250015258789,145946400,AAPL
2020-05-12,75.31400299072266,77.85250091552734,79.92250061035156,77.72750091552734,79.4574966430664,162301200,AAPL
2020-05-13,74.4046630859375,76.9124984741211,78.98750305175781,75.80249786376953,78.0374984741211,200622400,AAPL
2020-05-14,74.86176300048828,77.38500213623047,77.44750213623047,75.38249969482422,76.12750244140625,158929200,AAPL
2020-05-15,74.4191665649414,76.92749786376953,76.9749984741211,75.05249786376953,75.0875015258789,166348400,AAPL
2020-05-18,76.17256164550781,78.73999786376953,79.125,77.58000183105469,78.2925033569336,135178400,AAPL
2020-05-19,75.73240661621094,78.28500366210938,79.62999725341797,78.25250244140625,78.75749969482422,101729600,AAPL
2020-05-20,77.20526885986328,79.80750274658203,79.87999725341797,79.12999725341797,79.16999816894531,111504800,AAPL
2020-05-21,76.62966918945312,79.2125015258789,80.22250366210938,78.96749877929688,79.66500091552734,102688800,AAPL
2020-05-22,77.123046875,79.72250366210938,79.80750274658203,78.8375015258789,78.94249725341797,81803200,AAPL
2020-05-26,76.60064697265625,79.18250274658203,81.05999755859375,79.125,80.875,125522000,AAPL
2020-05-27,76.93440246582031,79.52749633789062,79.67749786376953,78.27249908447266,79.03500366210938,112945200,AAPL
2020-05-28,76.96825408935547,79.5625,80.86000061035156,78.90750122070312,79.19249725341797,133560800,AAPL
2020-05-29,76.89328002929688,79.48500061035156,80.2874984741211,79.11750030517578,79.8125,153532400,AAPL
2020-06-01,77.83891296386719,80.4625015258789,80.5875015258789,79.30249786376953,79.4375,80791200,AAPL
2020-06-02,78.19926452636719,80.83499908447266,80.86000061035156,79.73249816894531,80.1875,87642800,AAPL
2020-06-03,78.62974548339844,81.27999877929688,81.55000305175781,80.57499694824219,81.16500091552734,104491200,AAPL
2020-06-04,77.95259094238281,80.58000183105469,81.40499877929688,80.19499969482422,81.09750366210938,87560400,AAPL
2020-06-05,80.17274475097656,82.875,82.9375,80.80750274658203,80.8375015258789,137250400,AAPL
2020-06-08,80.64677429199219,83.36499786376953,83.4000015258789,81.83000183105469,82.5625,95654400,AAPL
2020-06-09,83.19343566894531,85.99749755859375,86.40249633789062,83.00250244140625,83.03500366210938,147712400,AAPL
2020-06-10,85.33377838134766,88.20999908447266,88.69249725341797,86.52249908447266,86.9749984741211,166651600,AAPL
2020-06-11,81.23689270019531,83.9749984741211,87.76499938964844,83.87000274658203,87.32749938964844,201662400,AAPL
2020-06-12,81.93824768066406,84.69999694824219,86.94999694824219,83.55500030517578,86.18000030517578,200146000,AAPL
2020-06-15,82.95158386230469,85.74749755859375,86.41999816894531,83.1449966430664,83.3125,138808800,AAPL
2020-06-16,85.14998626708984,88.0199966430664,88.30000305175781,86.18000030517578,87.86499786376953,165428800,AAPL
2020-06-17,85.03147888183594,87.89749908447266,88.8499984741211,87.77249908447266,88.7874984741211,114406400,AAPL
2020-06-18,85.06535339355469,87.93250274658203,88.36250305175781,87.30500030517578,87.85250091552734,96820400,AAPL
2020-06-19,84.57921600341797,87.43000030517578,89.13999938964844,86.2874984741211,88.66000366210938,264476000,AAPL
2020-06-22,86.79214477539062,89.71749877929688,89.86499786376953,87.7874984741211,87.83499908447266,135445200,AAPL
2020-06-23,88.64469146728516,91.63249969482422,93.09500122070312,90.56749725341797,91.0,212155600,AAPL
2020-06-24,87.07992553710938,90.01499938964844,92.19750213623047,89.62999725341797,91.25,192623200,AAPL
2020-06-25,88.2359619140625,91.20999908447266,91.25,89.39250183105469,90.17500305175781,137522400,AAPL
2020-06-26,85.52484893798828,88.40750122070312,91.33000183105469,88.25499725341797,91.10250091552734,205256800,AAPL
2020-06-29,87.49591064453125,90.44499969482422,90.5425033569336,87.81999969482422,88.3125,130646000,AAPL
2020-06-30,88.22630310058594,91.19999694824219,91.49500274658203,90.0,90.0199966430664,140223200,AAPL
2020-07-01,88.05941772460938,91.02749633789062,91.83999633789062,90.97750091552734,91.27999877929688,110737200,AAPL
2020-07-02,88.05941772460938,91.02749633789062,92.61750030517578,90.91000366210938,91.9625015258789,114041600,AAPL
2020-07-06,90.4150161743164,93.4625015258789,93.94499969482422,92.46749877929688,92.5,118655600,AAPL
2020-07-07,90.13448333740234,93.17250061035156,94.65499877929688,93.05750274658203,93.85250091552734,112424400,AAPL
2020-07-08,92.23372650146484,95.34249877929688,95.375,94.08999633789062,94.18000030517578,117092000,AAPL
2020-07-09,92.63035583496094,95.75250244140625,96.31749725341797,94.67250061035156,96.26249694824219,125642800,AAPL
2020-07-10,92.7923812866211,95.91999816894531,95.9800033569336,94.70500183105469,95.33499908447266,90257200,AAPL
2020-07-13,92.36432647705078,95.47750091552734,99.95500183105469,95.25749969482422,97.26499938964844,191649200,AAPL
2020-07-14,93.89279174804688,97.05750274658203,97.25499725341797,93.87750244140625,94.83999633789062,170989200,AAPL
2020-07-15,94.53852081298828,97.7249984741211,99.24749755859375,96.48999786376953,98.98999786376953,153198000,AAPL
2020-07-16,93.37525939941406,96.52249908447266,97.40499877929688,95.90499877929688,96.5625,110577600,AAPL
2020-07-17,93.18660736083984,96.32749938964844,97.14749908447266,95.83999633789062,96.98750305175781,92186800,AAPL
2020-07-20,95.15042114257812,98.35749816894531,98.5,96.0625,96.4175033569336,90318000,AAPL
2020-07-21,93.83718872070312,97.0,99.25,96.74250030517578,99.17250061035156,103433200,AAPL
2020-07-22,94.10077667236328,97.27249908447266,97.9749984741211,96.60250091552734,96.69249725341797,89001600,AAPL
2020-07-23,89.81764221191406,92.84500122070312,97.07749938964844,92.01000213623047,96.99749755859375,197004400,AAPL
2020-07-24,89.59516906738281,92.61499786376953,92.97000122070312,89.1449966430664,90.98750305175781,185438800,AAPL
2020-07-27,91.7186050415039,94.80999755859375,94.90499877929688,93.4800033569336,93.70999908447266,121214000,AAPL
2020-07-28,90.2118911743164,93.25250244140625,94.55000305175781,93.24749755859375,94.36750030517578,103625600,AAPL
2020-07-29,91.94107818603516,95.04000091552734,95.2300033569336,93.7125015258789,93.75,90329200,AAPL
2020-07-30,93.05360412597656,96.19000244140625,96.29750061035156,93.76750183105469,94.1875,158130000,AAPL
2020-07-31,102.79524993896484,106.26000213623047,106.41500091552734,100.82499694824219,102.88500213623047,374336800,AAPL
2020-08-03,105.38544464111328,108.9375,111.63749694824219,107.89250183105469,108.19999694824219,308151200,AAPL
2020-08-04,106.08919525146484,109.66500091552734,110.79000091552734,108.38749694824219,109.13249969482422,173071600,AAPL
2020-08-05,106.4737548828125,110.0625,110.39250183105469,108.89749908447266,109.37750244140625,121776800,AAPL
2020-08-06,110.18854522705078,113.90249633789062,114.4124984741211,109.79750061035156,110.40499877929688,202428800,AAPL
2020-08-07,107.68333435058594,111.11250305175781,113.67500305175781,110.2925033569336,113.20500183105469,198045600,AAPL
2020-08-10,109.24847412109375,112.72750091552734,113.7750015258789,110.0,112.5999984741211,212403600,AAPL
2020-08-11,105.99942779541016,109.375,112.48249816894531,109.10749816894531,111.97000122070312,187902400,AAPL
2020-08-12,109.52226257324219,113.01000213623047,113.2750015258789,110.29750061035156,110.49749755859375,165598000,AAPL
2020-08-13,111.46054077148438,115.01000213623047,116.0425033569336,113.92749786376953,114.43000030517578,210082000,AAPL
2020-08-14,111.36121368408203,114.90750122070312,115.0,113.04499816894531,114.83000183105469,165565200,AAPL
2020-08-17,111.07044982910156,114.60749816894531,116.0875015258789,113.9625015258789,116.0625,119561600,AAPL
2020-08-18,111.99597930908203,115.5625,116.0,114.00749969482422,114.35250091552734,105633600,AAPL
2020-08-19,112.13650512695312,115.7074966430664,117.1624984741211,115.61000061035156,115.98249816894531,145538000,AAPL
2020-08-20,114.62478637695312,118.2750015258789,118.39250183105469,115.73249816894531,115.75,126907200,AAPL
2020-08-21,120.53170013427734,124.37000274658203,124.86750030517578,119.25,119.26249694824219,338054800,AAPL
2020-08-24,121.97325897216797,125.85749816894531,128.78500366210938,123.9375,128.69749450683594,345937600,AAPL
2020-08-25,120.97262573242188,124.82499694824219,125.18000030517578,123.05249786376953,124.69750213623047,211495600,AAPL
2020-08-26,122.61774444580078,126.52249908447266,126.99250030517578,125.0824966430664,126.18000030517578,163022400,AAPL
2020-08-27,121.15191650390625,125.01000213623047,127.48500061035156,123.8324966430664,127.14250183105469,155552400,AAPL
2020-08-28,120.95567321777344,124.80750274658203,126.44249725341797,124.57749938964844,126.01249694824219,187630000,AAPL
2020-08-31,125.05753326416016,129.0399932861328,131.0,126.0,127.58000183105469,225702700,AAPL
2020-09-01,130.0388946533203,134.17999267578125,134.8000030517578,130.52999877929688,132.75999450683594,151948100,AAPL
2020-09-02,127.34469604492188,131.39999389648438,137.97999572753906,127.0,137.58999633789062,200119000,AAPL
2020-09-03,117.14938354492188,120.87999725341797,128.83999633789062,120.5,126.91000366210938,257599600,AAPL
2020-09-04,117.22691345214844,120.95999908447266,123.69999694824219,110.88999938964844,120.06999969482422,332607200,AAPL
2020-09-08,109.33812713623047,112.81999969482422,118.98999786376953,112.68000030517578,113.94999694824219,231366600,AAPL
2020-09-09,113.69926452636719,117.31999969482422,119.13999938964844,115.26000213623047,117.26000213623047,176940500,AAPL
2020-09-10,109.9874496459961,113.48999786376953,120.5,112.5,120.36000061035156,182274400,AAPL
2020-09-11,108.5434341430664,112.0,115.2300033569336,110.0,114.56999969482422,180860300,AAPL
2020-09-14,111.79973602294922,115.36000061035156,115.93000030517578,112.80000305175781,114.72000122070312,140150100,AAPL
2020-09-15,111.97417449951172,115.54000091552734,118.83000183105469,113.61000061035156,118.33000183105469,184642000,AAPL
2020-09-16,108.66940307617188,112.12999725341797,116.0,112.04000091552734,115.2300033569336,154679000,AAPL
2020-09-17,106.9346694946289,110.33999633789062,112.19999694824219,108.70999908447266,109.72000122070312,178011000,AAPL
2020-09-18,103.54267883300781,106.83999633789062,110.87999725341797,106.08999633789062,110.4000015258789,287104900,AAPL
2020-09-21,106.68270111083984,110.08000183105469,110.19000244140625,103.0999984741211,104.54000091552734,195713800,AAPL
2020-09-22,108.35929107666016,111.80999755859375,112.86000061035156,109.16000366210938,112.68000030517578,183055400,AAPL
2020-09-23,103.81404876708984,107.12000274658203,112.11000061035156,106.7699966430664,111.62000274658203,150718700,AAPL
2020-09-24,104.88009643554688,108.22000122070312,110.25,105.0,105.16999816894531,167743300,AAPL
2020-09-25,108.81481170654297,112.27999877929688,112.44000244140625,107.66999816894531,108.43000030517578,149981400,AAPL
2020-09-28,111.4120864868164,114.95999908447266,115.31999969482422,112.77999877929688,115.01000213623047,137672400,AAPL
2020-09-29,110.56892395019531,114.08999633789062,115.30999755859375,113.56999969482422,114.55000305175781,99382200,AAPL
2020-09-30,112.23584747314453,115.80999755859375,117.26000213623047,113.62000274658203,113.79000091552734,142675200,AAPL
2020-10-01,113.18563079833984,116.79000091552734,117.72000122070312,115.83000183105469,117.63999938964844,116120400,AAPL
2020-10-02,109.5319595336914,113.0199966430664,115.37000274658203,112.22000122070312,112.88999938964844,144712000,AAPL
2020-10-05,112.9045639038086,116.5,116.6500015258789,113.55000305175781,113.91000366210938,106243800,AAPL
2020-10-06,109.66763305664062,113.16000366210938,116.12000274658203,112.25,115.69999694824219,161498200,AAPL
2020-10-07,111.52838134765625,115.08000183105469,115.55000305175781,114.12999725341797,114.62000274658203,96849000,AAPL
2020-10-08,111.4217758178711,114.97000122070312,116.4000015258789,114.58999633789062,116.25,83477200,AAPL
2020-10-09,113.36003112792969,116.97000122070312,117.0,114.91999816894531,115.27999877929688,100506900,AAPL
2020-10-12,120.56072998046875,124.4000015258789,125.18000030517578,119.27999877929688,120.05999755859375,240226800,AAPL
2020-10-13,117.36259460449219,121.0999984741211,125.38999938964844,119.6500015258789,125.2699966430664,262330500,AAPL
2020-10-14,117.44981384277344,121.19000244140625,123.02999877929688,119.62000274658203,121.0,150712000,AAPL
2020-10-15,116.98460388183594,120.70999908447266,121.19999694824219,118.1500015258789,118.72000122070312,112559200,AAPL
2020-10-16,115.34679412841797,119.0199966430664,121.55000305175781,118.80999755859375,121.27999877929688,115393800,AAPL
2020-10-19,112.4006118774414,115.9800033569336,120.41999816894531,115.66000366210938,119.95999908447266,120639300,AAPL
2020-10-20,113.88336944580078,117.51000213623047,118.9800033569336,115.62999725341797,116.19999694824219,124423700,AAPL
2020-10-21,113.26313018798828,116.87000274658203,118.70999908447266,116.44999694824219,116.66999816894531,89946000,AAPL
2020-10-22,112.17771911621094,115.75,118.04000091552734,114.58999633789062,117.44999694824219,101988000,AAPL
2020-10-23,111.48961639404297,115.04000091552734,116.55000305175781,114.27999877929688,116.38999938964844,82572600,AAPL
2020-10-26,111.49930572509766,115.05000305175781,116.55000305175781,112.87999725341797,114.01000213623047,111850700,AAPL
2020-10-27,113.00148010253906,116.5999984741211,117.27999877929688,114.54000091552734,115.48999786376953,92276800,AAPL
2020-10-28,107.76811218261719,111.19999694824219,115.43000030517578,111.0999984741211,115.05000305175781,143937800,AAPL
2020-10-29,111.76099395751953,115.31999969482422,116.93000030517578,112.19999694824219,112.37000274658203,146129200,AAPL
2020-10-30,105.50033569335938,108.86000061035156,111.98999786376953,107.72000122070312,111.05999755859375,190272600,AAPL
2020-11-02,105.41311645507812,108.7699966430664,110.68000030517578,107.31999969482422,109.11000061035156,122866900,AAPL
2020-11-03,107.03158569335938,110.44000244140625,111.48999786376953,108.7300033569336,109.66000366210938,107624400,AAPL
2020-11-04,111.40239715576172,114.94999694824219,115.58999633789062,112.3499984741211,114.13999938964844,138235500,AAPL
2020-11-05,115.35647583007812,119.02999877929688,119.62000274658203,116.87000274658203,117.94999694824219,126387100,AAPL
2020-11-06,115.22541809082031,118.69000244140625,119.19999694824219,116.12999725341797,118.31999969482422,114457900,AAPL
2020-11-09,112.9245834350586,116.31999969482422,121.98999786376953,116.05000305175781,120.5,154515300,AAPL
2020-11-10,112.58480072021484,115.97000122070312,117.58999633789062,114.12999725341797,115.55000305175781,138023400,AAPL
2020-11-11,116.0020523071289,119.48999786376953,119.62999725341797,116.44000244140625,117.19000244140625,112295000,AAPL
2020-11-12,115.73023223876953,119.20999908447266,120.52999877929688,118.56999969482422,119.62000274658203,103162300,AAPL
2020-11-13,115.77875518798828,119.26000213623047,119.66999816894531,117.87000274658203,119.44000244140625,81581900,AAPL
2020-11-16,116.78842163085938,120.30000305175781,120.98999786376953,118.1500015258789,118.91999816894531,91183000,AAPL
2020-11-17,115.90498352050781,119.38999938964844,120.66999816894531,118.95999908447266,119.55000305175781,74271000,AAPL
2020-11-18,114.58467864990234,118.02999877929688,119.81999969482422,118.0,118.61000061035156,76322100,AAPL
2020-11-19,115.17686462402344,118.63999938964844,119.05999755859375,116.80999755859375,117.58999633789062,74113000,AAPL
2020-11-20,113.9148178100586,117.33999633789062,118.7699966430664,117.29000091552734,118.63999938964844,73604300,AAPL
2020-11-23,110.52669525146484,113.8499984741211,117.62000274658203,113.75,117.18000030517578,127959300,AAPL
2020-11-24,111.80815887451172,115.16999816894531,115.8499984741211,112.58999633789062,113.91000366210938,113874200,AAPL
2020-11-25,112.64307403564453,116.02999877929688,116.75,115.16999816894531,115.55000305175781,76499200,AAPL
2020-11-27,113.18672180175781,116.58999633789062,117.48999786376953,116.22000122070312,116.56999969482422,46691300,AAPL
2020-11-30,115.57491302490234,119.05000305175781,120.97000122070312,116.80999755859375,116.97000122070312,169410200,AAPL
2020-12-01,119.1377944946289,122.72000122070312,123.47000122070312,120.01000213623047,121.01000213623047,127728200,AAPL
2020-12-02,119.48728942871094,123.08000183105469,123.37000274658203,120.88999938964844,122.0199966430664,89004200,AAPL
2020-12-03,119.35135650634766,122.94000244140625,123.77999877929688,122.20999908447266,123.5199966430664,78967600,AAPL
2020-12-04,118.68151092529297,122.25,122.86000061035156,121.5199966430664,122.5999984741211,78260400,AAPL
2020-12-07,120.13770294189453,123.75,124.56999969482422,122.25,122.30999755859375,86712000,AAPL
2020-12-08,120.74933624267578,124.37999725341797,124.9800033569336,123.08999633789062,124.37000274658203,82225500,AAPL
2020-12-09,118.22520446777344,121.77999877929688,125.94999694824219,121.0,124.52999877929688,115089200,AAPL
2020-12-10,119.64259338378906,123.23999786376953,123.87000274658203,120.1500015258789,120.5,81312200,AAPL
2020-12-11,118.83683776855469,122.41000366210938,122.76000213623047,120.55000305175781,122.43000030517578,86939800,AAPL
2020-12-14,118.22520446777344,121.77999877929688,123.3499984741211,121.54000091552734,122.5999984741211,79184500,AAPL
2020-12-15,124.14715576171875,127.87999725341797,127.9000015258789,124.12999725341797,124.33999633789062,157243700,AAPL
2020-12-16,124.07919311523438,127.80999755859375,128.3699951171875,126.55999755859375,127.41000366210938,98208600,AAPL
2020-12-17,124.94319915771484,128.6999969482422,129.5800018310547,128.0399932861328,128.89999389648438,94359800,AAPL
2020-12-18,122.96276092529297,126.66000366210938,129.10000610351562,126.12000274658203,128.9600067138672,192541500,AAPL
2020-12-21,124.4869155883789,128.22999572753906,128.30999755859375,123.44999694824219,125.0199966430664,121251600,AAPL
2020-12-22,128.0304412841797,131.8800048828125,134.41000366210938,129.64999389648438,131.61000061035156,168904800,AAPL
2020-12-23,127.13724517822266,130.9600067138672,132.42999267578125,130.77999877929688,132.16000366210938,88223700,AAPL
2020-12-24,128.11778259277344,131.97000122070312,133.4600067138672,131.10000610351562,131.32000732421875,54930100,AAPL
2020-12-28,132.6999969482422,136.69000244140625,137.33999633789062,133.50999450683594,133.99000549316406,124486200,AAPL
2020-12-29,130.93312072753906,134.8699951171875,138.7899932861328,134.33999633789062,138.0500030517578,121047300,AAPL
2020-12-30,129.81671142578125,133.72000122070312,135.99000549316406,133.39999389648438,135.5800018310547,96452100,AAPL
2020-12-31,128.8167266845703,132.69000244140625,134.74000549316406,131.72000122070312,134.0800018310547,99116600,AAPL
2021-01-04,125.63250732421875,129.41000366210938,133.61000061035156,126.76000213623047,133.52000427246094,143301900,AAPL
2021-01-05,127.18580627441406,131.00999450683594,131.74000549316406,128.42999267578125,128.88999938964844,97664900,AAPL
2021-01-06,122.9045181274414,126.5999984741211,131.0500030517578,126.37999725341797,127.72000122070312,155088000,AAPL
2021-01-07,127.09842681884766,130.9199981689453,131.6300048828125,127.86000061035156,128.36000061035156,109578200,AAPL
2021-01-08,128.19541931152344,132.0500030517578,132.6300048828125,130.22999572753906,132.42999267578125,105158200,AAPL
2021-01-11,125.21505737304688,128.97999572753906,130.1699981689453,128.5,129.19000244140625,100384500,AAPL
2021-01-12,125.04029846191406,128.8000030517578,129.69000244140625,126.86000061035156,128.5,91951100,AAPL
2021-01-13,127.06929016113281,130.88999938964844,131.4499969482422,128.49000549316406,128.75999450683594,88636800,AAPL
2021-01-14,125.1471176147461,128.91000366210938,131.0,128.75999450683594,130.8000030517578,90221800,AAPL
2021-01-15,123.42875671386719,127.13999938964844,130.22000122070312,127.0,128.77999877929688,111598500,AAPL
2021-01-19,124.09864044189453,127.83000183105469,128.7100067138672,126.94000244140625,127.77999877929688,90757300,AAPL
2021-01-20,128.17601013183594,132.02999877929688,132.49000549316406,128.5500030517578,128.66000366210938,104319500,AAPL
2021-01-21,132.8747100830078,136.8699951171875,139.6699981689453,133.58999633789062,133.8000030517578,120150900,AAPL
2021-01-22,135.01051330566406,139.07000732421875,139.85000610351562,135.02000427246094,136.27999877929688,114459400,AAPL
2021-01-25,138.7481689453125,142.9199981689453,145.08999633789062,136.5399932861328,143.07000732421875,157611700,AAPL
2021-01-26,138.98114013671875,143.16000366210938,144.3000030517578,141.3699951171875,143.60000610351562,98390600,AAPL
2021-01-27,137.9132080078125,142.05999755859375,144.3000030517578,140.41000366210938,143.42999267578125,140843800,AAPL
2021-01-28,133.0883331298828,137.08999633789062,141.99000549316406,136.6999969482422,139.52000427246094,142621100,AAPL
2021-01-29,128.10806274414062,131.9600067138672,136.74000549316406,130.2100067138672,135.8300018310547,177523800,AAPL
2021-02-01,130.22442626953125,134.13999938964844,135.3800048828125,130.92999267578125,133.75,106239800,AAPL
2021-02-02,131.0496368408203,134.99000549316406,136.30999755859375,134.61000061035156,135.72999572753906,83305400,AAPL
2021-02-03,130.0302734375,133.94000244140625,135.77000427246094,133.61000061035156,135.75999450683594,89880900,AAPL
2021-02-04,133.3795623779297,137.38999938964844,137.39999389648438,134.58999633789062,136.3000030517578,84183100,AAPL
2021-02-05,132.96632385253906,136.75999450683594,137.4199981689453,135.86000061035156,137.35000610351562,75693800,AAPL
2021-02-08,133.11221313476562,136.91000366210938,136.9600067138672,134.9199981689453,136.02999877929688,71297200,AAPL
2021-02-09,132.2371826171875,136.00999450683594,137.8800048828125,135.85000610351562,136.6199951171875,76774200,AAPL
2021-02-10,131.63433837890625,135.38999938964844,136.99000549316406,134.39999389648438,136.47999572753906,73046600,AAPL
2021-02-11,131.381591796875,135.1300048828125,136.38999938964844,133.77000427246094,135.89999389648438,64280000,AAPL
2021-02-12,131.61488342285156,135.3699951171875,135.52999877929688,133.69000244140625,134.35000610351562,60145100,AAPL
2021-02-16,129.49537658691406,133.19000244140625,136.00999450683594,132.7899932861328,135.49000549316406,80576300,AAPL
2021-02-17,127.21056365966797,130.83999633789062,132.22000122070312,129.47000122070312,131.25,97918500,AAPL
2021-02-18,126.11190795898438,129.7100067138672,130.0,127.41000366210938,129.1999969482422,96856700,AAPL
2021-02-19,126.2674789428711,129.8699951171875,130.7100067138672,128.8000030517578,130.24000549316406,87668800,AAPL
2021-02-22,122.50481414794922,126.0,129.72000122070312,125.5999984741211,128.00999450683594,103916400,AAPL
2021-02-23,122.36871337890625,125.86000061035156,126.70999908447266,118.38999938964844,123.76000213623047,158273000,AAPL
2021-02-24,121.87286376953125,125.3499984741211,125.55999755859375,122.2300033569336,124.94000244140625,111039900,AAPL
2021-02-25,117.6337890625,120.98999786376953,126.45999908447266,120.54000091552734,124.68000030517578,148199500,AAPL
2021-02-26,117.89630126953125,121.26000213623047,124.8499984741211,121.19999694824219,122.58999633789062,164560400,AAPL
2021-03-01,124.24517822265625,127.79000091552734,127.93000030517578,122.79000091552734,123.75,116307900,AAPL
2021-03-02,121.64923858642578,125.12000274658203,128.72000122070312,125.01000213623047,128.41000366210938,102260900,AAPL
2021-03-03,118.67411041259766,122.05999755859375,125.70999908447266,121.83999633789062,124.80999755859375,112966300,AAPL
2021-03-04,116.79764556884766,120.12999725341797,123.5999984741211,118.62000274658203,121.75,178155000,AAPL
2021-03-05,118.05188751220703,121.41999816894531,121.94000244140625,117.56999969482422,120.9800033569336,153766600,AAPL
2021-03-08,113.1322250366211,116.36000061035156,121.0,116.20999908447266,120.93000030517578,154376600,AAPL
2021-03-09,117.73101806640625,121.08999633789062,122.05999755859375,118.79000091552734,119.02999877929688,129525800,AAPL
2021-03-10,116.6518325805664,119.9800033569336,122.16999816894531,119.44999694824219,121.69000244140625,111943300,AAPL
2021-03-11,118.57688903808594,121.95999908447266,123.20999908447266,121.26000213623047,122.54000091552734,103026500,AAPL
2021-03-12,117.67269134521484,121.02999877929688,121.16999816894531,119.16000366210938,120.4000015258789,88105100,AAPL
2021-03-15,120.55058288574219,123.98999786376953,124.0,120.41999816894531,121.41000366210938,92403800,AAPL
2021-03-16,122.08675384521484,125.56999969482422,127.22000122070312,124.72000122070312,125.69999694824219,115227900,AAPL
2021-03-17,121.29924011230469,124.76000213623047,125.86000061035156,122.33999633789062,124.05000305175781,111932600,AAPL
2021-03-18,117.18657684326172,120.52999877929688,123.18000030517578,120.31999969482422,122.87999725341797,121229700,AAPL
2021-03-19,116.66154479980469,119.98999786376953,121.43000030517578,119.68000030517578,119.9000015258789,185549500,AAPL
2021-03-22,119.96720886230469,123.38999938964844,123.87000274658203,120.26000213623047,120.33000183105469,111912300,AAPL
2021-03-23,119.14078521728516,122.54000091552734,124.23999786376953,122.13999938964844,123.33000183105469,95467100,AAPL
2021-03-24,116.7587661743164,120.08999633789062,122.9000015258789,120.06999969482422,122.81999969482422,88530500,AAPL
2021-03-25,117.24488830566406,120.58999633789062,121.66000366210938,119.0,119.54000091552734,98844700,AAPL
2021-03-26,117.84769439697266,121.20999908447266,121.4800033569336,118.91999816894531,120.3499984741211,94071200,AAPL
2021-03-29,118.02271270751953,121.38999938964844,122.58000183105469,120.7300033569336,121.6500015258789,80819200,AAPL
2021-03-30,116.57403564453125,119.9000015258789,120.4000015258789,118.86000061035156,120.11000061035156,85671900,AAPL
2021-03-31,118.76162719726562,122.1500015258789,123.5199966430664,121.1500015258789,121.6500015258789,118323800,AAPL
2021-04-01,119.58805084228516,123.0,124.18000030517578,122.48999786376953,123.66000366210938,75089100,AAPL
2021-04-05,122.4075927734375,125.9000015258789,126.16000366210938,123.06999969482422,123.87000274658203,88651200,AAPL
2021-04-06,122.70897674560547,126.20999908447266,127.12999725341797,125.6500015258789,126.5,80171300,AAPL
2021-04-07,124.35212707519531,127.9000015258789,127.91999816894531,125.13999938964844,125.83000183105469,83466700,AAPL
2021-04-08,126.743896484375,130.36000061035156,130.38999938964844,128.52000427246094,128.9499969482422,88844600,AAPL
2021-04-09,129.3106231689453,133.0,133.0399932861328,129.47000122070312,129.8000030517578,106686700,AAPL
2021-04-12,127.5994644165039,131.24000549316406,132.85000610351562,130.6300048828125,132.52000427246094,91420000,AAPL
2021-04-13,130.7009735107422,134.42999267578125,134.66000366210938,131.92999267578125,132.44000244140625,91266500,AAPL
2021-04-14,128.36752319335938,132.02999877929688,135.0,131.66000366210938,134.94000244140625,87222800,AAPL
2021-04-15,130.76904296875,134.5,135.0,133.63999938964844,133.82000732421875,89347100,AAPL
2021-04-16,130.4384765625,134.16000366210938,134.6699981689453,133.27999877929688,134.3000030517578,84922400,AAPL
2021-04-19,131.09959411621094,134.83999633789062,135.47000122070312,133.33999633789062,133.50999450683594,94264200,AAPL
2021-04-20,129.4176025390625,133.11000061035156,135.52999877929688,131.80999755859375,135.02000427246094,94812300,AAPL
2021-04-21,129.79678344726562,133.5,133.75,131.3000030517578,132.36000061035156,68847100,AAPL
2021-04-22,128.28004455566406,131.94000244140625,134.14999389648438,131.41000366210938,133.0399932861328,84566500,AAPL
2021-04-23,130.59405517578125,134.32000732421875,135.1199951171875,132.16000366210938,132.16000366210938,78657500,AAPL
2021-04-26,130.98292541503906,134.72000122070312,135.05999755859375,133.55999755859375,134.8300018310547,66905100,AAPL
2021-04-27,130.6620635986328,134.38999938964844,135.41000366210938,134.11000061035156,135.00999450683594,66015800,AAPL
2021-04-28,129.87457275390625,133.5800018310547,135.02000427246094,133.0800018310547,134.30999755859375,107760100,AAPL
2021-04-29,129.77734375,133.47999572753906,137.07000732421875,132.4499969482422,136.47000122070312,151101000,AAPL
2021-04-30,127.81336212158203,131.4600067138672,133.55999755859375,131.07000732421875,131.77999877929688,109839500,AAPL
2021-05-03,128.8634033203125,132.5399932861328,134.07000732421875,131.8300018310547,132.0399932861328,75135100,AAPL
2021-05-04,124.30349731445312,127.8499984741211,131.49000549316406,126.69999694824219,131.19000244140625,137564700,AAPL
2021-05-05,124.54657745361328,128.10000610351562,130.4499969482422,127.97000122070312,129.1999969482422,84000900,AAPL
2021-05-06,126.1410903930664,129.74000549316406,129.75,127.12999725341797,127.88999938964844,78128300,AAPL
2021-05-07,126.81307220458984,130.2100067138672,131.25999450683594,129.47999572753906,130.85000610351562,78973300,AAPL
2021-05-10,123.54074096679688,126.8499984741211,129.5399932861328,126.80999755859375,129.41000366210938,88071200,AAPL
2021-05-11,122.6252670288086,125.91000366210938,126.2699966430664,122.7699966430664,123.5,126142800,AAPL
2021-05-12,119.56716918945312,122.7699966430664,124.63999938964844,122.25,123.4000015258789,112172300,AAPL
2021-05-13,121.70978546142578,124.97000122070312,126.1500015258789,124.26000213623047,124.58000183105469,105861300,AAPL
2021-05-14,124.12507629394531,127.44999694824219,127.88999938964844,125.8499984741211,126.25,81918000,AAPL
2021-05-17,122.97586059570312,126.2699966430664,126.93000030517578,125.16999816894531,126.81999969482422,74244600,AAPL
2021-05-18,121.59290313720703,124.8499984741211,126.98999786376953,124.77999877929688,126.55999755859375,63342900,AAPL
2021-05-19,121.43708801269531,124.69000244140625,124.91999816894531,122.86000061035156,123.16000366210938,92612000,AAPL
2021-05-20,123.98873901367188,127.30999755859375,127.72000122070312,125.0999984741211,125.2300033569336,76857100,AAPL
2021-05-21,122.15776062011719,125.43000030517578,128.0,125.20999908447266,127.81999969482422,79295400,AAPL
2021-05-24,123.7842025756836,127.0999984741211,127.94000244140625,125.94000244140625,126.01000213623047,63092900,AAPL
2021-05-25,123.58943939208984,126.9000015258789,128.32000732421875,126.31999969482422,127.81999969482422,72009500,AAPL
2021-05-26,123.54074096679688,126.8499984741211,127.38999938964844,126.41999816894531,126.95999908447266,56575900,AAPL
2021-05-27,122.01168060302734,125.27999877929688,127.63999938964844,125.08000183105469,126.44000244140625,94625600,AAPL
2021-05-28,121.35916137695312,124.61000061035156,125.80000305175781,124.55000305175781,125.56999969482422,71311100,AAPL
2021-06-01,121.03778076171875,124.27999877929688,125.3499984741211,123.94000244140625,125.08000183105469,67637100,AAPL
2021-06-02,121.79742431640625,125.05999755859375,125.23999786376953,124.05000305175781,124.27999877929688,59278900,AAPL
2021-06-03,120.31707763671875,123.54000091552734,124.8499984741211,123.12999725341797,124.68000030517578,76229200,AAPL
2021-06-04,122.60578918457031,125.88999938964844,126.16000366210938,123.8499984741211,124.06999969482422,75169300,AAPL
2021-06-07,122.61551666259766,125.9000015258789,126.31999969482422,124.83000183105469,126.16999816894531,71057600,AAPL
2021-06-08,123.43362426757812,126.73999786376953,128.4600067138672,126.20999908447266,126.5999984741211,74403800,AAPL
2021-06-09,123.81342315673828,127.12999725341797,127.75,126.5199966430664,127.20999908447266,56877900,AAPL
2021-06-10,122.82003784179688,126.11000061035156,128.19000244140625,125.94000244140625,127.0199966430664,71186400,AAPL
2021-06-11,124.02767944335938,127.3499984741211,127.44000244140625,126.0999984741211,126.52999877929688,53522400,AAPL
2021-06-14,127.07603454589844,130.47999572753906,130.5399932861328,127.06999969482422,127.81999969482422,96906500,AAPL
2021-06-15,126.2579345703125,129.63999938964844,130.60000610351562,129.38999938964844,129.94000244140625,62746300,AAPL
2021-06-16,126.75466918945312,130.14999389648438,130.88999938964844,128.4600067138672,130.3699951171875,91815000,AAPL
2021-06-17,128.35186767578125,131.7899932861328,132.5500030517578,129.64999389648438,129.8000030517578,96721700,AAPL
2021-06-18,127.0565414428711,130.4600067138672,131.50999450683594,130.24000549316406,130.7100067138672,108953300,AAPL
2021-06-21,128.8485870361328,132.3000030517578,132.41000366210938,129.2100067138672,130.3000030517578,79663300,AAPL
2021-06-22,130.48471069335938,133.97999572753906,134.0800018310547,131.6199951171875,132.1300048828125,74783600,AAPL
2021-06-23,130.21205139160156,133.6999969482422,134.32000732421875,133.22999572753906,133.77000427246094,60214200,AAPL
2021-06-24,129.92959594726562,133.41000366210938,134.63999938964844,132.92999267578125,134.4499969482422,68711000,AAPL
2021-06-25,129.63742065429688,133.11000061035156,133.88999938964844,132.80999755859375,133.4600067138672,70783700,AAPL
2021-06-28,131.26388549804688,134.77999877929688,135.25,133.35000610351562,133.41000366210938,62111300,AAPL
2021-06-29,132.77340698242188,136.3300018310547,136.49000549316406,134.35000610351562,134.8000030517578,64556100,AAPL
2021-06-30,133.38697814941406,136.9600067138672,137.41000366210938,135.8699951171875,136.1699981689453,63261400,AAPL
2021-07-01,133.6889190673828,137.27000427246094,137.3300018310547,135.75999450683594,136.60000610351562,52485800,AAPL
2021-07-02,136.30870056152344,139.9600067138672,140.0,137.75,137.89999389648438,78852600,AAPL
2021-07-06,138.3149871826172,142.02000427246094,143.14999389648438,140.07000732421875,140.07000732421875,108181800,AAPL
2021-07-07,140.79844665527344,144.57000732421875,144.88999938964844,142.66000366210938,143.5399932861328,104911600,AAPL
2021-07-08,139.50315856933594,143.24000549316406,144.05999755859375,140.6699981689453,141.5800018310547,105575500,AAPL
2021-07-09,141.3243408203125,145.11000061035156,145.64999389648438,142.64999389648438,142.75,99890800,AAPL
2021-07-12,140.7302703857422,144.5,146.32000732421875,144.0,146.2100067138672,76299700,AAPL
2021-07-13,141.8405303955078,145.63999938964844,147.4600067138672,143.6300048828125,144.02999877929688,100827100,AAPL
2021-07-14,145.25894165039062,149.14999389648438,149.57000732421875,147.67999267578125,148.10000610351562,127050800,AAPL
2021-07-15,144.60646057128906,148.47999572753906,150.0,147.08999633789062,149.24000549316406,106820300,AAPL
2021-07-16,142.57095336914062,146.38999938964844,149.75999450683594,145.8800048828125,148.4600067138672,93251400,AAPL
2021-07-19,138.7337646484375,142.4499969482422,144.07000732421875,141.6699981689453,143.75,121434600,AAPL
2021-07-20,142.33721923828125,146.14999389648438,147.10000610351562,142.9600067138672,143.4600067138672,96350000,AAPL
2021-07-21,141.60679626464844,145.39999389648438,146.1300048828125,144.6300048828125,145.52999877929688,74993500,AAPL
2021-07-22,142.97027587890625,146.8000030517578,148.1999969482422,145.80999755859375,145.94000244140625,77338200,AAPL
2021-07-23,144.684326171875,148.55999755859375,148.72000122070312,146.9199981689453,147.5500030517578,71447400,AAPL
2021-07-26,145.10317993164062,148.99000549316406,149.8300018310547,147.6999969482422,148.27000427246094,72434100,AAPL
2021-07-27,142.94105529785156,146.77000427246094,149.2100067138672,145.5500030517578,149.1199951171875,104818600,AAPL
2021-07-28,141.19772338867188,144.97999572753906,146.97000122070312,142.5399932861328,144.80999755859375,118931200,AAPL
2021-07-29,141.8405303955078,145.63999938964844,146.5500030517578,144.5800018310547,144.69000244140625,56699500,AAPL
2021-07-30,142.0548095703125,145.86000061035156,146.3300018310547,144.11000061035156,144.3800048828125,70440600,AAPL
2021-08-02,141.7237091064453,145.52000427246094,146.9499969482422,145.25,146.36000061035156,62880000,AAPL
2021-08-03,143.51564025878906,147.36000061035156,148.0399932861328,145.17999267578125,145.80999755859375,64786600,AAPL
2021-08-04,143.11636352539062,146.9499969482422,147.7899932861328,146.27999877929688,147.27000427246094,56368300,AAPL
2021-08-05,143.22348022460938,147.05999755859375,147.83999633789062,146.1699981689453,146.97999572753906,46397700,AAPL
2021-08-06,142.5407257080078,146.13999938964844,147.11000061035156,145.6300048828125,146.35000610351562,54126800,AAPL
2021-08-09,142.4919891357422,146.08999633789062,146.6999969482422,145.52000427246094,146.1999969482422,48908700,AAPL
2021-08-10,142.01405334472656,145.60000610351562,147.7100067138672,145.3000030517578,146.44000244140625,69023100,AAPL
2021-08-11,142.26763916015625,145.86000061035156,146.72000122070312,145.52999877929688,146.0500030517578,48493500,AAPL
2021-08-12,145.2230224609375,148.88999938964844,149.0500030517578,145.83999633789062,146.19000244140625,72282600,AAPL
2021-08-13,145.4278564453125,149.10000610351562,149.44000244140625,148.27000427246094,148.97000122070312,59375000,AAPL
2021-08-16,147.39808654785156,151.1199951171875,151.19000244140625,146.47000122070312,148.5399932861328,103296000,AAPL
2021-08-17,146.49098205566406,150.19000244140625,151.67999267578125,149.08999633789062,150.22999572753906,92229700,AAPL
2021-08-18,142.75531005859375,146.36000061035156,150.72000122070312,146.14999389648438,149.8000030517578,86326000,AAPL
2021-08-19,143.08694458007812,146.6999969482422,148.0,144.5,145.02999877929688,86960300,AAPL
2021-08-20,144.54026794433594,148.19000244140625,148.5,146.77999877929688,147.44000244140625,60549600,AAPL
2021-08-23,146.02281188964844,149.7100067138672,150.19000244140625,147.88999938964844,148.30999755859375,60131800,AAPL
2021-08-24,145.93504333496094,149.6199951171875,150.86000061035156,149.14999389648438,149.4499969482422,48606400,AAPL
2021-08-25,144.70606994628906,148.36000061035156,150.32000732421875,147.8000030517578,149.80999755859375,58991300,AAPL
2021-08-26,143.90623474121094,147.5399932861328,149.1199951171875,147.50999450683594,148.35000610351562,48597200,AAPL
2021-08-27,144.94017028808594,148.60000610351562,148.75,146.8300018310547,147.47999572753906,55802400,AAPL
2021-08-30,149.3488311767578,153.1199951171875,153.49000549316406,148.61000061035156,149.0,90956700,AAPL
2021-08-31,148.0906219482422,151.8300018310547,152.8000030517578,151.2899932861328,152.66000366210938,86453100,AAPL
2021-09-01,148.75381469726562,152.50999450683594,154.97999572753906,152.33999633789062,152.8300018310547,80313700,AAPL
2021-09-02,149.86573791503906,153.64999389648438,154.72000122070312,152.39999389648438,153.8699951171875,71115500,AAPL
2021-09-03,150.49977111816406,154.3000030517578,154.6300048828125,153.08999633789062,153.75999450683594,57808700,AAPL
2021-09-07,152.83087158203125,156.69000244140625,157.25999450683594,154.38999938964844,154.97000122070312,82278300,AAPL
2021-09-08,151.28981018066406,155.11000061035156,157.0399932861328,153.97999572753906,156.97999572753906,74420200,AAPL
2021-09-09,150.2754364013672,154.07000732421875,156.11000061035156,153.9499969482422,155.49000549316406,57305700,AAPL
2021-09-10,145.3010711669922,148.97000122070312,155.47999572753906,148.6999969482422,155.0,140893200,AAPL
2021-09-13,145.8667449951172,149.5500030517578,151.4199981689453,148.75,150.6300048828125,102404300,AAPL
2021-09-14,144.4719696044922,148.1199951171875,151.07000732421875,146.91000366210938,150.35000610351562,109296300,AAPL
2021-09-15,145.3595733642578,149.02999877929688,149.44000244140625,146.3699951171875,148.55999755859375,83281300,AAPL
2021-09-16,145.12548828125,148.7899932861328,148.97000122070312,147.22000122070312,148.44000244140625,68034100,AAPL
2021-09-17,142.46267700195312,146.05999755859375,148.82000732421875,145.75999450683594,148.82000732421875,129868800,AAPL
2021-09-20,139.4195556640625,142.94000244140625,144.83999633789062,141.27000427246094,143.8000030517578,123478900,AAPL
2021-09-21,139.8974609375,143.42999267578125,144.60000610351562,142.77999877929688,143.92999267578125,75834000,AAPL
2021-09-22,142.2578582763672,145.85000610351562,146.42999267578125,143.6999969482422,144.4499969482422,76404300,AAPL
2021-09-23,143.21371459960938,146.8300018310547,147.0800018310547,145.63999938964844,146.64999389648438,64838200,AAPL
2021-09-24,143.3015594482422,146.9199981689453,147.47000122070312,145.55999755859375,145.66000366210938,53477900,AAPL
2021-09-27,141.78965759277344,145.3699951171875,145.9600067138672,143.82000732421875,145.47000122070312,74150700,AAPL
2021-09-28,138.41493225097656,141.91000366210938,144.75,141.69000244140625,143.25,108972300,AAPL
2021-09-29,139.312255859375,142.8300018310547,144.4499969482422,142.02999877929688,142.47000122070312,74602000,AAPL
2021-09-30,138.01502990722656,141.5,144.3800048828125,141.27999877929688,143.66000366210938,89056700,AAPL
2021-10-01,139.13668823242188,142.64999389648438,142.9199981689453,139.11000061035156,141.89999389648438,94639600,AAPL
2021-10-04,135.71311950683594,139.13999938964844,142.2100067138672,138.27000427246094,141.75999450683594,98322000,AAPL
2021-10-05,137.63465881347656,141.11000061035156,142.24000549316406,139.36000061035156,139.49000549316406,80861100,AAPL
2021-10-06,138.50270080566406,142.0,142.14999389648438,138.3699951171875,139.47000122070312,83221100,AAPL
2021-10-07,139.76092529296875,143.2899932861328,144.22000122070312,142.72000122070312,143.05999755859375,61732700,AAPL
2021-10-08,139.3804931640625,142.89999389648438,144.17999267578125,142.55999755859375,144.02999877929688,58773200,AAPL
2021-10-11,139.292724609375,142.80999755859375,144.80999755859375,141.80999755859375,142.27000427246094,64452200,AAPL
2021-10-12,138.02474975585938,141.50999450683594,143.25,141.0399932861328,143.22999572753906,73035900,AAPL
2021-10-13,137.43954467773438,140.91000366210938,141.39999389648438,139.1999969482422,141.24000549316406,78762700,AAPL
2021-10-14,140.21934509277344,143.75999450683594,143.8800048828125,141.50999450683594,142.11000061035156,69907100,AAPL
2021-10-15,141.2727813720703,144.83999633789062,144.89999389648438,143.50999450683594,143.77000427246094,67940300,AAPL
2021-10-18,142.94064331054688,146.5500030517578,146.83999633789062,143.16000366210938,143.4499969482422,85589200,AAPL
2021-10-19,145.09620666503906,148.75999450683594,149.1699981689453,146.5500030517578,147.00999450683594,76378900,AAPL
2021-10-20,145.58389282226562,149.25999450683594,149.75,148.1199951171875,148.6999969482422,58418800,AAPL
2021-10-21,145.7984619140625,149.47999572753906,149.63999938964844,147.8699951171875,148.80999755859375,61421000,AAPL
2021-10-22,145.02792358398438,148.69000244140625,150.17999267578125,148.63999938964844,149.69000244140625,58883400,AAPL
2021-10-25,144.97915649414062,148.63999938964844,149.3699951171875,147.6199951171875,148.67999267578125,50720600,AAPL
2021-10-26,145.64244079589844,149.32000732421875,150.83999633789062,149.00999450683594,149.3300018310547,60893400,AAPL
2021-10-27,145.1840362548828,148.85000610351562,149.72999572753906,148.49000549316406,149.36000061035156,56094900,AAPL
2021-10-28,148.81239318847656,152.57000732421875,153.1699981689453,149.72000122070312,149.82000732421875,100077900,AAPL
2021-10-29,146.110595703125,149.8000030517578,149.94000244140625,146.41000366210938,147.22000122070312,124953200,AAPL
2021-11-01,145.291259765625,148.9600067138672,149.6999969482422,147.8000030517578,148.99000549316406,74588300,AAPL
2021-11-02,146.3251953125,150.02000427246094,151.57000732421875,148.64999389648438,148.66000366210938,69122000,AAPL
2021-11-03,147.7589874267578,151.49000549316406,151.97000122070312,149.82000732421875,150.38999938964844,54511500,AAPL
2021-11-04,147.24205017089844,150.9600067138672,152.42999267578125,150.63999938964844,151.5800018310547,60394600,AAPL
2021-11-05,147.76950073242188,151.27999877929688,152.1999969482422,150.05999755859375,151.88999938964844,65463900,AAPL
2021-11-08,146.94895935058594,150.44000244140625,151.57000732421875,150.16000366210938,151.41000366210938,55020900,AAPL
2021-11-09,147.31036376953125,150.80999755859375,151.42999267578125,150.05999755859375,150.1999969482422,56787900,AAPL
2021-11-10,144.4874267578125,147.9199981689453,150.1300048828125,147.85000610351562,150.02000427246094,65187100,AAPL
2021-11-11,144.4385986328125,147.8699951171875,149.42999267578125,147.67999267578125,148.9600067138672,41000000,AAPL
2021-11-12,146.50942993164062,149.99000549316406,150.39999389648438,147.47999572753906,148.42999267578125,63804000,AAPL
2021-11-15,146.51922607421875,150.0,151.8800048828125,149.42999267578125,150.3699951171875,59222800,AAPL
2021-11-16,147.49598693847656,151.0,151.49000549316406,149.33999633789062,149.94000244140625,59256200,AAPL
2021-11-17,149.92820739746094,153.49000549316406,155.0,150.99000549316406,151.0,88807000,AAPL
2021-11-18,154.2065887451172,157.8699951171875,158.6699981689453,153.0500030517578,153.7100067138672,137827700,AAPL
2021-11-19,156.82437133789062,160.5500030517578,161.02000427246094,156.52999877929688,157.64999389648438,117305600,AAPL
2021-11-22,157.28346252441406,161.02000427246094,165.6999969482422,161.0,161.67999267578125,117467900,AAPL
2021-11-23,157.6644287109375,161.41000366210938,161.8000030517578,159.05999755859375,161.1199951171875,96041900,AAPL
2021-11-24,158.18211364746094,161.94000244140625,162.13999938964844,159.63999938964844,160.75,69463600,AAPL
2021-11-26,153.17115783691406,156.80999755859375,160.4499969482422,156.36000061035156,159.57000732421875,76959800,AAPL
2021-11-29,156.5215606689453,160.24000549316406,161.19000244140625,158.7899932861328,159.3699951171875,88748200,AAPL
2021-11-30,161.4641571044922,165.3000030517578,165.52000427246094,159.9199981689453,159.99000549316406,174048100,AAPL
2021-12-01,160.9464569091797,164.77000427246094,170.3000030517578,164.52999877929688,167.47999572753906,152052500,AAPL
2021-12-02,159.9598846435547,163.75999450683594,164.1999969482422,157.8000030517578,158.74000549316406,136739200,AAPL
2021-12-03,158.08447265625,161.83999633789062,164.9600067138672,159.72000122070312,164.02000427246094,118023100,AAPL
2021-12-06,161.48370361328125,165.32000732421875,167.8800048828125,164.27999877929688,164.2899932861328,107497000,AAPL
2021-12-07,167.2077178955078,171.17999267578125,171.5800018310547,168.33999633789062,169.0800018310547,120405400,AAPL
2021-12-08,171.01718139648438,175.0800018310547,175.9600067138672,170.6999969482422,172.1300048828125,116998900,AAPL
2021-12-09,170.50927734375,174.55999755859375,176.75,173.9199981689453,174.91000366210938,108923700,AAPL
2021-12-10,175.28579711914062,179.4499969482422,179.6300048828125,174.69000244140625,175.2100067138672,115402700,AAPL
2021-12-13,171.6619110107422,175.74000549316406,182.1300048828125,175.52999877929688,181.1199951171875,153237000,AAPL
2021-12-14,170.28460693359375,174.3300018310547,177.74000549316406,172.2100067138672,175.25,139380400,AAPL
2021-12-15,175.13931274414062,179.3000030517578,179.5,172.30999755859375,175.11000061035156,131063300,AAPL
2021-12-16,168.26263427734375,172.25999450683594,181.13999938964844,170.75,179.27999877929688,150185800,AAPL
2021-12-17,167.1686553955078,171.13999938964844,173.47000122070312,169.69000244140625,169.92999267578125,195432700,AAPL
2021-12-20,165.8108673095703,169.75,170.5800018310547,167.4600067138672,168.27999877929688,107499100,AAPL
2021-12-21,168.97569274902344,172.99000549316406,173.1999969482422,169.1199951171875,171.55999755859375,91185900,AAPL
2021-12-22,171.56423950195312,175.63999938964844,175.86000061035156,172.14999389648438,173.0399932861328,92135300,AAPL
2021-12-23,172.18931579589844,176.27999877929688,176.85000610351562,175.27000427246094,175.85000610351562,68356600,AAPL
2021-12-27,176.1453857421875,180.3300018310547,180.4199981689453,177.07000732421875,177.08999633789062,74919600,AAPL
2021-12-28,175.12954711914062,179.2899932861328,181.3300018310547,178.52999877929688,180.16000366210938,79144300,AAPL
2021-12-29,175.21742248535156,179.3800048828125,180.6300048828125,178.13999938964844,179.3300018310547,62348900,AAPL
2021-12-30,174.06483459472656,178.1999969482422,180.57000732421875,178.08999633789062,179.47000122070312,59773000,AAPL
2021-12-31,173.4494171142578,177.57000732421875,179.22999572753906,177.25999450683594,178.08999633789062,64062300,AAPL
2022-01-03,177.78640747070312,182.00999450683594,182.8800048828125,177.7100067138672,177.8300018310547,104487900,AAPL
2022-01-04,175.52999877929688,179.6999969482422,182.94000244140625,179.1199951171875,182.6300048828125,99310400,AAPL
2022-01-05,170.8609161376953,174.9199981689453,180.1699981689453,174.63999938964844,179.61000061035156,94537600,AAPL
2022-01-06,168.0086669921875,172.0,175.3000030517578,171.63999938964844,172.6999969482422,96904000,AAPL
2022-01-07,168.1747283935547,172.1699981689453,174.13999938964844,171.02999877929688,172.88999938964844,86709100,AAPL
2022-01-10,168.19427490234375,172.19000244140625,172.5,168.1699981689453,169.0800018310547,106765600,AAPL
2022-01-11,171.01718139648438,175.0800018310547,175.17999267578125,170.82000732421875,172.32000732421875,76138300,AAPL
2022-01-12,171.45677185058594,175.52999877929688,177.17999267578125,174.82000732421875,176.1199951171875,74805200,AAPL
2022-01-13,168.19427490234375,172.19000244140625,176.6199951171875,171.7899932861328,175.77999877929688,84505800,AAPL
2022-01-14,169.0538787841797,173.07000732421875,173.77999877929688,171.08999633789062,171.33999633789062,80440800,AAPL
2022-01-18,165.8597412109375,169.8000030517578,172.5399932861328,169.41000366210938,171.50999450683594,90956700,AAPL
2022-01-19,162.37257385253906,166.22999572753906,171.0800018310547,165.94000244140625,170.0,94815000,AAPL
2022-01-20,160.6925048828125,164.50999450683594,169.67999267578125,164.17999267578125,166.97999572753906,91420500,AAPL
2022-01-21,158.6412353515625,162.41000366210938,166.3300018310547,162.3000030517578,164.4199981689453,122848900,AAPL
2022-01-24,157.86956787109375,161.6199951171875,162.3000030517578,154.6999969482422,160.02000427246094,162294600,AAPL
2022-01-25,156.072265625,159.77999877929688,162.75999450683594,157.02000427246094,158.97999572753906,115798400,AAPL
2022-01-26,155.98434448242188,159.69000244140625,164.38999938964844,157.82000732421875,163.5,108275300,AAPL
2022-01-27,155.5252685546875,159.22000122070312,163.83999633789062,158.27999877929688,162.4499969482422,121954600,AAPL
2022-01-28,166.37745666503906,170.3300018310547,170.35000610351562,162.8000030517578,165.7100067138672,179935700,AAPL
2022-01-31,170.72418212890625,174.77999877929688,175.0,169.50999450683594,170.16000366210938,115541600,AAPL
2022-02-01,170.55813598632812,174.61000061035156,174.83999633789062,172.30999755859375,174.00999450683594,86213900,AAPL
2022-02-02,171.7595977783203,175.83999633789062,175.8800048828125,173.3300018310547,174.75,84914300,AAPL
2022-02-03,168.88780212402344,172.89999389648438,176.24000549316406,172.1199951171875,174.47999572753906,89418100,AAPL
2022-02-04,168.6041717529297,172.38999938964844,174.10000610351562,170.67999267578125,171.67999267578125,82465400,AAPL
2022-02-07,167.8902130126953,171.66000366210938,173.9499969482422,170.9499969482422,172.86000061035156,77251200,AAPL
2022-02-08,170.99053955078125,174.8300018310547,175.35000610351562,171.42999267578125,171.72999572753906,74829200,AAPL
2022-02-09,172.40872192382812,176.27999877929688,176.64999389648438,174.89999389648438,176.0500030517578,71285000,AAPL
2022-02-10,168.34005737304688,172.1199951171875,175.47999572753906,171.5500030517578,174.13999938964844,90865900,AAPL
2022-02-11,164.9364776611328,168.63999938964844,173.0800018310547,168.0399932861328,172.3300018310547,98670700,AAPL
2022-02-14,165.17123413085938,168.8800048828125,169.5800018310547,166.55999755859375,167.3699951171875,86185500,AAPL
2022-02-15,168.99537658691406,172.7899932861328,172.9499969482422,170.25,170.97000122070312,62527400,AAPL
2022-02-16,168.76068115234375,172.5500030517578,173.33999633789062,170.0500030517578,171.85000610351562,61177400,AAPL
2022-02-17,165.17123413085938,168.8800048828125,171.91000366210938,168.47000122070312,171.02999877929688,69589300,AAPL
2022-02-18,163.62596130371094,167.3000030517578,170.5399932861328,166.19000244140625,169.82000732421875,82772700,AAPL
2022-02-22,160.71141052246094,164.32000732421875,166.69000244140625,162.14999389648438,164.97999572753906,91162800,AAPL
2022-02-23,156.55474853515625,160.07000732421875,166.14999389648438,159.75,165.5399932861328,90009200,AAPL
2022-02-24,159.1660919189453,162.74000549316406,162.85000610351562,152.0,152.5800018310547,141147500,AAPL
2022-02-25,161.22975158691406,164.85000610351562,165.1199951171875,160.8699951171875,163.83999633789062,91974200,AAPL
2022-02-28,161.4938507080078,165.1199951171875,165.4199981689453,162.42999267578125,163.05999755859375,95056600,AAPL
2022-03-01,159.61598205566406,163.1999969482422,166.60000610351562,161.97000122070312,164.6999969482422,83474400,AAPL
2022-03-02,162.9022216796875,166.55999755859375,167.36000061035156,162.9499969482422,164.38999938964844,79724800,AAPL
2022-03-03,162.57945251464844,166.22999572753906,168.91000366210938,165.5500030517578,168.47000122070312,76678400,AAPL
2022-03-04,159.58660888671875,163.1699981689453,165.5500030517578,162.10000610351562,164.49000549316406,83737200,AAPL
2022-03-07,155.8016357421875,159.3000030517578,165.02000427246094,159.0399932861328,163.36000061035156,96418800,AAPL
2022-03-08,153.9824676513672,157.44000244140625,162.8800048828125,155.8000030517578,158.82000732421875,131148300,AAPL
2022-03-09,159.37147521972656,162.9499969482422,163.41000366210938,159.41000366210938,161.47999572753906,91454900,AAPL
2022-03-10,155.03878784179688,158.52000427246094,160.38999938964844,155.97999572753906,160.1999969482422,105342000,AAPL
2022-03-11,151.3319854736328,154.72999572753906,159.27999877929688,154.5,158.92999267578125,96970100,AAPL
2022-03-14,147.312255859375,150.6199951171875,154.1199951171875,150.10000610351562,151.4499969482422,108732100,AAPL
2022-03-15,151.68408203125,155.08999633789062,155.57000732421875,150.3800048828125,150.89999389648438,92964300,AAPL
2022-03-16,156.08526611328125,159.58999633789062,160.0,154.4600067138672,157.0500030517578,102300200,AAPL
2022-03-17,157.0926513671875,160.6199951171875,161.0,157.6300048828125,158.61000061035156,75615400,AAPL
2022-03-18,160.3788604736328,163.97999572753906,164.47999572753906,159.75999450683594,160.50999450683594,123511700,AAPL
2022-03-21,161.7481231689453,165.3800048828125,166.35000610351562,163.00999450683594,163.50999450683594,95811400,AAPL
2022-03-22,165.11256408691406,168.82000732421875,169.4199981689453,164.91000366210938,165.50999450683594,81532000,AAPL
2022-03-23,166.4720458984375,170.2100067138672,172.63999938964844,167.64999389648438,167.99000549316406,98062700,AAPL
2022-03-24,170.24728393554688,174.07000732421875,174.13999938964844,170.2100067138672,171.05999755859375,90131400,AAPL
2022-03-25,170.8830108642578,174.72000122070312,175.27999877929688,172.75,173.8800048828125,80546200,AAPL
2022-03-28,171.74366760253906,175.60000610351562,175.72999572753906,172.0,172.1699981689453,90371900,AAPL
2022-03-29,175.02989196777344,178.9600067138672,179.00999450683594,176.33999633789062,176.69000244140625,100589400,AAPL
2022-03-30,173.86602783203125,177.77000427246094,179.61000061035156,176.6999969482422,178.5500030517578,92633200,AAPL
2022-03-31,170.77542114257812,174.61000061035156,178.02999877929688,174.39999389648438,177.83999633789062,103049300,AAPL
2022-04-01,170.48199462890625,174.30999755859375,174.8800048828125,171.94000244140625,174.02999877929688,78751300,AAPL
2022-04-04,174.52130126953125,178.44000244140625,178.49000549316406,174.44000244140625,174.57000732421875,76468400,AAPL
2022-04-05,171.21551513671875,175.05999755859375,178.3000030517578,174.4199981689453,177.5,73401800,AAPL
2022-04-06,168.0564727783203,171.8300018310547,173.6300048828125,170.1300048828125,172.36000061035156,89058800,AAPL
2022-04-07,168.3596649169922,172.13999938964844,173.36000061035156,169.85000610351562,171.16000366210938,77594700,AAPL
2022-04-08,166.35470581054688,170.08999633789062,171.77999877929688,169.1999969482422,171.77999877929688,76575500,AAPL
2022-04-11,162.10997009277344,165.75,169.02999877929688,165.5,168.7100067138672,72246700,AAPL
2022-04-12,163.97802734375,167.66000366210938,169.8699951171875,166.63999938964844,168.02000427246094,79265200,AAPL
2022-04-13,166.65786743164062,170.39999389648438,171.0399932861328,166.77000427246094,167.38999938964844,70618900,AAPL
2022-04-14,161.6601104736328,165.2899932861328,171.27000427246094,165.0399932861328,170.6199951171875,75329400,AAPL
2022-04-18,161.4449005126953,165.07000732421875,166.60000610351562,163.57000732421875,163.9199981689453,69023900,AAPL
2022-04-19,163.72373962402344,167.39999389648438,167.82000732421875,163.91000366210938,165.02000427246094,67723800,AAPL
2022-04-20,163.55746459960938,167.22999572753906,168.8800048828125,166.10000610351562,168.75999450683594,67929800,AAPL
2022-04-21,162.7652587890625,166.4199981689453,171.52999877929688,165.91000366210938,168.91000366210938,87227800,AAPL
2022-04-22,158.2369384765625,161.7899932861328,167.8699951171875,161.5,166.4600067138672,84882400,AAPL
2022-04-25,159.30303955078125,162.8800048828125,163.1699981689453,158.4600067138672,161.1199951171875,96046400,AAPL
2022-04-26,153.3565216064453,156.8000030517578,162.33999633789062,156.72000122070312,162.25,95623200,AAPL
2022-04-27,153.13156127929688,156.57000732421875,159.7899932861328,155.3800048828125,155.91000366210938,88063200,AAPL
2022-04-28,160.0463104248047,163.63999938964844,164.52000427246094,158.92999267578125,159.25,130216800,AAPL
2022-04-29,154.18785095214844,157.64999389648438,166.1999969482422,157.25,161.83999633789062,131747600,AAPL
2022-05-02,154.49105834960938,157.9600067138672,158.22999572753906,153.27000427246094,156.7100067138672,123055300,AAPL
2022-05-03,155.97769165039062,159.47999572753906,160.7100067138672,156.32000732421875,158.14999389648438,88966500,AAPL
2022-05-04,162.37405395507812,166.02000427246094,166.47999572753906,159.25999450683594,159.6699981689453,108256500,AAPL
2022-05-05,153.3272247314453,156.77000427246094,164.0800018310547,154.9499969482422,163.85000610351562,130525300,AAPL
2022-05-06,154.05201721191406,157.27999877929688,159.44000244140625,154.17999267578125,156.00999450683594,116124600,AAPL
2022-05-09,148.93914794921875,152.05999755859375,155.8300018310547,151.49000549316406,154.92999267578125,131577900,AAPL
2022-05-10,151.33885192871094,154.50999450683594,156.74000549316406,152.92999267578125,155.52000427246094,115366700,AAPL
2022-05-11,143.49325561523438,146.5,155.4499969482422,145.80999755859375,153.5,142689800,AAPL
2022-05-12,139.6341094970703,142.55999755859375,146.1999969482422,138.8000030517578,142.77000427246094,182602000,AAPL
2022-05-13,144.09072875976562,147.11000061035156,148.10000610351562,143.11000061035156,144.58999633789062,113990900,AAPL
2022-05-16,142.552978515625,145.5399932861328,147.52000427246094,144.17999267578125,145.5500030517578,86643800,AAPL
2022-05-17,146.17706298828125,149.24000549316406,149.77000427246094,146.67999267578125,148.86000061035156,78336300,AAPL
2022-05-18,137.92984008789062,140.82000732421875,147.36000061035156,139.89999389648438,146.85000610351562,109742900,AAPL
2022-05-19,134.53106689453125,137.35000610351562,141.66000366210938,136.60000610351562,139.8800048828125,136095600,AAPL
2022-05-20,134.76609802246094,137.58999633789062,140.6999969482422,132.61000061035156,139.08999633789062,137426100,AAPL
2022-05-23,140.17279052734375,143.11000061035156,143.25999450683594,137.64999389648438,137.7899932861328,117726300,AAPL
2022-05-24,137.47926330566406,140.36000061035156,141.97000122070312,137.3300018310547,140.80999755859375,104132700,AAPL
2022-05-25,137.635986328125,140.52000427246094,141.7899932861328,138.33999633789062,138.42999267578125,92482700,AAPL
2022-05-26,140.82913208007812,143.77999877929688,144.33999633789062,137.13999938964844,137.38999938964844,90601500,AAPL
2022-05-27,146.5688018798828,149.63999938964844,149.67999267578125,145.25999450683594,145.38999938964844,90978500,AAPL
2022-05-31,145.7852020263672,148.83999633789062,150.66000366210938,146.83999633789062,149.07000732421875,103718400,AAPL
2022-06-01,145.6579132080078,148.7100067138672,151.74000549316406,147.67999267578125,149.89999389648438,74286600,AAPL
2022-06-02,148.10659790039062,151.2100067138672,151.27000427246094,146.86000061035156,147.8300018310547,72348100,AAPL
2022-06-03,142.39627075195312,145.3800048828125,147.97000122070312,144.4600067138672,146.89999389648438,88570300,AAPL
2022-06-06,143.14065551757812,146.13999938964844,148.57000732421875,144.89999389648438,147.02999877929688,71598400,AAPL
2022-06-07,145.6579132080078,148.7100067138672,149.0,144.10000610351562,144.35000610351562,67808200,AAPL
2022-06-08,144.9232940673828,147.9600067138672,149.8699951171875,147.4600067138672,148.5800018310547,53950200,AAPL
2022-06-09,139.71249389648438,142.63999938964844,147.9499969482422,142.52999877929688,147.0800018310547,69473000,AAPL
2022-06-10,134.31558227539062,137.1300048828125,140.75999450683594,137.05999755859375,140.27999877929688,91437900,AAPL
2022-06-13,129.17332458496094,131.8800048828125,135.1999969482422,131.44000244140625,132.8699951171875,122207100,AAPL
2022-06-14,130.03526306152344,132.75999450683594,133.88999938964844,131.47999572753906,133.1300048828125,84784300,AAPL
2022-06-15,132.65045166015625,135.42999267578125,137.33999633789062,132.16000366210938,134.2899932861328,91533000,AAPL
2022-06-16,127.39066314697266,130.05999755859375,132.38999938964844,129.0399932861328,132.0800018310547,108123900,AAPL
2022-06-17,128.85987854003906,131.55999755859375,133.0800018310547,129.80999755859375,130.07000732421875,134520300,AAPL
2022-06-21,133.08143615722656,135.8699951171875,137.05999755859375,133.32000732421875,133.4199981689453,81000500,AAPL
2022-06-22,132.57211303710938,135.35000610351562,137.75999450683594,133.91000366210938,134.7899932861328,73409200,AAPL
2022-06-23,135.4322052001953,138.27000427246094,138.58999633789062,135.6300048828125,136.82000732421875,72433800,AAPL
2022-06-24,138.75254821777344,141.66000366210938,141.91000366210938,139.77000427246094,139.89999389648438,89116800,AAPL
2022-06-27,138.75254821777344,141.66000366210938,143.49000549316406,140.97000122070312,142.6999969482422,70207900,AAPL
2022-06-28,134.6192169189453,137.44000244140625,143.4199981689453,137.32000732421875,142.1300048828125,67083400,AAPL
2022-06-29,136.37246704101562,139.22999572753906,140.6699981689453,136.6699981689453,137.4600067138672,66242400,AAPL
2022-06-30,133.91400146484375,136.72000122070312,138.3699951171875,133.77000427246094,137.25,98964500,AAPL
2022-07-01,136.07861328125,138.92999267578125,139.0399932861328,135.66000366210938,136.0399932861328,71051600,AAPL
2022-07-05,138.65463256835938,141.55999755859375,141.61000061035156,136.92999267578125,137.77000427246094,73353800,AAPL
2022-07-06,139.9867401123047,142.9199981689453,144.1199951171875,141.0800018310547,141.35000610351562,74064300,AAPL
2022-07-07,143.34632873535156,146.35000610351562,146.5500030517578,143.27999877929688,143.2899932861328,66253700,AAPL
2022-07-08,144.0221710205078,147.0399932861328,147.5500030517578,145.0,145.25999450683594,64547800,AAPL
2022-07-11,141.8966827392578,144.8699951171875,146.63999938964844,143.77999877929688,145.6699981689453,63141600,AAPL
2022-07-12,142.86636352539062,145.86000061035156,148.4499969482422,145.0500030517578,145.75999450683594,77588800,AAPL
2022-07-13,142.50399780273438,145.49000549316406,146.4499969482422,142.1199951171875,142.99000549316406,71185600,AAPL
2022-07-14,145.42282104492188,148.47000122070312,148.9499969482422,143.25,144.0800018310547,78140700,AAPL
2022-07-15,147.0879364013672,150.1699981689453,150.86000061035156,148.1999969482422,149.77999877929688,76259900,AAPL
2022-07-18,144.0515899658203,147.07000732421875,151.57000732421875,146.6999969482422,150.74000549316406,81420900,AAPL
2022-07-19,147.90090942382812,151.0,151.22999572753906,146.91000366210938,147.9199981689453,82982400,AAPL
2022-07-20,149.8990020751953,153.0399932861328,153.72000122070312,150.3699951171875,151.1199951171875,64823400,AAPL
2022-07-21,152.16162109375,155.35000610351562,155.57000732421875,151.94000244140625,154.5,65086600,AAPL
2022-07-22,150.92747497558594,154.08999633789062,156.27999877929688,153.41000366210938,155.38999938964844,66675400,AAPL
2022-07-25,149.81085205078125,152.9499969482422,155.0399932861328,152.27999877929688,154.00999450683594,53623900,AAPL
2022-07-26,148.48858642578125,151.60000610351562,153.08999633789062,150.8000030517578,152.25999450683594,55138700,AAPL
2022-07-27,153.57203674316406,156.7899932861328,157.3300018310547,152.16000366210938,152.5800018310547,78620700,AAPL
2022-07-28,154.12059020996094,157.35000610351562,157.63999938964844,154.41000366210938,156.97999572753906,81378700,AAPL
2022-07-29,159.17466735839844,162.50999450683594,163.6300048828125,159.5,161.24000549316406,101786900,AAPL
2022-08-01,158.19517517089844,161.50999450683594,163.58999633789062,160.88999938964844,161.00999450683594,67829400,AAPL
2022-08-02,156.72596740722656,160.00999450683594,162.41000366210938,159.6300048828125,160.10000610351562,59907000,AAPL
2022-08-03,162.7203826904297,166.1300048828125,166.58999633789062,160.75,160.83999633789062,82507500,AAPL
2022-08-04,162.40696716308594,165.80999755859375,167.19000244140625,164.42999267578125,166.00999450683594,55474100,AAPL
2022-08-05,162.1813201904297,165.35000610351562,165.85000610351562,163.0,163.2100067138672,56697000,AAPL
2022-08-08,161.7105255126953,164.8699951171875,167.80999755859375,164.1999969482422,166.3699951171875,60276900,AAPL
2022-08-09,161.7595977783203,164.9199981689453,165.82000732421875,163.25,164.02000427246094,63135500,AAPL
2022-08-10,165.996826171875,169.24000549316406,169.33999633789062,166.89999389648438,167.67999267578125,70170500,AAPL
2022-08-11,165.2611541748047,168.49000549316406,170.99000549316406,168.19000244140625,170.05999755859375,57149200,AAPL
2022-08-12,168.80198669433594,172.10000610351562,172.1699981689453,169.39999389648438,169.82000732421875,68039400,AAPL
2022-08-15,169.87109375,173.19000244140625,173.38999938964844,171.35000610351562,171.52000427246094,54091700,AAPL
2022-08-16,169.71420288085938,173.02999877929688,173.7100067138672,171.66000366210938,172.77999877929688,56377100,AAPL
2022-08-17,171.2050323486328,174.5500030517578,176.14999389648438,172.57000732421875,172.77000427246094,79542000,AAPL
2022-08-18,170.8126983642578,174.14999389648438,174.89999389648438,173.1199951171875,173.75,62290100,AAPL
2022-08-19,168.2331085205078,171.52000427246094,173.74000549316406,171.30999755859375,173.02999877929688,70346300,AAPL
2022-08-22,164.3588409423828,167.57000732421875,169.86000061035156,167.13999938964844,169.69000244140625,69026800,AAPL
2022-08-23,164.0253143310547,167.22999572753906,168.7100067138672,166.64999389648438,167.0800018310547,54147100,AAPL
2022-08-24,164.3195343017578,167.52999877929688,168.11000061035156,166.25,167.32000732421875,53841500,AAPL
2022-08-25,166.7716522216797,170.02999877929688,170.13999938964844,168.35000610351562,168.77999877929688,51218200,AAPL
2022-08-26,160.48451232910156,163.6199951171875,171.0500030517578,163.55999755859375,170.57000732421875,78961000,AAPL
2022-08-29,158.28741455078125,161.3800048828125,162.89999389648438,159.82000732421875,161.14999389648438,73314000,AAPL
2022-08-30,155.86474609375,158.91000366210938,162.55999755859375,157.72000122070312,162.1300048828125,77906200,AAPL
2022-08-31,154.20712280273438,157.22000122070312,160.5800018310547,157.13999938964844,160.30999755859375,87991100,AAPL
2022-09-01,154.9329376220703,157.9600067138672,158.4199981689453,154.6699981689453,156.63999938964844,74229900,AAPL
2022-09-02,152.8241729736328,155.80999755859375,160.36000061035156,154.97000122070312,159.75,76957800,AAPL
2022-09-06,151.5687255859375,154.52999877929688,157.08999633789062,153.69000244140625,156.47000122070312,73714800,AAPL
2022-09-07,152.9712677001953,155.9600067138672,156.6699981689453,153.61000061035156,154.82000732421875,87449600,AAPL
2022-09-08,151.50006103515625,154.4600067138672,156.36000061035156,152.67999267578125,154.63999938964844,84923800,AAPL
2022-09-09,154.35426330566406,157.3699951171875,157.82000732421875,154.75,155.47000122070312,68028800,AAPL
2022-09-12,160.29812622070312,163.42999267578125,164.25999450683594,159.3000030517578,159.58999633789062,104956000,AAPL
2022-09-13,150.8918914794922,153.83999633789062,160.5399932861328,153.3699951171875,159.89999389648438,122656600,AAPL
2022-09-14,152.33370971679688,155.30999755859375,157.10000610351562,153.61000061035156,154.7899932861328,87965400,AAPL
2022-09-15,149.4500732421875,152.3699951171875,155.24000549316406,151.3800048828125,154.64999389648438,90481100,AAPL
2022-09-16,147.8120880126953,150.6999969482422,151.35000610351562,148.3699951171875,151.2100067138672,162278800,AAPL
2022-09-19,151.5196533203125,154.47999572753906,154.55999755859375,149.10000610351562,149.30999755859375,81474200,AAPL
2022-09-20,153.89324951171875,156.89999389648438,158.0800018310547,153.0800018310547,153.39999389648438,107689800,AAPL
2022-09-21,150.77420043945312,153.72000122070312,158.74000549316406,153.60000610351562,157.33999633789062,101696800,AAPL
2022-09-22,149.81297302246094,152.74000549316406,154.47000122070312,150.91000366210938,152.3800048828125,86652500,AAPL
2022-09-23,147.54727172851562,150.42999267578125,151.47000122070312,148.55999755859375,151.19000244140625,96029900,AAPL
2022-09-26,147.88075256347656,150.77000427246094,153.77000427246094,149.63999938964844,149.66000366210938,93339400,AAPL
2022-09-27,148.8517608642578,151.75999450683594,154.72000122070312,149.9499969482422,152.74000549316406,84442700,AAPL
2022-09-28,146.96856689453125,149.83999633789062,150.63999938964844,144.83999633789062,147.63999938964844,146691400,AAPL
2022-09-29,139.74960327148438,142.47999572753906,146.72000122070312,140.67999267578125,146.10000610351562,128138200,AAPL
2022-09-30,135.55160522460938,138.1999969482422,143.10000610351562,138.0,141.27999877929688,124925300,AAPL
2022-10-03,139.7201690673828,142.4499969482422,143.07000732421875,137.69000244140625,138.2100067138672,114311700,AAPL
2022-10-04,143.3002471923828,146.10000610351562,146.22000122070312,144.25999450683594,145.02999877929688,87830100,AAPL
2022-10-05,143.59446716308594,146.39999389648438,147.3800048828125,143.00999450683594,144.07000732421875,79471000,AAPL
2022-10-06,142.64308166503906,145.42999267578125,147.5399932861328,145.22000122070312,145.80999755859375,68402200,AAPL
2022-10-07,137.40541076660156,140.08999633789062,143.10000610351562,139.4499969482422,142.5399932861328,85925600,AAPL
2022-10-10,137.72906494140625,140.4199981689453,141.88999938964844,138.57000732421875,140.4199981689453,74899000,AAPL
2022-10-11,136.31668090820312,138.97999572753906,141.35000610351562,138.22000122070312,139.89999389648438,77033700,AAPL
2022-10-12,135.6889190673828,138.33999633789062,140.36000061035156,138.16000366210938,139.1300048828125,70433700,AAPL
2022-10-13,140.24984741210938,142.99000549316406,143.58999633789062,134.3699951171875,134.99000549316406,113224000,AAPL
2022-10-14,135.7281951904297,138.3800048828125,144.52000427246094,138.19000244140625,144.30999755859375,88598000,AAPL
2022-10-17,139.68096923828125,142.41000366210938,142.89999389648438,140.27000427246094,141.07000732421875,85250900,AAPL
2022-10-18,140.9952850341797,143.75,146.6999969482422,140.61000061035156,145.49000549316406,99136600,AAPL
2022-10-19,141.1031494140625,143.86000061035156,144.9499969482422,141.5,141.69000244140625,61758300,AAPL
2022-10-20,140.64218139648438,143.38999938964844,145.88999938964844,142.64999389648438,143.02000427246094,64522000,AAPL
2022-10-21,144.44781494140625,147.27000427246094,147.85000610351562,142.64999389648438,142.8699951171875,86548600,AAPL
2022-10-24,146.58602905273438,149.4499969482422,150.22999572753906,146.0,147.19000244140625,75981900,AAPL
2022-10-25,149.42063903808594,152.33999633789062,152.49000549316406,149.36000061035156,150.08999633789062,74732300,AAPL
2022-10-26,146.4879608154297,149.35000610351562,151.99000549316406,148.0399932861328,150.9600067138672,88194300,AAPL
2022-10-27,142.02516174316406,144.8000030517578,149.0500030517578,144.1300048828125,148.07000732421875,109180200,AAPL
2022-10-28,152.75552368164062,155.74000549316406,157.5,147.82000732421875,148.1999969482422,164762400,AAPL
2022-10-31,150.40150451660156,153.33999633789062,154.24000549316406,151.9199981689453,153.16000366210938,97943200,AAPL
2022-11-01,147.76300048828125,150.64999389648438,155.4499969482422,149.1300048828125,155.0800018310547,80379300,AAPL
2022-11-02,142.25074768066406,145.02999877929688,152.1699981689453,145.0,148.9499969482422,93604600,AAPL
2022-11-03,136.21859741210938,138.8800048828125,142.8000030517578,138.75,142.05999755859375,97918500,AAPL
2022-11-04,135.95335388183594,138.3800048828125,142.6699981689453,134.3800048828125,142.08999633789062,140814800,AAPL
2022-11-07,136.48388671875,138.9199981689453,139.14999389648438,135.6699981689453,137.11000061035156,83374600,AAPL
2022-11-08,137.0536651611328,139.5,141.42999267578125,137.49000549316406,140.41000366210938,89908500,AAPL
2022-11-09,132.5048828125,134.8699951171875,138.5500030517578,134.58999633789062,138.5,74917800,AAPL
2022-11-10,144.29444885253906,146.8699951171875,146.8699951171875,139.5,141.24000549316406,118854000,AAPL
2022-11-11,147.07479858398438,149.6999969482422,150.00999450683594,144.3699951171875,145.82000732421875,93979700,AAPL
2022-11-14,145.67974853515625,148.27999877929688,150.27999877929688,147.42999267578125,148.97000122070312,73374100,AAPL
2022-11-15,147.4088592529297,150.0399932861328,153.58999633789062,148.55999755859375,152.22000122070312,89868300,AAPL
2022-11-16,146.18077087402344,148.7899932861328,149.8699951171875,147.2899932861328,149.1300048828125,64218300,AAPL
2022-11-17,148.0769500732422,150.72000122070312,151.47999572753906,146.14999389648438,146.42999267578125,80389400,AAPL
2022-11-18,148.63694763183594,151.2899932861328,152.6999969482422,149.97000122070312,152.30999755859375,74829600,AAPL
2022-11-21,145.41444396972656,148.00999450683594,150.3699951171875,147.72000122070312,150.16000366210938,58724100,AAPL
2022-11-22,147.54641723632812,150.17999267578125,150.4199981689453,146.92999267578125,148.1300048828125,51804100,AAPL
2022-11-23,148.42079162597656,151.07000732421875,151.8300018310547,149.33999633789062,149.4499969482422,58301400,AAPL
2022-11-25,145.51272583007812,148.11000061035156,148.8800048828125,147.1199951171875,148.30999755859375,35195900,AAPL
2022-11-28,141.69093322753906,144.22000122070312,146.63999938964844,143.3800048828125,145.13999938964844,69246000,AAPL
2022-11-29,138.69439697265625,141.1699981689453,144.80999755859375,140.35000610351562,144.2899932861328,83763800,AAPL
2022-11-30,145.4341278076172,148.02999877929688,148.72000122070312,140.5500030517578,141.39999389648438,111380900,AAPL
2022-12-01,145.70919799804688,148.30999755859375,149.1300048828125,146.61000061035156,148.2100067138672,71250400,AAPL
2022-12-02,145.2179718017578,147.80999755859375,148.0,145.64999389648438,145.9600067138672,65447400,AAPL
2022-12-05,144.05865478515625,146.6300048828125,150.9199981689453,145.77000427246094,147.77000427246094,68826400,AAPL
2022-12-06,140.40390014648438,142.91000366210938,147.3000030517578,141.9199981689453,147.07000732421875,64727200,AAPL
2022-12-07,138.4684600830078,140.94000244140625,143.3699951171875,140.0,142.19000244140625,69721100,AAPL
2022-12-08,140.1484375,142.64999389648438,143.52000427246094,141.10000610351562,142.36000061035156,62128300,AAPL
2022-12-09,139.6670684814453,142.16000366210938,145.57000732421875,140.89999389648438,142.33999633789062,76097000,AAPL
2022-12-12,141.95616149902344,144.49000549316406,144.5,141.05999755859375,142.6999969482422,70462700,AAPL
2022-12-13,142.9190216064453,145.47000122070312,149.97000122070312,144.24000549316406,149.5,93886200,AAPL
2022-12-14,140.69863891601562,143.2100067138672,146.66000366210938,141.16000366210938,145.35000610351562,82291200,AAPL
2022-12-15,134.10630798339844,136.5,141.8000030517578,136.02999877929688,141.11000061035156,98931900,AAPL
2022-12-16,132.1511993408203,134.50999450683594,137.64999389648438,133.72999572753906,136.69000244140625,160156900,AAPL
2022-12-19,130.0487060546875,132.3699951171875,135.1999969482422,131.32000732421875,135.11000061035156,79592600,AAPL
2022-12-20,129.9799346923828,132.3000030517578,133.25,129.88999938964844,131.38999938964844,77432800,AAPL
2022-12-21,133.07470703125,135.4499969482422,136.80999755859375,132.75,132.97999572753906,85928000,AAPL
2022-12-22,129.91116333007812,132.22999572753906,134.55999755859375,130.3000030517578,134.35000610351562,77852100,AAPL
2022-12-23,129.54766845703125,131.86000061035156,132.4199981689453,129.63999938964844,130.9199981689453,63814900,AAPL
2022-12-27,127.74977111816406,130.02999877929688,131.41000366210938,128.72000122070312,131.3800048828125,69007800,AAPL
2022-12-28,123.82972717285156,126.04000091552734,131.02999877929688,125.87000274658203,129.6699981689453,85438400,AAPL
2022-12-29,127.33712005615234,129.61000061035156,130.47999572753906,127.7300033569336,127.98999786376953,75703700,AAPL
2022-12-30,127.65152740478516,129.92999267578125,129.9499969482422,127.43000030517578,128.41000366210938,77034200,AAPL
2023-01-03,122.87674713134766,125.06999969482422,130.89999389648438,124.16999816894531,130.27999877929688,112117500,AAPL
2023-01-04,124.14411926269531,126.36000061035156,128.66000366210938,125.08000183105469,126.88999938964844,89113600,AAPL
2023-01-05,122.82762908935547,125.0199966430664,127.7699966430664,124.76000213623047,127.12999725341797,80962700,AAPL
2023-01-06,127.34696960449219,129.6199951171875,130.2899932861328,124.88999938964844,126.01000213623047,87754700,AAPL
2023-01-09,127.8676528930664,130.14999389648438,133.41000366210938,129.88999938964844,130.47000122070312,70790800,AAPL
2023-01-10,128.4374542236328,130.72999572753906,131.25999450683594,128.1199951171875,130.25999450683594,63896200,AAPL
2023-01-11,131.1490936279297,133.49000549316406,133.50999450683594,130.4600067138672,131.25,69458900,AAPL
2023-01-12,131.07046508789062,133.41000366210938,134.25999450683594,131.44000244140625,133.8800048828125,71379600,AAPL
2023-01-13,132.39678955078125,134.75999450683594,134.9199981689453,131.66000366210938,132.02999877929688,57809700,AAPL
2023-01-17,133.5561065673828,135.94000244140625,137.2899932861328,134.1300048828125,134.8300018310547,63646600,AAPL
2023-01-18,132.83889770507812,135.2100067138672,138.61000061035156,135.02999877929688,136.82000732421875,69672800,AAPL
2023-01-19,132.8978729248047,135.27000427246094,136.25,133.77000427246094,134.0800018310547,58280400,AAPL
2023-01-20,135.4522705078125,137.8699951171875,138.02000427246094,134.22000122070312,135.27999877929688,80223600,AAPL
2023-01-23,138.63546752929688,141.11000061035156,143.32000732421875,137.89999389648438,138.1199951171875,81760300,AAPL
2023-01-24,140.03057861328125,142.52999877929688,143.16000366210938,140.3000030517578,140.30999755859375,66435100,AAPL
2023-01-25,139.372314453125,141.86000061035156,142.42999267578125,138.80999755859375,140.88999938964844,65799300,AAPL
2023-01-26,141.43548583984375,143.9600067138672,144.25,141.89999389648438,143.1699981689453,54105100,AAPL
2023-01-27,143.37091064453125,145.92999267578125,147.22999572753906,143.0800018310547,143.16000366210938,70555800,AAPL
2023-01-30,140.4923095703125,143.0,145.5500030517578,142.85000610351562,144.9600067138672,64015300,AAPL
2023-01-31,141.75970458984375,144.2899932861328,144.33999633789062,142.27999877929688,142.6999969482422,65874500,AAPL
2023-02-01,142.8797149658203,145.42999267578125,146.61000061035156,141.32000732421875,143.97000122070312,77663600,AAPL
2023-02-02,148.17518615722656,150.82000732421875,151.17999267578125,148.1699981689453,148.89999389648438,118339000,AAPL
2023-02-03,151.7906494140625,154.5,157.3800048828125,147.8300018310547,148.02999877929688,154357300,AAPL
2023-02-06,149.0692138671875,151.72999572753906,153.10000610351562,150.77999877929688,152.57000732421875,69858300,AAPL
2023-02-07,151.9380645751953,154.64999389648438,155.22999572753906,150.63999938964844,150.63999938964844,83322600,AAPL
2023-02-08,149.25592041015625,151.9199981689453,154.5800018310547,151.1699981689453,153.8800048828125,64120100,AAPL
2023-02-09,148.2242889404297,150.8699951171875,154.3300018310547,150.4199981689453,153.77999877929688,56007100,AAPL
2023-02-10,148.58836364746094,151.00999450683594,151.33999633789062,149.22000122070312,149.4600067138672,57450700,AAPL
2023-02-13,151.38284301757812,153.85000610351562,154.25999450683594,150.9199981689453,150.9499969482422,62199000,AAPL
2023-02-14,150.74325561523438,153.1999969482422,153.77000427246094,150.86000061035156,152.1199951171875,61707600,AAPL
2023-02-15,152.83912658691406,155.3300018310547,155.5,152.8800048828125,153.11000061035156,65573800,AAPL
2023-02-16,151.24508666992188,153.7100067138672,156.3300018310547,153.35000610351562,153.50999450683594,68167900,AAPL
2023-02-17,150.10369873046875,152.5500030517578,153.0,150.85000610351562,152.35000610351562,59144100,AAPL
2023-02-21,146.0989532470703,148.47999572753906,151.3000030517578,148.41000366210938,150.1999969482422,58867200,AAPL
2023-02-22,146.52206420898438,148.91000366210938,149.9499969482422,147.16000366210938,148.8699951171875,51011300,AAPL
2023-02-23,147.00416564941406,149.39999389648438,150.33999633789062,147.24000549316406,150.08999633789062,48394200,AAPL
2023-02-24,144.35733032226562,146.7100067138672,147.19000244140625,145.72000122070312,147.11000061035156,55469600,AAPL
2023-02-27,145.5479278564453,147.9199981689453,149.1699981689453,147.4499969482422,147.7100067138672,44998500,AAPL
2023-02-28,145.04611206054688,147.41000366210938,149.0800018310547,146.8300018310547,147.0500030517578,50547000,AAPL
2023-03-01,142.97979736328125,145.30999755859375,147.22999572753906,145.00999450683594,146.8300018310547,55479000,AAPL
2023-03-02,143.57020568847656,145.91000366210938,146.7100067138672,143.89999389648438,144.3800048828125,52238100,AAPL
2023-03-03,148.6080780029297,151.02999877929688,151.11000061035156,147.3300018310547,148.0399932861328,70732300,AAPL
2023-03-06,151.36312866210938,153.8300018310547,156.3000030517578,153.4600067138672,153.7899932861328,87558000,AAPL
2023-03-07,149.1688995361328,151.60000610351562,154.02999877929688,151.1300048828125,153.6999969482422,56182000,AAPL
2023-03-08,150.41854858398438,152.8699951171875,153.47000122070312,151.8300018310547,152.80999755859375,47204800,AAPL
2023-03-09,148.1750946044922,150.58999633789062,154.5399932861328,150.22999572753906,153.55999755859375,53833600,AAPL
2023-03-10,146.11863708496094,148.5,150.94000244140625,147.61000061035156,150.2100067138672,68572400,AAPL
2023-03-13,148.05703735351562,150.47000122070312,153.13999938964844,147.6999969482422,147.80999755859375,84457100,AAPL
2023-03-14,150.14306640625,152.58999633789062,153.39999389648438,150.10000610351562,151.27999877929688,73695900,AAPL
2023-03-15,150.53663635253906,152.99000549316406,153.25,149.9199981689453,151.19000244140625,77167900,AAPL
2023-03-16,153.35076904296875,155.85000610351562,156.4600067138672,151.63999938964844,152.16000366210938,76161100,AAPL
2023-03-17,152.514404296875,155.0,156.74000549316406,154.27999877929688,156.0800018310547,98944600,AAPL
2023-03-20,154.87588500976562,157.39999389648438,157.82000732421875,154.14999389648438,155.07000732421875,73641400,AAPL
2023-03-21,156.72573852539062,159.27999877929688,159.39999389648438,156.5399932861328,157.32000732421875,73938300,AAPL
2023-03-22,155.2989959716797,157.8300018310547,162.13999938964844,157.80999755859375,159.3000030517578,75701800,AAPL
2023-03-23,156.38134765625,158.92999267578125,161.5500030517578,157.67999267578125,158.8300018310547,67622100,AAPL
2023-03-24,157.68020629882812,160.25,160.33999633789062,157.85000610351562,158.86000061035156,59196500,AAPL
2023-03-27,155.74176025390625,158.27999877929688,160.77000427246094,157.8699951171875,159.94000244140625,52390300,AAPL
2023-03-28,155.1218719482422,157.64999389648438,158.49000549316406,155.97999572753906,157.97000122070312,45992200,AAPL
2023-03-29,158.1918487548828,160.77000427246094,161.0500030517578,159.35000610351562,159.3699951171875,51305700,AAPL
2023-03-30,159.75637817382812,162.36000061035156,162.47000122070312,161.27000427246094,161.52999877929688,49501700,AAPL
2023-03-31,162.25563049316406,164.89999389648438,165.0,161.91000366210938,162.44000244140625,68749800,AAPL
2023-04-03,163.50526428222656,166.1699981689453,166.2899932861328,164.22000122070312,164.27000427246094,56976200,AAPL
2023-04-04,162.97393798828125,165.6300048828125,166.83999633789062,165.11000061035156,166.60000610351562,46278300,AAPL
2023-04-05,161.1339111328125,163.75999450683594,165.0500030517578,161.8000030517578,164.74000549316406,51511700,AAPL
2023-04-06,162.0194854736328,164.66000366210938,164.9600067138672,162.0,162.42999267578125,45390100,AAPL
2023-04-10,159.431640625,162.02999877929688,162.02999877929688,160.0800018310547,161.4199981689453,47716900,AAPL
2023-04-11,158.2213897705078,160.8000030517578,162.36000061035156,160.50999450683594,162.35000610351562,47644200,AAPL
2023-04-12,157.5325927734375,160.10000610351562,162.05999755859375,159.77999877929688,161.22000122070312,50133100,AAPL
2023-04-13,162.90505981445312,165.55999755859375,165.8000030517578,161.4199981689453,161.6300048828125,68445600,AAPL
2023-04-14,162.5606689453125,165.2100067138672,166.32000732421875,163.82000732421875,164.58999633789062,49386500,AAPL
2023-04-17,162.58033752441406,165.22999572753906,165.38999938964844,164.02999877929688,165.08999633789062,41516200,AAPL
2023-04-18,163.8004608154297,166.47000122070312,167.41000366210938,165.64999389648438,166.10000610351562,49923000,AAPL
2023-04-19,164.94183349609375,167.6300048828125,168.16000366210938,165.5399932861328,165.8000030517578,47720200,AAPL
2023-04-20,163.97760009765625,166.64999389648438,167.8699951171875,165.55999755859375,166.08999633789062,52456400,AAPL
2023-04-21,162.37374877929688,165.02000427246094,166.4499969482422,164.49000549316406,165.0500030517578,58337300,AAPL
2023-04-24,162.6787109375,165.3300018310547,165.60000610351562,163.88999938964844,165.0,41949600,AAPL
2023-04-25,161.14376831054688,163.77000427246094,166.30999755859375,163.72999572753906,165.19000244140625,48714100,AAPL
2023-04-26,161.1339111328125,163.75999450683594,165.27999877929688,162.8000030517578,163.05999755859375,45498800,AAPL
2023-04-27,165.70936584472656,168.41000366210938,168.55999755859375,165.19000244140625,165.19000244140625,64902300,AAPL
2023-04-28,166.95895385742188,169.67999267578125,169.85000610351562,167.8800048828125,168.49000549316406,55275900,AAPL
2023-05-01,166.8704376220703,169.58999633789062,170.4499969482422,168.63999938964844,169.27999877929688,52472900,AAPL
2023-05-02,165.8372802734375,168.5399932861328,170.35000610351562,167.5399932861328,170.08999633789062,48425700,AAPL
2023-05-03,164.7646942138672,167.4499969482422,170.9199981689453,167.16000366210938,169.5,65136000,AAPL
2023-05-04,163.13136291503906,165.7899932861328,167.0399932861328,164.30999755859375,164.88999938964844,81235400,AAPL
2023-05-05,170.78662109375,173.57000732421875,174.3000030517578,170.75999450683594,170.97999572753906,113453200,AAPL
2023-05-08,170.7177276611328,173.5,173.85000610351562,172.11000061035156,172.47999572753906,55962800,AAPL
2023-05-09,169.0154571533203,171.77000427246094,173.5399932861328,171.60000610351562,173.0500030517578,45326900,AAPL
2023-05-10,170.77674865722656,173.55999755859375,174.02999877929688,171.89999389648438,173.02000427246094,53724500,AAPL
2023-05-11,170.96368408203125,173.75,174.58999633789062,172.1699981689453,173.85000610351562,49514700,AAPL
2023-05-12,170.03750610351562,172.57000732421875,174.05999755859375,171.0,173.6199951171875,45533100,AAPL
2023-05-15,169.54483032226562,172.07000732421875,173.2100067138672,171.47000122070312,173.16000366210938,37266700,AAPL
2023-05-16,169.54483032226562,172.07000732421875,173.13999938964844,171.8000030517578,171.99000549316406,42110300,AAPL
2023-05-17,170.15573120117188,172.69000244140625,172.92999267578125,170.4199981689453,171.7100067138672,57951600,AAPL
2023-05-18,172.48114013671875,175.0500030517578,175.24000549316406,172.5800018310547,173.0,65496700,AAPL
2023-05-19,172.58950805664062,175.16000366210938,176.38999938964844,174.94000244140625,176.38999938964844,55809500,AAPL
2023-05-22,171.6436004638672,174.1999969482422,174.7100067138672,173.4499969482422,173.97999572753906,43570900,AAPL
2023-05-23,169.0423583984375,171.55999755859375,173.3800048828125,171.27999877929688,173.1300048828125,50747300,AAPL
2023-05-24,169.31822204589844,171.83999633789062,172.4199981689453,170.52000427246094,171.08999633789062,45143500,AAPL
2023-05-25,170.45135498046875,172.99000549316406,173.89999389648438,171.69000244140625,172.41000366210938,56058300,AAPL
2023-05-26,172.8555450439453,175.42999267578125,175.77000427246094,173.11000061035156,173.32000732421875,54835000,AAPL
2023-05-30,174.6980743408203,177.3000030517578,178.99000549316406,176.57000732421875,176.9600067138672,55964400,AAPL
2023-05-31,174.64886474609375,177.25,179.35000610351562,176.75999450683594,177.3300018310547,99625300,AAPL
2023-06-01,177.4471435546875,180.08999633789062,180.1199951171875,176.92999267578125,177.6999969482422,68901800,AAPL
2023-06-02,178.29449462890625,180.9499969482422,181.77999877929688,179.25999450683594,181.02999877929688,61996900,AAPL
2023-06-05,176.94461059570312,179.5800018310547,184.9499969482422,178.0399932861328,182.6300048828125,121946500,AAPL
2023-06-06,176.580078125,179.2100067138672,180.1199951171875,177.42999267578125,179.97000122070312,64848400,AAPL
2023-06-07,175.21046447753906,177.82000732421875,181.2100067138672,177.32000732421875,178.44000244140625,61944600,AAPL
2023-06-08,177.92013549804688,180.57000732421875,180.83999633789062,177.4600067138672,177.89999389648438,50214900,AAPL
2023-06-09,178.30438232421875,180.9600067138672,182.22999572753906,180.6300048828125,181.5,48900000,AAPL
2023-06-12,181.0928497314453,183.7899932861328,183.88999938964844,180.97000122070312,181.27000427246094,54274900,AAPL
2023-06-13,180.6199188232422,183.30999755859375,184.14999389648438,182.44000244140625,182.8000030517578,54929100,AAPL
2023-06-14,181.25048828125,183.9499969482422,184.38999938964844,182.02000427246094,183.3699951171875,57462900,AAPL
2023-06-15,183.2802734375,186.00999450683594,186.52000427246094,183.77999877929688,183.9600067138672,65433200,AAPL
2023-06-16,182.20626831054688,184.9199981689453,186.99000549316406,184.27000427246094,186.72999572753906,101256200,AAPL
2023-06-20,182.294921875,185.00999450683594,186.10000610351562,184.41000366210938,184.41000366210938,49799100,AAPL
2023-06-21,181.2603302001953,183.9600067138672,185.41000366210938,182.58999633789062,184.89999389648438,49515700,AAPL
2023-06-22,184.25575256347656,187.0,187.0500030517578,183.6699981689453,183.74000549316406,51245300,AAPL
2023-06-23,183.9404296875,186.67999267578125,187.55999755859375,185.00999450683594,185.5500030517578,53117000,AAPL
2023-06-26,182.55116271972656,185.27000427246094,188.0500030517578,185.22999572753906,186.8300018310547,48088700,AAPL
2023-06-27,185.3001708984375,188.05999755859375,188.38999938964844,185.6699981689453,185.88999938964844,50730800,AAPL
2023-06-28,186.47276306152344,189.25,189.89999389648438,187.60000610351562,187.92999267578125,51216800,AAPL
2023-06-29,186.80772399902344,189.58999633789062,190.07000732421875,188.94000244140625,189.0800018310547,46347300,AAPL
2023-06-30,191.1234588623047,193.97000122070312,194.47999572753906,191.25999450683594,191.6300048828125,85213200,AAPL
2023-07-03,189.6356201171875,192.4600067138672,193.8800048828125,191.75999450683594,193.77999877929688,31458200,AAPL
2023-07-05,188.5221710205078,191.3300018310547,192.97999572753906,190.6199951171875,191.57000732421875,46920300,AAPL
2023-07-06,188.99513244628906,191.80999755859375,192.02000427246094,189.1999969482422,189.83999633789062,45094300,AAPL
2023-07-07,187.8817138671875,190.67999267578125,192.6699981689453,190.24000549316406,191.41000366210938,46815000,AAPL
2023-07-10,185.84210205078125,188.61000061035156,189.99000549316406,187.0399932861328,189.25999450683594,59922200,AAPL
2023-07-11,185.3198699951172,188.0800018310547,189.3000030517578,186.60000610351562,189.16000366210938,46638100,AAPL
2023-07-12,186.98509216308594,189.77000427246094,191.6999969482422,188.47000122070312,189.67999267578125,60750200,AAPL
2023-07-13,187.74378967285156,190.5399932861328,191.19000244140625,189.77999877929688,190.5,41342300,AAPL
2023-07-14,187.8916015625,190.69000244140625,191.17999267578125,189.6300048828125,190.22999572753906,41616200,AAPL
2023-07-17,191.14315795898438,193.99000549316406,194.32000732421875,191.80999755859375,191.89999389648438,50520200,AAPL
2023-07-18,190.88697814941406,193.72999572753906,194.3300018310547,192.4199981689453,193.35000610351562,48288200,AAPL
2023-07-19,192.23687744140625,195.10000610351562,198.22999572753906,192.64999389648438,193.10000610351562,80507300,AAPL
2023-07-20,190.2957763671875,193.1300048828125,196.47000122070312,192.5,195.08999633789062,59581200,AAPL
2023-07-21,189.1232452392578,191.94000244140625,194.97000122070312,191.22999572753906,194.10000610351562,71951700,AAPL
2023-07-24,189.92137145996094,192.75,194.91000366210938,192.25,193.41000366210938,45377800,AAPL
2023-07-25,190.77857971191406,193.6199951171875,194.44000244140625,192.9199981689453,193.3300018310547,37283200,AAPL
2023-07-26,191.64569091796875,194.5,195.63999938964844,193.32000732421875,193.6699981689453,47471900,AAPL
2023-07-27,190.38449096679688,193.22000122070312,197.1999969482422,192.5500030517578,196.02000427246094,47460200,AAPL
2023-07-28,192.95616149902344,195.8300018310547,196.6300048828125,194.13999938964844,194.6699981689453,48291400,AAPL
2023-07-31,193.5670623779297,196.4499969482422,196.49000549316406,195.25999450683594,196.05999755859375,38824100,AAPL
2023-08-01,192.73941040039062,195.61000061035156,196.72999572753906,195.27999877929688,196.24000549316406,35175100,AAPL
2023-08-02,189.7538604736328,192.5800018310547,195.17999267578125,191.85000610351562,195.0399932861328,50389300,AAPL
2023-08-03,188.3645477294922,191.1699981689453,192.3699951171875,190.69000244140625,191.57000732421875,61235200,AAPL
2023-08-04,179.31930541992188,181.99000549316406,187.3800048828125,181.9199981689453,185.52000427246094,115956800,AAPL
2023-08-07,176.2253875732422,178.85000610351562,183.1300048828125,177.35000610351562,182.1300048828125,97576100,AAPL
2023-08-08,177.16140747070312,179.8000030517578,180.27000427246094,177.5800018310547,179.69000244140625,67823000,AAPL
2023-08-09,175.5750274658203,178.19000244140625,180.92999267578125,177.00999450683594,180.8699951171875,60378500,AAPL
2023-08-10,175.35824584960938,177.97000122070312,180.75,177.60000610351562,179.47999572753906,54686900,AAPL
2023-08-11,175.41746520996094,177.7899932861328,178.6199951171875,176.5500030517578,177.32000732421875,52036700,AAPL
2023-08-14,177.065185546875,179.4600067138672,179.69000244140625,177.30999755859375,177.97000122070312,43675600,AAPL
2023-08-15,175.0819854736328,177.4499969482422,179.47999572753906,177.0500030517578,178.8800048828125,43622600,AAPL
2023-08-16,174.2137451171875,176.57000732421875,178.5399932861328,176.5,177.1300048828125,46964900,AAPL
2023-08-17,171.6780242919922,174.0,177.50999450683594,173.47999572753906,177.13999938964844,66062900,AAPL
2023-08-18,172.1614990234375,174.49000549316406,175.10000610351562,171.9600067138672,172.3000030517578,61172200,AAPL
2023-08-21,173.49346923828125,175.83999633789062,176.1300048828125,173.74000549316406,175.07000732421875,46311900,AAPL
2023-08-22,174.86492919921875,177.22999572753906,177.67999267578125,176.25,177.05999755859375,42038900,AAPL
2023-08-23,178.70301818847656,181.1199951171875,181.5500030517578,178.3300018310547,178.52000427246094,52722800,AAPL
2023-08-24,174.02626037597656,176.3800048828125,181.10000610351562,176.00999450683594,180.6699981689453,54945800,AAPL
2023-08-25,176.2265167236328,178.61000061035156,179.14999389648438,175.82000732421875,177.3800048828125,51449600,AAPL
2023-08-28,177.7854461669922,180.19000244140625,180.58999633789062,178.5500030517578,180.08999633789062,43820700,AAPL
2023-08-29,181.66297912597656,184.1199951171875,184.89999389648438,179.5,179.6999969482422,53003900,AAPL
2023-08-30,185.1458740234375,187.64999389648438,187.85000610351562,184.74000549316406,184.94000244140625,60813900,AAPL
2023-08-31,185.36294555664062,187.8699951171875,189.1199951171875,187.47999572753906,187.83999633789062,60794500,AAPL
2023-09-01,186.93173217773438,189.4600067138672,189.9199981689453,188.27999877929688,189.49000549316406,45766500,AAPL
2023-09-05,187.1685333251953,189.6999969482422,189.97999572753906,187.61000061035156,188.27999877929688,45280000,AAPL
2023-09-06,180.46913146972656,182.91000366210938,188.85000610351562,181.47000122070312,188.39999389648438,81755800,AAPL
2023-09-07,175.19052124023438,177.55999755859375,178.2100067138672,173.5399932861328,175.17999267578125,112488800,AAPL
2023-09-08,175.80224609375,178.17999267578125,180.24000549316406,177.7899932861328,178.35000610351562,65551300,AAPL
2023-09-11,176.96652221679688,179.36000061035156,180.3000030517578,177.33999633789062,180.07000732421875,58953100,AAPL
2023-09-12,173.9473419189453,176.3000030517578,180.1300048828125,174.82000732421875,179.49000549316406,90370200,AAPL
2023-09-13,171.88526916503906,174.2100067138672,177.3000030517578,173.97999572753906,176.50999450683594,84267900,AAPL
2023-09-14,173.394775390625,175.74000549316406,176.10000610351562,173.5800018310547,174.0,60895800,AAPL
2023-09-15,172.674560546875,175.00999450683594,176.5,173.82000732421875,176.47999572753906,109259500,AAPL
2023-09-18,175.59506225585938,177.97000122070312,179.3800048828125,176.1699981689453,176.47999572753906,67257600,AAPL
2023-09-19,176.68040466308594,179.07000732421875,179.6300048828125,177.1300048828125,177.52000427246094,51826900,AAPL
2023-09-20,173.14813232421875,175.49000549316406,179.6999969482422,175.39999389648438,179.25999450683594,58436200,AAPL
2023-09-21,171.6089630126953,173.92999267578125,176.3000030517578,173.86000061035156,174.5500030517578,63149100,AAPL
2023-09-22,172.4574737548828,174.7899932861328,177.0800018310547,174.0500030517578,174.6699981689453,56725400,AAPL
2023-09-25,173.7303009033203,176.0800018310547,176.97000122070312,174.14999389648438,174.1999969482422,46172700,AAPL
2023-09-26,169.6652374267578,171.9600067138672,175.1999969482422,171.66000366210938,174.82000732421875,64588900,AAPL
2023-09-27,168.1556854248047,170.42999267578125,173.0399932861328,169.0500030517578,172.6199951171875,66921800,AAPL
2023-09-28,168.41220092773438,170.69000244140625,172.02999877929688,167.6199951171875,169.33999633789062,56294400,AAPL
2023-09-29,168.92526245117188,171.2100067138672,173.07000732421875,170.33999633789062,172.02000427246094,51861100,AAPL
2023-10-02,171.43136596679688,173.75,174.3000030517578,170.92999267578125,171.22000122070312,52164500,AAPL
2023-10-03,170.09939575195312,172.39999389648438,173.6300048828125,170.82000732421875,172.25999450683594,49594600,AAPL
2023-10-04,171.34259033203125,173.66000366210938,174.2100067138672,170.97000122070312,171.08999633789062,53020300,AAPL
2023-10-05,172.57589721679688,174.91000366210938,175.4499969482422,172.67999267578125,173.7899932861328,48527900,AAPL
2023-10-06,175.12147521972656,177.49000549316406,177.99000549316406,173.17999267578125,173.8000030517578,57266700,AAPL
2023-10-09,176.60145568847656,178.99000549316406,179.0500030517578,175.8000030517578,176.80999755859375,42390800,AAPL
2023-10-10,176.00946044921875,178.38999938964844,179.72000122070312,177.9499969482422,178.10000610351562,43698000,AAPL
2023-10-11,177.400634765625,179.8000030517578,179.85000610351562,177.60000610351562,178.1999969482422,47551100,AAPL
2023-10-12,178.2985076904297,180.7100067138672,182.33999633789062,179.0399932861328,180.07000732421875,56743100,AAPL
2023-10-13,176.46331787109375,178.85000610351562,181.92999267578125,178.13999938964844,181.4199981689453,51427100,AAPL
2023-10-16,176.33505249023438,178.72000122070312,179.0800018310547,176.50999450683594,176.75,52517000,AAPL
2023-10-17,174.7860107421875,177.14999389648438,178.4199981689453,174.8000030517578,176.64999389648438,57549400,AAPL
2023-10-18,173.49346923828125,175.83999633789062,177.5800018310547,175.11000061035156,175.5800018310547,54764400,AAPL
2023-10-19,173.11854553222656,175.4600067138672,177.83999633789062,175.19000244140625,176.0399932861328,59302900,AAPL
2023-10-20,170.57298278808594,172.8800048828125,175.4199981689453,172.63999938964844,175.30999755859375,64244000,AAPL
2023-10-23,170.69137573242188,173.0,174.00999450683594,169.92999267578125,170.91000366210938,55980100,AAPL
2023-10-24,171.12550354003906,173.44000244140625,173.6699981689453,171.4499969482422,173.0500030517578,43816600,AAPL
2023-10-25,168.81674194335938,171.10000610351562,173.05999755859375,170.64999389648438,171.8800048828125,57157000,AAPL
2023-10-26,164.66294860839844,166.88999938964844,171.3800048828125,165.6699981689453,170.3699951171875,70625300,AAPL
2023-10-27,165.9751739501953,168.22000122070312,168.9600067138672,166.8300018310547,166.91000366210938,58499100,AAPL
2023-10-30,168.01754760742188,170.2899932861328,171.1699981689453,168.8699951171875,169.02000427246094,51131000,AAPL
2023-10-31,168.4911651611328,170.77000427246094,170.89999389648438,167.89999389648438,169.35000610351562,44846000,AAPL
2023-11-01,171.6484375,173.97000122070312,174.22999572753906,170.1199951171875,171.0,56934900,AAPL
2023-11-02,175.20042419433594,177.57000732421875,177.77999877929688,175.4600067138672,175.52000427246094,77334800,AAPL
2023-11-03,174.2926788330078,176.64999389648438,176.82000732421875,173.35000610351562,174.24000549316406,79829200,AAPL
2023-11-06,176.83824157714844,179.22999572753906,179.42999267578125,176.2100067138672,176.3800048828125,63841300,AAPL
2023-11-07,179.39369201660156,181.82000732421875,182.44000244140625,178.97000122070312,179.17999267578125,70530000,AAPL
2023-11-08,180.44943237304688,182.88999938964844,183.4499969482422,181.58999633789062,182.35000610351562,49340300,AAPL
2023-11-09,179.975830078125,182.41000366210938,184.1199951171875,181.80999755859375,182.9600067138672,53763500,AAPL
2023-11-10,184.15484619140625,186.39999389648438,186.57000732421875,183.52999877929688,183.97000122070312,66133400,AAPL
2023-11-13,182.57412719726562,184.8000030517578,186.02999877929688,184.2100067138672,185.82000732421875,43627500,AAPL
2023-11-14,185.1823272705078,187.44000244140625,188.11000061035156,186.3000030517578,187.6999969482422,60108400,AAPL
2023-11-15,185.74546813964844,188.00999450683594,189.5,187.77999877929688,187.85000610351562,53790500,AAPL
2023-11-16,187.4250030517578,189.7100067138672,190.9600067138672,188.64999389648438,189.57000732421875,54412900,AAPL
2023-11-17,187.40521240234375,189.69000244140625,190.3800048828125,188.57000732421875,190.25,50922700,AAPL
2023-11-20,189.14402770996094,191.4499969482422,191.91000366210938,189.8800048828125,189.88999938964844,46505100,AAPL
2023-11-21,188.34378051757812,190.63999938964844,191.52000427246094,189.74000549316406,191.41000366210938,38134500,AAPL
2023-11-22,189.00572204589844,191.30999755859375,192.92999267578125,190.8300018310547,191.49000549316406,39617700,AAPL
2023-11-24,187.68186950683594,189.97000122070312,190.89999389648438,189.25,190.8699951171875,24048300,AAPL
2023-11-27,187.5040283203125,189.7899932861328,190.6699981689453,188.89999389648438,189.9199981689453,40552600,AAPL
2023-11-28,188.10665893554688,190.39999389648438,191.0800018310547,189.39999389648438,189.77999877929688,38415400,AAPL
2023-11-29,187.089111328125,189.3699951171875,192.08999633789062,188.97000122070312,190.89999389648438,43014200,AAPL
2023-11-30,187.662109375,189.9499969482422,190.32000732421875,188.19000244140625,189.83999633789062,48794400,AAPL
2023-12-01,188.93653869628906,191.24000549316406,191.55999755859375,189.22999572753906,190.3300018310547,45704800,AAPL
2023-12-04,187.1483612060547,189.42999267578125,190.0500030517578,187.4499969482422,189.97999572753906,43389500,AAPL
2023-12-05,191.09030151367188,193.4199981689453,194.39999389648438,190.17999267578125,190.2100067138672,66628400,AAPL
2023-12-06,190.00355529785156,192.32000732421875,194.75999450683594,192.11000061035156,194.4499969482422,41089700,AAPL
2023-12-07,191.9300537109375,194.27000427246094,195.0,193.58999633789062,193.6300048828125,47477700,AAPL
2023-12-08,193.3527069091797,195.7100067138672,195.99000549316406,193.6699981689453,194.1999969482422,53406400,AAPL
2023-12-11,190.8531951904297,193.17999267578125,193.49000549316406,191.4199981689453,193.11000061035156,60943700,AAPL
2023-12-12,192.36477661132812,194.7100067138672,194.72000122070312,191.72000122070312,193.0800018310547,52696900,AAPL
2023-12-13,195.5756378173828,197.9600067138672,198.0,194.85000610351562,195.08999633789062,70404200,AAPL
2023-12-14,195.7238311767578,198.11000061035156,199.6199951171875,196.16000366210938,198.02000427246094,66831600,AAPL
2023-12-15,195.19032287597656,197.57000732421875,198.39999389648438,197.0,197.52999877929688,128538400,AAPL
2023-12-18,193.5305633544922,195.88999938964844,196.6300048828125,194.38999938964844,196.08999633789062,55751900,AAPL
2023-12-19,194.56790161132812,196.94000244140625,196.9499969482422,195.88999938964844,196.16000366210938,40714100,AAPL
2023-12-20,192.4833526611328,194.8300018310547,197.67999267578125,194.8300018310547,196.89999389648438,52242800,AAPL
2023-12-21,192.3351287841797,194.67999267578125,197.0800018310547,193.5,196.10000610351562,46482500,AAPL
2023-12-22,191.26815795898438,193.60000610351562,195.41000366210938,192.97000122070312,195.17999267578125,37149600,AAPL
2023-12-26,190.72476196289062,193.0500030517578,193.88999938964844,192.8300018310547,193.61000061035156,28919300,AAPL
2023-12-27,190.8235626220703,193.14999389648438,193.5,191.08999633789062,192.49000549316406,48087700,AAPL
2023-12-28,191.24838256835938,193.5800018310547,194.66000366210938,193.1699981689453,194.13999938964844,34049900,AAPL
2023-12-29,190.2110137939453,192.52999877929688,194.39999389648438,191.72999572753906,193.89999389648438,42672100,AAPL
2024-01-02,183.4040069580078,185.63999938964844,188.44000244140625,183.88999938964844,187.14999389648438,82488700,AAPL
2024-01-03,182.03076171875,184.25,185.8800048828125,183.42999267578125,184.22000122070312,58414500,AAPL
2024-01-04,179.7189483642578,181.91000366210938,183.08999633789062,180.8800048828125,182.14999389648438,71983600,AAPL
2024-01-05,178.99774169921875,181.17999267578125,182.75999450683594,180.1699981689453,181.99000549316406,62379700,AAPL
2024-01-08,183.32498168945312,185.55999755859375,185.60000610351562,181.5,182.08999633789062,59144500,AAPL
2024-01-09,182.91004943847656,185.13999938964844,185.14999389648438,182.72999572753906,183.9199981689453,42841800,AAPL
2024-01-10,183.94735717773438,186.19000244140625,186.39999389648438,183.9199981689453,184.35000610351562,46792900,AAPL
2024-01-11,183.35462951660156,185.58999633789062,187.0500030517578,183.6199951171875,186.5399932861328,49128400,AAPL
2024-01-12,183.6806182861328,185.9199981689453,186.74000549316406,185.19000244140625,186.05999755859375,40477800,AAPL
2024-01-16,181.418212890625,183.6300048828125,184.25999450683594,180.92999267578125,182.16000366210938,65603000,AAPL
2024-01-17,180.47964477539062,182.67999267578125,182.92999267578125,180.3000030517578,181.27000427246094,47317400,AAPL
2024-01-18,186.35801696777344,188.6300048828125,189.13999938964844,185.8300018310547,186.08999633789062,78005800,AAPL
2024-01-19,189.25271606445312,191.55999755859375,191.9499969482422,188.82000732421875,189.3300018310547,68903000,AAPL
2024-01-22,191.5546417236328,193.88999938964844,195.3300018310547,192.25999450683594,192.3000030517578,60133900,AAPL
2024-01-23,192.8291015625,195.17999267578125,195.75,193.8300018310547,195.02000427246094,42355600,AAPL
2024-01-24,192.15731811523438,194.5,196.3800048828125,194.33999633789062,195.4199981689453,53631300,AAPL
2024-01-25,191.83126831054688,194.1699981689453,196.27000427246094,193.11000061035156,195.22000122070312,54822100,AAPL
2024-01-26,190.10232543945312,192.4199981689453,194.75999450683594,191.94000244140625,194.27000427246094,44594000,AAPL
2024-01-29,189.42063903808594,191.72999572753906,192.1999969482422,189.5800018310547,192.00999450683594,47145600,AAPL
2024-01-30,185.7751007080078,188.0399932861328,191.8000030517578,187.47000122070312,190.94000244140625,55859400,AAPL
2024-01-31,182.17893981933594,184.39999389648438,187.10000610351562,184.35000610351562,187.0399932861328,55467800,AAPL
2024-02-01,184.60931396484375,186.86000061035156,186.9499969482422,183.82000732421875,183.99000549316406,64885400,AAPL
2024-02-02,183.61146545410156,185.85000610351562,187.3300018310547,179.25,179.86000061035156,102551700,AAPL
2024-02-05,185.41943359375,187.67999267578125,189.25,185.83999633789062,188.14999389648438,69668800,AAPL
2024-02-06,187.0199432373047,189.3000030517578,189.30999755859375,186.77000427246094,186.86000061035156,43490800,AAPL
2024-02-07,187.12860107421875,189.41000366210938,191.0500030517578,188.61000061035156,190.63999938964844,53439000,AAPL
2024-02-08,186.05174255371094,188.32000732421875,189.5399932861328,187.35000610351562,189.38999938964844,40962000,AAPL
2024-02-09,186.81341552734375,188.85000610351562,189.99000549316406,188.0,188.64999389648438,45155200,AAPL
2024-02-12,185.1317596435547,187.14999389648438,188.6699981689453,186.7899932861328,188.4199981689453,41781900,AAPL
2024-02-13,183.0445098876953,185.0399932861328,186.2100067138672,183.50999450683594,185.77000427246094,56529500,AAPL
2024-02-14,182.16409301757812,184.14999389648438,185.52999877929688,182.44000244140625,185.32000732421875,54630500,AAPL
2024-02-15,181.8772430419922,183.86000061035156,184.49000549316406,181.35000610351562,183.5500030517578,65434500,AAPL
2024-02-16,180.3439483642578,182.30999755859375,184.85000610351562,181.6699981689453,183.4199981689453,49752500,AAPL
2024-02-20,179.60205078125,181.55999755859375,182.42999267578125,180.0,181.7899932861328,53665600,AAPL
2024-02-21,180.35386657714844,182.32000732421875,182.88999938964844,180.66000366210938,181.94000244140625,41371400,AAPL
2024-02-22,182.38172912597656,184.3699951171875,184.9600067138672,182.4600067138672,183.47999572753906,52292200,AAPL
2024-02-23,180.5517120361328,182.52000427246094,185.0399932861328,182.22999572753906,185.00999450683594,45119700,AAPL
2024-02-26,179.2063751220703,181.16000366210938,182.75999450683594,180.64999389648438,182.24000549316406,40867400,AAPL
2024-02-27,180.66050720214844,182.6300048828125,183.9199981689453,179.55999755859375,181.10000610351562,54318900,AAPL
2024-02-28,179.46353149414062,181.4199981689453,183.1199951171875,180.1300048828125,182.50999450683594,48953900,AAPL
2024-02-29,178.80078125,180.75,182.57000732421875,179.52999877929688,181.27000427246094,136682600,AAPL
2024-03-01,177.72251892089844,179.66000366210938,180.52999877929688,177.3800048828125,179.5500030517578,73563100,AAPL
2024-03-04,173.2117156982422,175.10000610351562,176.89999389648438,173.7899932861328,176.14999389648438,81510100,AAPL
2024-03-05,168.285400390625,170.1199951171875,172.0399932861328,169.6199951171875,170.75999450683594,95132400,AAPL
2024-03-06,167.2961883544922,169.1199951171875,171.24000549316406,168.67999267578125,171.05999755859375,68587700,AAPL
2024-03-07,167.17747497558594,169.0,170.72999572753906,168.49000549316406,169.14999389648438,71765100,AAPL
2024-03-08,168.88882446289062,170.72999572753906,173.6999969482422,168.94000244140625,169.0,76267000,AAPL
2024-03-11,170.88705444335938,172.75,174.3800048828125,172.0500030517578,172.94000244140625,60139500,AAPL
2024-03-12,171.36187744140625,173.22999572753906,174.02999877929688,171.00999450683594,173.14999389648438,59825400,AAPL
2024-03-13,169.28453063964844,171.1300048828125,173.19000244140625,170.75999450683594,172.77000427246094,52488700,AAPL
2024-03-14,171.1343536376953,173.0,174.30999755859375,172.0500030517578,172.91000366210938,72913500,AAPL
2024-03-15,170.75845336914062,172.6199951171875,172.6199951171875,170.2899932861328,171.1699981689453,121752700,AAPL
2024-03-18,171.8466033935547,173.72000122070312,177.7100067138672,173.52000427246094,175.57000732421875,75604200,AAPL
2024-03-19,174.18115234375,176.0800018310547,176.61000061035156,173.02999877929688,174.33999633789062,55215200,AAPL
2024-03-20,176.74319458007812,178.6699981689453,178.6699981689453,175.08999633789062,175.72000122070312,53423100,AAPL
2024-03-21,169.5219268798828,171.3699951171875,177.49000549316406,170.83999633789062,177.0500030517578,106181300,AAPL
2024-03-22,170.42210388183594,172.27999877929688,173.0500030517578,170.05999755859375,171.75999450683594,71160100,AAPL
2024-03-25,169.007568359375,170.85000610351562,171.94000244140625,169.4499969482422,170.57000732421875,54288300,AAPL
2024-03-26,167.8798370361328,169.7100067138672,171.4199981689453,169.5800018310547,170.0,57388400,AAPL
2024-03-27,171.44100952148438,173.30999755859375,173.60000610351562,170.11000061035156,170.41000366210938,60273300,AAPL
2024-03-28,169.63072204589844,171.47999572753906,172.22999572753906,170.50999450683594,171.75,65672700,AAPL
2024-04-01,168.19639587402344,170.02999877929688,171.25,169.47999572753906,171.19000244140625,46240500,AAPL
2024-04-02,167.01922607421875,168.83999633789062,169.33999633789062,168.22999572753906,169.0800018310547,49329500,AAPL
2024-04-03,167.82049560546875,169.64999389648438,170.67999267578125,168.5800018310547,168.7899932861328,47691700,AAPL
2024-04-04,166.99942016601562,168.82000732421875,171.9199981689453,168.82000732421875,170.2899932861328,53704400,AAPL
2024-04-05,167.751220703125,169.5800018310547,170.38999938964844,168.9499969482422,169.58999633789062,42104800,AAPL
2024-04-08,166.6334228515625,168.4499969482422,169.1999969482422,168.24000549316406,169.02999877929688,37425500,AAPL
2024-04-09,167.8402862548828,169.6699981689453,170.0800018310547,168.35000610351562,168.6999969482422,42373800,AAPL
2024-04-10,165.97064208984375,167.77999877929688,169.08999633789062,167.11000061035156,168.8000030517578,49709300,AAPL
2024-04-11,173.15232849121094,175.0399932861328,175.4600067138672,168.16000366210938,168.33999633789062,91070300,AAPL
2024-04-12,174.6460723876953,176.5500030517578,178.36000061035156,174.2100067138672,174.25999450683594,101670900,AAPL
2024-04-15,170.8277130126953,172.69000244140625,176.6300048828125,172.5,175.36000061035156,73531800,AAPL
2024-04-16,167.5533905029297,169.3800048828125,173.75999450683594,168.27000427246094,171.75,73711200,AAPL
2024-04-17,166.18826293945312,168.0,170.64999389648438,168.0,169.61000061035156,50901200,AAPL
2024-04-18,165.23861694335938,167.0399932861328,168.63999938964844,166.5500030517578,168.02999877929688,43122900,AAPL
2024-04-19,163.22064208984375,165.0,166.39999389648438,164.0800018310547,166.2100067138672,68149400,AAPL
2024-04-22,164.05152893066406,165.83999633789062,167.25999450683594,164.77000427246094,165.52000427246094,48116400,AAPL
2024-04-23,165.10012817382812,166.89999389648438,167.0500030517578,164.9199981689453,165.35000610351562,49537800,AAPL
2024-04-24,167.197265625,169.02000427246094,169.3000030517578,166.2100067138672,166.5399932861328,48251800,AAPL
2024-04-25,168.05789184570312,169.88999938964844,170.61000061035156,168.14999389648438,169.52999877929688,50558300,AAPL
2024-04-26,167.47425842285156,169.3000030517578,171.33999633789062,169.17999267578125,169.8800048828125,44838400,AAPL
2024-04-29,171.6289520263672,173.5,176.02999877929688,173.10000610351562,173.3699951171875,68169400,AAPL
2024-04-30,168.49313354492188,170.3300018310547,174.99000549316406,170.0,173.3300018310547,65934800,AAPL
2024-05-01,167.47425842285156,169.3000030517578,172.7100067138672,169.11000061035156,169.5800018310547,50383100,AAPL
2024-05-02,171.16403198242188,173.02999877929688,173.4199981689453,170.88999938964844,172.50999450683594,94214900,AAPL
2024-05-03,181.40240478515625,183.3800048828125,187.0,182.66000366210938,186.64999389648438,163224100,AAPL
2024-05-06,179.7504425048828,181.7100067138672,184.1999969482422,180.4199981689453,182.35000610351562,78569700,AAPL
2024-05-07,180.43296813964844,182.39999389648438,184.89999389648438,181.32000732421875,183.4499969482422,77305800,AAPL
2024-05-08,180.7693328857422,182.74000549316406,183.07000732421875,181.4499969482422,182.85000610351562,45057100,AAPL
2024-05-09,182.57958984375,184.57000732421875,184.66000366210938,182.11000061035156,182.55999755859375,48983000,AAPL
2024-05-10,181.32156372070312,183.0500030517578,185.08999633789062,182.1300048828125,184.89999389648438,50759500,AAPL
2024-05-13,184.52110290527344,186.27999877929688,187.10000610351562,184.6199951171875,185.44000244140625,72044800,AAPL
2024-05-14,185.6602020263672,187.42999267578125,188.3000030517578,186.2899932861328,187.50999450683594,52393600,AAPL
2024-05-15,187.92860412597656,189.72000122070312,190.64999389648438,187.3699951171875,187.91000366210938,70400000,AAPL
2024-05-16,188.04747009277344,189.83999633789062,191.10000610351562,189.66000366210938,190.47000122070312,52845200,AAPL
2024-05-17,188.07717895507812,189.8699951171875,190.80999755859375,189.17999267578125,189.50999450683594,41282900,AAPL
2024-05-20,189.2361297607422,191.0399932861328,191.9199981689453,189.00999450683594,189.3300018310547,44361300,AAPL
2024-05-21,190.53378295898438,192.35000610351562,192.72999572753906,190.9199981689453,191.08999633789062,42309400,AAPL
2024-05-22,189.09744262695312,190.89999389648438,192.82000732421875,190.27000427246094,192.27000427246094,34648500,AAPL
2024-05-23,185.1154327392578,186.8800048828125,191.0,186.6300048828125,190.97999572753906,51005900,AAPL
2024-05-24,188.18612670898438,189.97999572753906,190.5800018310547,188.0399932861328,188.82000732421875,36327000,AAPL
2024-05-28,188.196044921875,189.99000549316406,193.0,189.10000610351562,191.50999450683594,52280100,AAPL
2024-05-29,188.4932098388672,190.2899932861328,192.25,189.50999450683594,189.61000061035156,53068000,AAPL
2024-05-30,189.4837646484375,191.2899932861328,192.17999267578125,190.6300048828125,190.75999450683594,49889100,AAPL
2024-05-31,190.43472290039062,192.25,192.57000732421875,189.91000366210938,191.44000244140625,75158300,AAPL
2024-06-03,192.1978759765625,194.02999877929688,194.99000549316406,192.52000427246094,192.89999389648438,50080500,AAPL
2024-06-04,192.51486206054688,194.35000610351562,195.32000732421875,193.02999877929688,194.63999938964844,47471400,AAPL
2024-06-05,194.02049255371094,195.8699951171875,196.89999389648438,194.8699951171875,195.39999389648438,54156800,AAPL
2024-06-06,192.6436309814453,194.47999572753906,196.5,194.1699981689453,195.69000244140625,41181800,AAPL
2024-06-07,195.03089904785156,196.88999938964844,196.94000244140625,194.13999938964844,194.64999389648438,53103900,AAPL
2024-06-10,191.29647827148438,193.1199951171875,197.3000030517578,192.14999389648438,196.89999389648438,97010200,AAPL
2024-06-11,205.19400024414062,207.14999389648438,207.16000366210938,193.6300048828125,193.64999389648438,172373300,AAPL
2024-06-12,211.05812072753906,213.07000732421875,220.1999969482422,206.89999389648438,207.3699951171875,198134300,AAPL
2024-06-13,212.2170867919922,214.24000549316406,216.75,211.60000610351562,214.74000549316406,97862700,AAPL
2024-06-14,210.48361206054688,212.49000549316406,215.1699981689453,211.3000030517578,213.85000610351562,70122700,AAPL
2024-06-17,214.62413024902344,216.6699981689453,218.9499969482422,212.72000122070312,213.3699951171875,93728300,AAPL
2024-06-18,212.26658630371094,214.2899932861328,218.6300048828125,213.0,217.58999633789062,79943300,AAPL
2024-06-20,207.70013427734375,209.67999267578125,214.24000549316406,208.85000610351562,213.92999267578125,86172500,AAPL
2024-06-21,205.53082275390625,207.49000549316406,211.88999938964844,207.11000061035156,210.38999938964844,241805100,AAPL
2024-06-24,206.17466735839844,208.13999938964844,212.6999969482422,206.58999633789062,207.72000122070312,80727000,AAPL
2024-06-25,207.09588623046875,209.07000732421875,211.3800048828125,208.61000061035156,209.14999389648438,55549700,AAPL
2024-06-26,211.23641967773438,213.25,214.86000061035156,210.63999938964844,211.5,66213200,AAPL
2024-06-27,212.07838439941406,214.10000610351562,215.74000549316406,212.35000610351562,214.69000244140625,49772700,AAPL
2024-06-28,208.6312255859375,210.6199951171875,216.07000732421875,210.3000030517578,215.77000427246094,82542700,AAPL
2024-07-01,214.703369140625,216.75,217.50999450683594,211.9199981689453,212.08999633789062,60402900,AAPL
2024-07-02,218.1901397705078,220.27000427246094,220.3800048828125,215.10000610351562,216.14999389648438,58046200,AAPL
2024-07-03,219.45802307128906,221.5500030517578,221.5500030517578,219.02999877929688,220.0,37369800,AAPL
2024-07-05,224.2028045654297,226.33999633789062,226.4499969482422,221.64999389648438,221.64999389648438,60412400,AAPL
2024-07-08,225.66883850097656,227.82000732421875,227.85000610351562,223.25,227.08999633789062,59085900,AAPL
2024-07-09,226.5207061767578,228.67999267578125,229.39999389648438,226.3699951171875,227.92999267578125,48076100,AAPL
2024-07-10,230.7801055908203,232.97999572753906,233.0800018310547,229.25,229.3000030517578,62627700,AAPL
2024-07-11,225.4212188720703,227.57000732421875,232.38999938964844,225.77000427246094,231.38999938964844,64710600,AAPL
2024-07-12,228.3631591796875,230.5399932861328,232.63999938964844,228.67999267578125,228.9199981689453,53046500,AAPL
2024-07-15,232.18670654296875,234.39999389648438,237.22999572753906,233.08999633789062,236.47999572753906,62631300,AAPL
2024-07-16,232.60275268554688,234.82000732421875,236.27000427246094,232.3300018310547,235.0,43234300,AAPL
2024-07-17,226.7188262939453,228.8800048828125,231.4600067138672,226.63999938964844,229.4499969482422,57345900,AAPL
2024-07-18,222.06320190429688,224.17999267578125,230.44000244140625,222.27000427246094,230.27999877929688,66034600,AAPL
2024-07-19,222.1919708251953,224.30999755859375,226.8000030517578,223.27999877929688,224.82000732421875,49151500,AAPL
2024-07-22,221.84530639648438,223.9600067138672,227.77999877929688,223.08999633789062,227.00999450683594,48201800,AAPL
2024-07-23,222.8853759765625,225.00999450683594,226.94000244140625,222.67999267578125,224.3699951171875,39960300,AAPL
2024-07-24,216.47645568847656,218.5399932861328,224.8000030517578,217.1300048828125,224.0,61777600,AAPL
2024-07-25,215.43637084960938,217.49000549316406,220.85000610351562,214.6199951171875,218.92999267578125,51391200,AAPL
2024-07-26,215.90194702148438,217.9600067138672,219.49000549316406,216.00999450683594,218.6999969482422,41601300,AAPL
2024-07-29,216.17929077148438,218.24000549316406,219.3000030517578,215.75,216.9600067138672,36311800,AAPL
2024-07-30,216.73402404785156,218.8000030517578,220.3300018310547,216.1199951171875,219.19000244140625,41643800,AAPL
2024-07-31,219.9830322265625,222.0800018310547,223.82000732421875,220.6300048828125,221.44000244140625,50036300,AAPL
2024-08-01,216.29815673828125,218.36000061035156,224.47999572753906,217.02000427246094,224.3699951171875,62501000,AAPL
2024-08-02,217.78399658203125,219.86000061035156,225.60000610351562,217.7100067138672,219.14999389648438,105568600,AAPL
2024-08-05,207.29400634765625,209.27000427246094,213.5,196.0,199.08999633789062,119548600,AAPL
2024-08-06,205.2732391357422,207.22999572753906,209.99000549316406,201.07000732421875,205.3000030517578,69660500,AAPL
2024-08-07,207.8388214111328,209.82000732421875,213.63999938964844,206.38999938964844,206.89999389648438,63516400,AAPL
2024-08-08,211.29586791992188,213.30999755859375,214.1999969482422,208.8300018310547,213.11000061035156,47161100,AAPL
2024-08-09,214.19818115234375,216.24000549316406,216.77999877929688,211.97000122070312,212.10000610351562,42201600,AAPL
2024-08-12,215.72543334960938,217.52999877929688,219.50999450683594,215.60000610351562,216.07000732421875,38028100,AAPL
2024-08-13,219.43438720703125,221.27000427246094,221.88999938964844,219.00999450683594,219.00999450683594,44155300,AAPL
2024-08-14,219.8806610107422,221.72000122070312,223.02999877929688,219.6999969482422,220.57000732421875,41960600,AAPL
2024-08-15,222.85577392578125,224.72000122070312,225.35000610351562,222.75999450683594,224.60000610351562,46414000,AAPL
2024-08-16,224.1747283935547,226.0500030517578,226.8300018310547,223.64999389648438,223.9199981689453,44340200,AAPL
2024-08-19,224.0160675048828,225.88999938964844,225.99000549316406,223.0399932861328,225.72000122070312,40687800,AAPL
2024-08-20,224.6309051513672,226.50999450683594,227.1699981689453,225.4499969482422,225.77000427246094,30299000,AAPL
2024-08-21,224.52183532714844,226.39999389648438,227.97999572753906,225.0500030517578,226.52000427246094,34765500,AAPL
2024-08-22,222.66734313964844,224.52999877929688,228.33999633789062,223.89999389648438,227.7899932861328,43695300,AAPL
2024-08-23,224.9581756591797,226.83999633789062,228.22000122070312,224.3300018310547,225.66000366210938,38677300,AAPL
2024-08-26,225.2953643798828,227.17999267578125,227.27999877929688,223.88999938964844,226.75999450683594,30602200,AAPL
2024-08-27,226.1383056640625,228.02999877929688,228.85000610351562,224.88999938964844,226.0,35934600,AAPL
2024-08-28,224.61106872558594,226.49000549316406,229.86000061035156,225.67999267578125,227.9199981689453,38052200,AAPL
2024-08-29,227.8837127685547,229.7899932861328,232.9199981689453,228.8800048828125,230.10000610351562,51906300,AAPL
2024-08-30,227.10025024414062,229.0,230.39999389648438,227.47999572753906,230.19000244140625,52990800,AAPL
2024-09-03,220.92193603515625,222.77000427246094,229.0,221.1699981689453,228.5500030517578,50190600,AAPL
2024-09-04,219.01788330078125,220.85000610351562,221.77999877929688,217.47999572753906,221.66000366210938,43840200,AAPL
2024-09-05,220.53517150878906,222.3800048828125,225.47999572753906,221.52000427246094,221.6300048828125,36615400,AAPL
2024-09-06,218.9881134033203,220.82000732421875,225.24000549316406,219.77000427246094,223.9499969482422,48423000,AAPL
2024-09-09,219.07737731933594,220.91000366210938,221.27000427246094,216.7100067138672,220.82000732421875,67180000,AAPL
2024-09-10,218.2840118408203,220.11000061035156,221.47999572753906,216.72999572753906,218.9199981689453,51591000,AAPL
2024-09-11,220.8128662109375,222.66000366210938,223.08999633789062,217.88999938964844,221.4600067138672,44587100,AAPL
2024-09-12,220.92193603515625,222.77000427246094,223.5500030517578,219.82000732421875,222.5,37455600,AAPL
2024-09-13,220.65419006347656,222.5,224.0399932861328,221.91000366210938,223.5800018310547,36766600,AAPL
2024-09-16,214.5254669189453,216.32000732421875,217.22000122070312,213.9199981689453,216.5399932861328,59357400,AAPL
2024-09-17,214.99156188964844,216.7899932861328,216.89999389648438,214.5,215.75,45519300,AAPL
2024-09-18,218.85919189453125,220.69000244140625,222.7100067138672,217.5399932861328,217.5500030517578,59894900,AAPL
2024-09-19,226.97132873535156,228.8699951171875,229.82000732421875,224.6300048828125,224.99000549316406,66781300,AAPL
2024-09-20,226.30686950683594,228.1999969482422,233.08999633789062,227.6199951171875,229.97000122070312,318679900,AAPL
2024-09-23,224.59127807617188,226.47000122070312,229.4499969482422,225.80999755859375,227.33999633789062,54146000,AAPL
2024-09-24,225.48377990722656,227.3699951171875,229.35000610351562,225.72999572753906,228.64999389648438,43556100,AAPL
2024-09-25,224.49208068847656,226.3699951171875,227.2899932861328,224.02000427246094,224.92999267578125,42308700,AAPL
2024-09-26,225.6325225830078,227.52000427246094,228.5,225.41000366210938,227.3000030517578,36636700,AAPL
2024-09-27,225.90028381347656,227.7899932861328,229.52000427246094,227.3000030517578,228.4600067138672,34026000,AAPL
2024-09-30,231.0670928955078,233.0,233.0,229.64999389648438,230.0399932861328,54541900,AAPL
2024-10-01,224.33343505859375,226.2100067138672,229.64999389648438,223.74000549316406,229.52000427246094,63285000,AAPL
2024-10-02,224.898681640625,226.77999877929688,227.3699951171875,223.02000427246094,225.88999938964844,32880600,AAPL
2024-10-03,223.7978973388672,225.6699981689453,226.80999755859375,223.32000732421875,225.13999938964844,34044200,AAPL
2024-10-04,224.91851806640625,226.8000030517578,228.0,224.1300048828125,227.89999389648438,37245100,AAPL
2024-10-07,219.8509063720703,221.69000244140625,225.69000244140625,221.3300018310547,224.5,39505400,AAPL
2024-10-08,223.8970489501953,225.77000427246094,225.97999572753906,223.25,224.3000030517578,31855700,AAPL
2024-10-09,227.63577270507812,229.5399932861328,229.75,224.8300018310547,225.22999572753906,33591100,AAPL
2024-10-10,227.1399383544922,229.0399932861328,229.5,227.1699981689453,227.77999877929688,28183500,AAPL
2024-10-11,225.6623077392578,227.5500030517578,229.41000366210938,227.33999633789062,229.3000030517578,31759200,AAPL
2024-10-14,229.3811798095703,231.3000030517578,231.72999572753906,228.60000610351562,228.6999969482422,39882100,AAPL
2024-10-15,231.91001892089844,233.85000610351562,237.49000549316406,232.3699951171875,233.61000061035156,64751400,AAPL
2024-10-16,229.857177734375,231.77999877929688,232.1199951171875,229.83999633789062,231.60000610351562,34082200,AAPL
2024-10-17,230.22413635253906,232.14999389648438,233.85000610351562,230.52000427246094,233.42999267578125,32993800,AAPL
2024-10-18,233.05047607421875,235.0,236.17999267578125,234.00999450683594,236.17999267578125,46431500,AAPL
2024-10-21,234.51820373535156,236.47999572753906,236.85000610351562,234.4499969482422,234.4499969482422,36254500,AAPL
2024-10-22,233.90335083007812,235.86000061035156,236.22000122070312,232.60000610351562,233.88999938964844,38846600,AAPL
2024-10-23,228.84564208984375,230.75999450683594,235.13999938964844,227.75999450683594,234.0800018310547,52287000,AAPL
2024-10-24,228.65725708007812,230.57000732421875,230.82000732421875,228.41000366210938,229.97999572753906,31109500,AAPL
2024-10-25,229.49026489257812,231.41000366210938,233.22000122070312,229.57000732421875,229.74000549316406,38802300,AAPL
2024-10-28,231.46376037597656,233.39999389648438,234.72999572753906,232.5500030517578,233.32000732421875,36087100,AAPL
2024-10-29,231.7314910888672,233.6699981689453,234.3300018310547,232.32000732421875,233.10000610351562,35417200,AAPL
2024-10-30,228.19114685058594,230.10000610351562,233.47000122070312,229.5500030517578,232.61000061035156,47070900,AAPL
2024-10-31,224.03590393066406,225.91000366210938,229.8300018310547,225.3699951171875,229.33999633789062,64370100,AAPL
2024-11-01,221.06077575683594,222.91000366210938,225.35000610351562,220.27000427246094,220.97000122070312,65276700,AAPL
2024-11-04,220.16824340820312,222.00999450683594,222.7899932861328,219.7100067138672,220.99000549316406,44944500,AAPL
2024-11-05,221.59628295898438,223.4499969482422,223.9499969482422,221.13999938964844,221.8000030517578,28111300,AAPL
2024-11-06,220.87234497070312,222.72000122070312,226.07000732421875,221.19000244140625,222.61000061035156,54561100,AAPL
2024-11-07,225.59286499023438,227.47999572753906,227.8800048828125,224.57000732421875,224.6300048828125,42137700,AAPL
2024-11-08,225.3248291015625,226.9600067138672,228.66000366210938,226.41000366210938,227.1699981689453,38328800,AAPL
2024-11-11,222.61447143554688,224.22999572753906,225.6999969482422,221.5,225.0,42005600,AAPL
2024-11-12,222.61447143554688,224.22999572753906,225.58999633789062,223.36000061035156,224.5500030517578,40398300,AAPL
2024-11-13,223.49807739257812,225.1199951171875,226.64999389648438,222.75999450683594,224.00999450683594,48566200,AAPL
2024-11-14,226.5757293701172,228.22000122070312,228.8699951171875,225.0,225.02000427246094,44923900,AAPL
2024-11-15,223.37893676757812,225.0,226.9199981689453,224.27000427246094,226.39999389648438,47923700,AAPL
2024-11-18,226.37718200683594,228.02000427246094,229.74000549316406,225.1699981689453,225.25,44633700,AAPL
2024-11-19,226.6352996826172,228.27999877929688,230.16000366210938,226.66000366210938,226.97999572753906,36211800,AAPL
2024-11-20,227.35009765625,229.0,229.92999267578125,225.88999938964844,228.05999755859375,35169600,AAPL
2024-11-21,226.8735809326172,228.52000427246094,230.16000366210938,225.7100067138672,228.8800048828125,42108300,AAPL
2024-11-22,228.21383666992188,229.8699951171875,230.72000122070312,228.05999755859375,228.05999755859375,38168300,AAPL
2024-11-25,231.19224548339844,232.8699951171875,233.25,229.74000549316406,231.4600067138672,90152800,AAPL
2024-11-26,233.366455078125,235.05999755859375,235.57000732421875,233.3300018310547,233.3300018310547,45986200,AAPL
2024-11-27,233.23736572265625,234.92999267578125,235.69000244140625,233.80999755859375,234.47000122070312,33498400,AAPL
2024-11-29,235.62008666992188,237.3300018310547,237.80999755859375,233.97000122070312,234.80999755859375,28481400,AAPL
2024-12-02,237.86380004882812,239.58999633789062,240.7899932861328,237.16000366210938,237.27000427246094,48137100,AAPL
2024-12-03,240.90174865722656,242.64999389648438,242.75999450683594,238.89999389648438,239.80999755859375,38861000,AAPL
2024-12-04,241.2591552734375,243.00999450683594,244.11000061035156,241.25,242.8699951171875,44383900,AAPL
2024-12-05,241.2889862060547,243.0399932861328,244.5399932861328,242.1300048828125,243.99000549316406,40033900,AAPL
2024-12-06,241.09039306640625,242.83999633789062,244.6300048828125,242.0800018310547,242.91000366210938,36870600,AAPL
2024-12-09,244.97222900390625,246.75,247.24000549316406,241.75,241.8300018310547,44649200,AAPL
2024-12-10,245.98489379882812,247.77000427246094,248.2100067138672,245.33999633789062,246.88999938964844,36914800,AAPL
2024-12-11,244.71412658691406,246.49000549316406,250.8000030517578,246.25999450683594,247.9600067138672,45205800,AAPL
2024-12-12,246.17349243164062,247.9600067138672,248.74000549316406,245.67999267578125,246.88999938964844,32777500,AAPL
2024-12-13,246.34230041503906,248.1300048828125,249.2899932861328,246.24000549316406,247.82000732421875,33155300,AAPL
2024-12-16,249.2313232421875,251.0399932861328,251.3800048828125,247.64999389648438,247.99000549316406,51694800,AAPL
2024-12-17,251.65374755859375,253.47999572753906,253.8300018310547,249.77999877929688,250.0800018310547,51356400,AAPL
2024-12-18,246.2628936767578,248.0500030517578,254.27999877929688,247.74000549316406,252.16000366210938,56774100,AAPL
2024-12-19,247.99029541015625,249.7899932861328,252.0,247.08999633789062,247.5,60882300,AAPL
2024-12-20,252.65646362304688,254.49000549316406,255.0,245.69000244140625,248.0399932861328,147495300,AAPL
2024-12-23,253.43084716796875,255.27000427246094,255.64999389648438,253.4499969482422,254.77000427246094,40858800,AAPL
2024-12-24,256.3397521972656,258.20001220703125,258.2099914550781,255.2899932861328,255.49000549316406,23234700,AAPL
2024-12-26,257.15380859375,259.0199890136719,260.1000061035156,257.6300048828125,258.19000244140625,27237100,AAPL
2024-12-27,253.74855041503906,255.58999633789062,258.70001220703125,253.05999755859375,257.8299865722656,42355300,AAPL
2024-12-30,250.38294982910156,252.1999969482422,253.5,250.75,252.22999572753906,35557500,AAPL
2024-12-31,248.6157989501953,250.4199981689453,253.27999877929688,249.42999267578125,252.44000244140625,39480700,AAPL
2025-01-02,242.09312438964844,243.85000610351562,249.10000610351562,241.82000732421875,248.92999267578125,55740700,AAPL
2025-01-03,241.60665893554688,243.36000061035156,244.17999267578125,241.88999938964844,243.36000061035156,40244100,AAPL
2025-01-06,243.23484802246094,245.0,247.3300018310547,243.1999969482422,244.30999755859375,45045600,AAPL
2025-01-07,240.46495056152344,242.2100067138672,245.5500030517578,241.35000610351562,242.97999572753906,40856000,AAPL
2025-01-08,240.95140075683594,242.6999969482422,243.7100067138672,240.0500030517578,241.9199981689453,37628900,AAPL
2025-01-10,235.14356994628906,236.85000610351562,240.16000366210938,233.0,240.00999450683594,61710900,AAPL
2025-01-13,232.71121215820312,234.39999389648438,234.6699981689453,229.72000122070312,233.52999877929688,49630700,AAPL
2025-01-14,231.5992889404297,233.27999877929688,236.1199951171875,232.47000122070312,234.75,39435300,AAPL
2025-01-15,236.15621948242188,237.8699951171875,238.9600067138672,234.42999267578125,234.63999938964844,39832000,AAPL
2025-01-16,226.61544799804688,228.25999450683594,238.00999450683594,228.02999877929688,237.35000610351562,71759100,AAPL
2025-01-17,228.3230438232422,229.97999572753906,232.2899932861328,228.47999572753906,232.1199951171875,68488300,AAPL
2025-01-21,221.03591918945312,222.63999938964844,224.4199981689453,219.3800048828125,224.0,98070400,AAPL
2025-01-22,222.21737670898438,223.8300018310547,224.1199951171875,219.7899932861328,219.7899932861328,64126500,AAPL
2025-01-23,222.04859924316406,223.66000366210938,227.02999877929688,222.3000030517578,224.74000549316406,60234800,AAPL
2025-01-24,221.1749267578125,222.77999877929688,225.6300048828125,221.41000366210938,224.77999877929688,54697900,AAPL
2025-01-27,228.20391845703125,229.86000061035156,232.14999389648438,223.97999572753906,224.02000427246094,94863400,AAPL
2025-01-28,236.54339599609375,238.25999450683594,240.19000244140625,230.80999755859375,230.85000610351562,75707600,AAPL
2025-01-29,237.63546752929688,239.36000061035156,239.86000061035156,234.00999450683594,234.1199951171875,45486100,AAPL
2025-01-30,235.8782196044922,237.58999633789062,240.7899932861328,237.2100067138672,238.6699981689453,55658300,AAPL
2025-01-31,234.2996826171875,236.0,247.19000244140625,233.44000244140625,247.19000244140625,100959800,AAPL
2025-02-03,226.36721801757812,228.00999450683594,231.8300018310547,225.6999969482422,229.99000549316406,73063300,AAPL
2025-02-04,231.12274169921875,232.8000030517578,233.1300048828125,226.64999389648438,227.25,45067300,AAPL
2025-02-05,230.79510498046875,232.47000122070312,232.6699981689453,228.27000427246094,228.52999877929688,39620300,AAPL
2025-02-06,231.5397186279297,233.22000122070312,233.8000030517578,230.42999267578125,231.2899932861328,29925300,AAPL
2025-02-07,225.99000549316406,227.6300048828125,234.0,227.25999450683594,232.60000610351562,39707200,AAPL
2025-02-10,226.25831604003906,227.64999389648438,230.58999633789062,227.1999969482422,229.57000732421875,33115600,AAPL
2025-02-11,231.1979522705078,232.6199951171875,235.22999572753906,228.1300048828125,228.1999969482422,53718400,AAPL
2025-02-12,235.42196655273438,236.8699951171875,236.9600067138672,230.67999267578125,231.1999969482422,45243300,AAPL
2025-02-13,240.053466796875,241.52999877929688,242.33999633789062,235.57000732421875,236.91000366210938,53614100,AAPL
2025-02-14,243.104736328125,244.60000610351562,245.5500030517578,240.99000549316406,241.25,40896200,AAPL
2025-02-18,242.9755096435547,244.47000122070312,245.17999267578125,241.83999633789062,244.14999389648438,48822500,AAPL
2025-02-19,243.37307739257812,244.8699951171875,246.00999450683594,243.16000366210938,244.66000366210938,32204200,AAPL
2025-02-20,244.32720947265625,245.8300018310547,246.77999877929688,244.2899932861328,244.94000244140625,32316900,AAPL
2025-02-21,244.0489044189453,245.5500030517578,248.69000244140625,245.22000122070312,245.9499969482422,53197400,AAPL
2025-02-24,245.58944702148438,247.10000610351562,248.86000061035156,244.4199981689453,244.92999267578125,51326400,AAPL
2025-02-25,245.52980041503906,247.0399932861328,250.0,244.91000366210938,248.0,48013300,AAPL
2025-02-26,238.89064025878906,240.36000061035156,244.97999572753906,239.1300048828125,244.3300018310547,44433600,AAPL
2025-02-27,235.84933471679688,237.3000030517578,242.4600067138672,237.05999755859375,239.41000366210938,41153600,AAPL
2025-02-28,240.36160278320312,241.83999633789062,242.08999633789062,230.1999969482422,236.9499969482422,56833400,AAPL
2025-03-03,236.57489013671875,238.02999877929688,244.02999877929688,236.11000061035156,241.7899932861328,47184000,AAPL
2025-03-04,234.48770141601562,235.92999267578125,240.07000732421875,234.67999267578125,237.7100067138672,53798100,AAPL
2025-03-05,234.2988739013672,235.74000549316406,236.5500030517578,229.22999572753906,235.4199981689453,47227600,AAPL
2025-03-06,233.89138793945312,235.3300018310547,237.86000061035156,233.16000366210938,234.44000244140625,45170400,AAPL
2025-03-07,237.60853576660156,239.07000732421875,241.3699951171875,234.75999450683594,235.11000061035156,46273600,AAPL
2025-03-10,226.08938598632812,227.47999572753906,236.16000366210938,224.22000122070312,235.5399932861328,72071200,AAPL
2025-03-11,219.48997497558594,220.83999633789062,225.83999633789062,217.4499969482422,223.80999755859375,76137400,AAPL
2025-03-12,215.653564453125,216.97999572753906,221.75,214.91000366210938,220.13999938964844,62547500,AAPL
2025-03-13,208.398193359375,209.67999267578125,216.83999633789062,208.4199981689453,215.9499969482422,61368300,AAPL
2025-03-14,212.1848907470703,213.49000549316406,213.9499969482422,209.5800018310547,211.25,60107600,AAPL
2025-03-17,212.69178771972656,214.0,215.22000122070312,209.97000122070312,213.30999755859375,48073400,AAPL
2025-03-18,211.38978576660156,212.69000244140625,215.14999389648438,211.49000549316406,214.16000366210938,42432400,AAPL
2025-03-19,213.9241943359375,215.24000549316406,218.75999450683594,213.75,214.22000122070312,54385400,AAPL
2025-03-20,212.79116821289062,214.10000610351562,217.49000549316406,212.22000122070312,213.99000549316406,48862900,AAPL
2025-03-21,216.93569946289062,218.27000427246094,218.83999633789062,211.27999877929688,211.55999755859375,94127800,AAPL
2025-03-24,219.38064575195312,220.72999572753906,221.47999572753906,218.5800018310547,221.0,44299500,AAPL
2025-03-25,222.38218688964844,223.75,224.10000610351562,220.0800018310547,220.77000427246094,34493600,AAPL
2025-03-26,220.1757354736328,221.52999877929688,225.02000427246094,220.47000122070312,223.50999450683594,34466100,AAPL
2025-03-27,222.48159790039062,223.85000610351562,224.99000549316406,220.55999755859375,221.38999938964844,37094800,AAPL
2025-03-28,216.5679168701172,217.89999389648438,223.80999755859375,217.67999267578125,221.6699981689453,39818600,AAPL
2025-03-31,220.7720947265625,222.1300048828125,225.6199951171875,216.22999572753906,217.00999450683594,65299300,AAPL
2025-04-01,221.82559204101562,223.19000244140625,223.67999267578125,218.89999389648438,219.80999755859375,36412700,AAPL
2025-04-02,222.5213165283203,223.88999938964844,225.19000244140625,221.02000427246094,221.32000732421875,35905900,AAPL
2025-04-03,201.94789123535156,203.19000244140625,207.49000549316406,201.25,205.5399932861328,103419000,AAPL
2025-04-04,187.22840881347656,188.3800048828125,199.8800048828125,187.33999633789062,193.88999938964844,125910900,AAPL
2025-04-07,180.3507080078125,181.4600067138672,194.14999389648438,174.6199951171875,177.1999969482422,160466300,AAPL
2025-04-08,171.36595153808594,172.4199981689453,190.33999633789062,169.2100067138672,186.6999969482422,120859500,AAPL
2025-04-09,197.63438415527344,198.85000610351562,200.61000061035156,171.88999938964844,171.9499969482422,184395900,AAPL
2025-04-10,189.25592041015625,190.4199981689453,194.77999877929688,183.0,189.07000732421875,121880000,AAPL
2025-04-11,196.93865966796875,198.14999389648438,199.5399932861328,186.05999755859375,186.10000610351562,87435900,AAPL
2025-04-14,201.28195190429688,202.52000427246094,212.94000244140625,201.16000366210938,211.44000244140625,101352900,AAPL
2025-04-15,200.90426635742188,202.13999938964844,203.50999450683594,199.8000030517578,201.86000061035156,51343900,AAPL
2025-04-16,193.0823974609375,194.27000427246094,200.6999969482422,192.3699951171875,198.36000061035156,59732400,AAPL
2025-04-17,195.77581787109375,196.97999572753906,198.8300018310547,194.4199981689453,197.1999969482422,52164700,AAPL
2025-04-21,191.97918701171875,193.16000366210938,193.8000030517578,189.80999755859375,193.27000427246094,46742500,AAPL
2025-04-22,198.51898193359375,199.74000549316406,201.58999633789062,195.97000122070312,196.1199951171875,52976400,AAPL
2025-04-23,203.3492431640625,204.60000610351562,208.0,202.8000030517578,206.0,52929200,AAPL
2025-04-24,207.09619140625,208.3699951171875,208.8300018310547,202.94000244140625,204.88999938964844,47311000,AAPL
2025-04-25,208.00062561035156,209.27999877929688,209.75,206.1999969482422,206.3699951171875,38222300,AAPL
2025-04-28,208.8553924560547,210.13999938964844,211.5,207.4600067138672,210.0,38743100,AAPL
2025-04-29,209.91883850097656,211.2100067138672,212.24000549316406,208.3699951171875,208.69000244140625,36827600,AAPL
2025-04-30,211.20095825195312,212.5,213.5800018310547,206.6699981689453,209.3000030517578,52286500,AAPL
2025-05-01,212.01596069335938,213.32000732421875,214.55999755859375,208.89999389648438,209.0800018310547,57365700,AAPL
2025-05-02,204.0946502685547,205.35000610351562,206.99000549316406,202.16000366210938,206.08999633789062,101010600,AAPL
2025-05-05,197.67417907714844,198.88999938964844,204.10000610351562,198.2100067138672,203.10000610351562,69018500,AAPL
2025-05-06,197.29647827148438,198.50999450683594,200.64999389648438,197.02000427246094,198.2100067138672,51216500,AAPL
2025-05-07,195.05029296875,196.25,199.44000244140625,193.25,199.1699981689453,68536700,AAPL
2025-05-08,196.28271484375,197.49000549316406,200.0500030517578,194.67999267578125,197.72000122070312,50478900,AAPL
2025-05-09,197.3163604736328,198.52999877929688,200.5399932861328,197.5399932861328,199.0,36453900,AAPL
2025-05-12,209.776123046875,210.7899932861328,211.27000427246094,206.75,210.97000122070312,63775800,AAPL
2025-05-13,211.9058380126953,212.92999267578125,213.39999389648438,209.0,210.42999267578125,51909300,AAPL
2025-05-14,211.30873107910156,212.3300018310547,213.94000244140625,210.5800018310547,212.42999267578125,49325800,AAPL
2025-05-15,210.4329833984375,211.4499969482422,212.9600067138672,209.5399932861328,210.9499969482422,45029500,AAPL
2025-05-16,210.24386596679688,211.25999450683594,212.57000732421875,209.77000427246094,212.36000061035156,54737900,AAPL
2025-05-19,207.7758026123047,208.77999877929688,209.47999572753906,204.25999450683594,207.91000366210938,46140500,AAPL
2025-05-20,205.8650360107422,206.86000061035156,208.47000122070312,205.02999877929688,207.6699981689453,42496600,AAPL
2025-05-21,201.11798095703125,202.08999633789062,207.0399932861328,200.7100067138672,205.1699981689453,59211800,AAPL
2025-05-22,200.39149475097656,201.36000061035156,202.75,199.6999969482422,200.7100067138672,46742400,AAPL
2025-05-23,194.33078002929688,195.27000427246094,197.6999969482422,193.4600067138672,193.6699981689453,78432900,AAPL
2025-05-27,199.24703979492188,200.2100067138672,200.74000549316406,197.42999267578125,198.3000030517578,56288500,AAPL
2025-05-28,199.45602416992188,200.4199981689453,202.72999572753906,199.89999389648438,200.58999633789062,45339700,AAPL
2025-05-29,198.98826599121094,199.9499969482422,203.80999755859375,198.50999450683594,203.5800018310547,51396800,AAPL
2025-05-30,199.88394165039062,200.85000610351562,201.9600067138672,196.77999877929688,199.3699951171875,70819900,AAPL
2025-06-02,200.72984313964844,201.6999969482422,202.1300048828125,200.1199951171875,200.27999877929688,35423300,AAPL
2025-06-03,202.2923126220703,203.27000427246094,203.77000427246094,200.9600067138672,201.35000610351562,46381600,AAPL
2025-06-04,201.844482421875,202.82000732421875,206.24000549316406,202.10000610351562,202.91000366210938,43604000,AAPL
2025-06-05,199.6649932861328,200.6300048828125,204.75,200.14999389648438,203.5,55126100,AAPL
2025-06-06,202.93917846679688,203.9199981689453,205.6999969482422,202.0500030517578,203.0,46607700,AAPL
2025-06-09,200.48104858398438,201.4499969482422,206.0,200.02000427246094,204.38999938964844,72862600,AAPL
2025-06-10,201.6951904296875,202.6699981689453,204.35000610351562,200.57000732421875,200.60000610351562,54672600,AAPL
2025-06-11,197.8238983154297,198.77999877929688,204.5,198.41000366210938,203.5,60989900,AAPL
2025-06-12,198.2418670654297,199.1999969482422,199.67999267578125,197.36000061035156,199.0800018310547,43904600,AAPL
2025-06-13,195.50511169433594,196.4499969482422,200.3699951171875,195.6999969482422,199.72999572753906,51447300,AAPL
2025-06-16,197.46563720703125,198.4199981689453,198.69000244140625,196.55999755859375,197.3000030517578,43020700,AAPL
2025-06-17,194.6990203857422,195.63999938964844,198.38999938964844,195.2100067138672,197.1999969482422,38856200,AAPL
2025-06-18,195.6344757080078,196.5800018310547,197.57000732421875,195.07000732421875,195.94000244140625,45394700,AAPL
2025-06-20,200.03323364257812,201.0,201.6999969482422,196.86000061035156,198.24000549316406,96813500,AAPL
2025-06-23,200.5308074951172,201.5,202.3000030517578,198.9600067138672,201.6300048828125,55814300,AAPL
2025-06-24,199.3365936279297,200.3000030517578,203.44000244140625,200.1999969482422,202.58999633789062,54064000,AAPL
2025-06-25,200.5905303955078,201.55999755859375,203.6699981689453,200.6199951171875,201.4499969482422,39525700,AAPL
2025-06-26,200.03323364257812,201.0,202.63999938964844,199.4600067138672,201.42999267578125,50799100,AAPL
2025-06-27,200.11285400390625,201.0800018310547,203.22000122070312,200.0,201.88999938964844,73188600,AAPL
2025-06-30,204.1831512451172,205.1699981689453,207.38999938964844,199.25999450683594,202.00999450683594,91912800,AAPL
2025-07-01,206.8204345703125,207.82000732421875,210.19000244140625,206.13999938964844,206.6699981689453,78788900,AAPL
2025-07-02,211.41819763183594,212.44000244140625,213.33999633789062,208.13999938964844,208.91000366210938,67941800,AAPL
2025-07-03,212.52284240722656,213.5500030517578,214.64999389648438,211.80999755859375,212.14999389648438,34955800,AAPL
2025-07-07,208.940185546875,209.9499969482422,216.22999572753906,208.8000030517578,212.67999267578125,50229000,AAPL
2025-07-08,208.99989318847656,210.00999450683594,211.42999267578125,208.4499969482422,210.10000610351562,42848900,AAPL
2025-07-09,210.12445068359375,211.13999938964844,211.3300018310547,207.22000122070312,209.52999877929688,48749400,AAPL
2025-07-10,211.3883514404297,212.41000366210938,213.47999572753906,210.02999877929688,210.50999450683594,44443600,AAPL
2025-07-11,210.1443634033203,211.16000366210938,212.1300048828125,209.86000061035156,210.57000732421875,39765800,AAPL
2025-07-14,207.61656188964844,208.6199951171875,210.91000366210938,207.5399932861328,209.92999267578125,38840100,AAPL
2025-07-15,208.10421752929688,209.11000061035156,211.88999938964844,208.9199981689453,209.22000122070312,42296300,AAPL
2025-07-16,209.149169921875,210.16000366210938,212.39999389648438,208.63999938964844,210.3000030517578,47490500,AAPL
2025-07-17,209.00982666015625,210.02000427246094,211.8000030517578,209.58999633789062,210.57000732421875,48068100,AAPL
2025-07-18,210.1642608642578,211.17999267578125,211.7899932861328,209.6999969482422,210.8699951171875,48974600,AAPL
2025-07-21,211.4580078125,212.47999572753906,215.77999877929688,211.6300048828125,212.10000610351562,51377400,AAPL
2025-07-22,213.36874389648438,214.39999389648438,214.9499969482422,212.22999572753906,213.13999938964844,46404100,AAPL
2025-07-23,213.11996459960938,214.14999389648438,215.14999389648438,212.41000366210938,215.0,46989300,AAPL
2025-07-24,212.7318572998047,213.75999450683594,215.69000244140625,213.52999877929688,213.89999389648438,46022600,AAPL
2025-07-25,212.8512725830078,213.8800048828125,215.24000549316406,213.39999389648438,214.6999969482422,40268800,AAPL
2025-07-28,213.0204620361328,214.0500030517578,214.85000610351562,213.05999755859375,214.02999877929688,37858000,AAPL
2025-07-29,210.25384521484375,211.27000427246094,214.80999755859375,210.82000732421875,214.17999267578125,51411700,AAPL
2025-07-30,208.0445098876953,209.0500030517578,212.38999938964844,207.72000122070312,211.89999389648438,45512500,AAPL
2025-07-31,206.57164001464844,207.57000732421875,209.83999633789062,207.16000366210938,208.49000549316406,80698400,AAPL
2025-08-01,201.4065704345703,202.3800048828125,213.5800018310547,201.5,210.8699951171875,104434500,AAPL
2025-08-04,202.37193298339844,203.35000610351562,207.8800048828125,201.67999267578125,204.50999450683594,75109300,AAPL
2025-08-05,201.94398498535156,202.9199981689453,205.33999633789062,202.16000366210938,203.39999389648438,44155100,AAPL
2025-08-06,212.2242889404297,213.25,215.3800048828125,205.58999633789062,205.6300048828125,108483100,AAPL
2025-08-07,218.9716796875,220.02999877929688,220.85000610351562,216.5800018310547,218.8800048828125,90224800,AAPL
2025-08-08,228.2468719482422,229.35000610351562,231.0,219.25,220.8300018310547,113854000,AAPL
2025-08-11,226.34388732910156,227.17999267578125,229.55999755859375,224.75999450683594,227.9199981689453,61806100,AAPL
2025-08-12,228.80479431152344,229.64999389648438,230.8000030517578,227.07000732421875,228.00999450683594,55626200,AAPL
2025-08-13,232.47125244140625,233.3300018310547,235.0,230.42999267578125,231.07000732421875,69878500,AAPL
2025-08-14,231.92327880859375,232.77999877929688,235.1199951171875,230.85000610351562,234.05999755859375,51916300,AAPL
2025-08-15,230.73764038085938,231.58999633789062,234.27999877929688,229.33999633789062,234.0,56038700,AAPL
2025-08-18,230.0402374267578,230.88999938964844,233.1199951171875,230.11000061035156,231.6999969482422,37476200,AAPL
2025-08-19,229.71144104003906,230.55999755859375,232.8699951171875,229.35000610351562,231.27999877929688,39402600,AAPL
2025-08-20,225.17819213867188,226.00999450683594,230.47000122070312,225.77000427246094,229.97999572753906,42263900,AAPL
2025-08-21,224.072265625,224.89999389648438,226.52000427246094,223.77999877929688,226.27000427246094,30621200,AAPL
2025-08-22,226.92173767089844,227.75999450683594,229.08999633789062,225.41000366210938,226.1699981689453,42477800,AAPL
2025-08-25,226.32395935058594,227.16000366210938,229.3000030517578,226.22999572753906,226.47999572753906,30983100,AAPL
2025-08-26,228.46604919433594,229.30999755859375,229.49000549316406,224.69000244140625,226.8699951171875,54575100,AAPL
2025-08-27,229.64170837402344,230.49000549316406,230.89999389648438,228.25999450683594,228.61000061035156,31259500,AAPL
2025-08-28,231.7041015625,232.55999755859375,233.41000366210938,229.33999633789062,230.82000732421875,38074700,AAPL
2025-08-29,231.28562927246094,232.13999938964844,233.3800048828125,231.3699951171875,232.50999450683594,39418400,AAPL
2025-09-02,228.8745574951172,229.72000122070312,230.85000610351562,226.97000122070312,229.25,44075600,AAPL
2025-09-03,237.59234619140625,238.47000122070312,238.85000610351562,234.36000061035156,237.2100067138672,66427800,AAPL
2025-09-04,238.89749145507812,239.77999877929688,239.89999389648438,236.74000549316406,238.4499969482422,47549400,AAPL
2025-09-05,238.80784606933594,239.69000244140625,241.32000732421875,238.49000549316406,240.0,54870400,AAPL
2025-09-08,237.0045166015625,237.8800048828125,240.14999389648438,236.33999633789062,239.3000030517578,48999500,AAPL
2025-09-09,233.48751831054688,234.35000610351562,238.77999877929688,233.36000061035156,237.0,66313900,AAPL
2025-09-10,225.955322265625,226.7899932861328,232.4199981689453,225.9499969482422,232.19000244140625,83440800,AAPL
2025-09-11,229.1833953857422,230.02999877929688,230.4499969482422,226.64999389648438,226.8800048828125,50208600,AAPL
2025-09-12,233.20855712890625,234.07000732421875,234.50999450683594,229.02000427246094,229.22000122070312,55824200,AAPL
2025-09-15,235.828857421875,236.6999969482422,238.19000244140625,235.02999877929688,237.0,42699500,AAPL
2025-09-16,237.2735137939453,238.14999389648438,241.22000122070312,236.32000732421875,237.17999267578125,63421100,AAPL
2025-09-17,238.11044311523438,238.99000549316406,240.10000610351562,237.72999572753906,238.97000122070312,46508000,AAPL
2025-09-18,237.0045166015625,237.8800048828125,241.1999969482422,236.64999389648438,239.97000122070312,44249600,AAPL
2025-09-19,244.59646606445312,245.5,246.3000030517578,240.2100067138672,241.22999572753906,163741300,AAPL
2025-09-22,255.13751220703125,256.0799865722656,256.6400146484375,248.1199951171875,248.3000030517578,105517400,AAPL
2025-09-23,253.4936065673828,254.42999267578125,257.3399963378906,253.5800018310547,255.8800048828125,60275200,AAPL
2025-09-24,251.3813934326172,252.30999755859375,255.74000549316406,251.0399932861328,255.22000122070312,42303700,AAPL
2025-09-25,255.9246063232422,256.8699951171875,257.1700134277344,251.7100067138672,253.2100067138672,55202100,AAPL
2025-09-26,254.51980590820312,255.4600067138672,257.6000061035156,253.77999877929688,254.10000610351562,46076300,AAPL
2025-09-29,253.4936065673828,254.42999267578125,255.0,253.00999450683594,254.55999755859375,40127700,AAPL
2025-09-30,253.69287109375,254.6300048828125,255.9199981689453,253.11000061035156,254.86000061035156,37704300,AAPL
2025-10-01,254.5098419189453,255.4499969482422,258.7900085449219,254.92999267578125,255.0399932861328,48713900,AAPL
2025-10-02,256.18365478515625,257.1300048828125,258.17999267578125,254.14999389648438,256.5799865722656,42630200,AAPL
2025-10-03,257.07037353515625,258.0199890136719,259.239990234375,253.9499969482422,254.6699981689453,49155600,AAPL
2025-10-06,255.74526977539062,256.69000244140625,259.07000732421875,255.0500030517578,257.989990234375,44664100,AAPL
2025-10-07,255.53607177734375,256.4800109863281,257.3999938964844,255.42999267578125,256.80999755859375,31955800,AAPL
2025-10-08,257.1102600097656,258.05999755859375,258.5199890136719,256.1099853515625,256.5199890136719,36496900,AAPL
2025-10-09,253.10501098632812,254.0399932861328,258.0,253.13999938964844,257.80999755859375,38322000,AAPL
2025-10-10,244.36732482910156,245.27000427246094,256.3800048828125,244.0,254.94000244140625,61999100,AAPL
2025-10-13,246.74851989746094,247.66000366210938,249.69000244140625,245.55999755859375,249.3800048828125,38142900,AAPL
2025-10-14,246.8581085205078,247.77000427246094,248.85000610351562,244.6999969482422,246.60000610351562,35478000,AAPL
2025-10-15,248.42233276367188,249.33999633789062,251.82000732421875,247.47000122070312,249.49000549316406,33893600,AAPL
2025-10-16,246.53927612304688,247.4499969482422,249.0399932861328,245.1300048828125,248.25,39777000,AAPL
2025-10-17,251.36146545410156,252.2899932861328,253.3800048828125,247.27000427246094,248.02000427246094,49147000,AAPL
2025-10-20,261.27484130859375,262.239990234375,264.3800048828125,255.6300048828125,255.88999938964844,90483000,AAPL
2025-10-21,261.8028869628906,262.7699890136719,265.2900085449219,261.8299865722656,261.8800048828125,46695900,AAPL
2025-10-22,257.4988098144531,258.45001220703125,262.8500061035156,255.42999267578125,262.6499938964844,45015300,AAPL
2025-10-23,258.6246032714844,259.5799865722656,260.6199951171875,258.010009765625,259.94000244140625,32754900,AAPL
2025-10-24,261.85272216796875,262.82000732421875,264.1300048828125,259.17999267578125,261.19000244140625,38253700,AAPL
2025-10-27,267.8206481933594,268.80999755859375,269.1199951171875,264.6499938964844,264.8800048828125,44888200,AAPL
2025-10-28,268.00994873046875,269.0,269.8900146484375,268.1499938964844,268.989990234375,41534800,AAPL
2025-10-29,268.7073974609375,269.70001220703125,271.4100036621094,267.1099853515625,269.2799987792969,51086700,AAPL
2025-10-30,270.401123046875,271.3999938964844,274.1400146484375,268.4800109863281,271.989990234375,69886500,AAPL
2025-10-31,269.3749084472656,270.3699951171875,277.32000732421875,269.1600036621094,276.989990234375,86167100,AAPL
2025-11-03,268.0597839355469,269.04998779296875,270.8500061035156,266.25,270.4200134277344,50194600,AAPL
2025-11-04,269.0461730957031,270.0400085449219,271.489990234375,267.6199951171875,268.3299865722656,49274800,AAPL
2025-11-05,269.1457824707031,270.1400146484375,271.70001220703125,266.92999267578125,268.6099853515625,43683100,AAPL
2025-11-06,268.7771301269531,269.7699890136719,273.3999938964844,267.8900146484375,267.8900146484375,51204000,AAPL
2025-11-07,267.48193359375,268.4700012207031,272.2900085449219,266.7699890136719,269.79998779296875,48227400,AAPL
2025-11-10,268.6985778808594,269.42999267578125,273.7300109863281,267.4599914550781,268.9599914550781,41312400,AAPL
2025-11-11,274.5028076171875,275.25,275.9100036621094,269.79998779296875,269.80999755859375,46208300,AAPL
2025-11-12,272.7276916503906,273.4700012207031,275.7300109863281,271.70001220703125,275.0,48398000,AAPL
2025-11-13,272.20904541015625,272.95001220703125,276.70001220703125,272.0899963378906,274.1099853515625,49602800,AAPL
2025-11-14,271.6705322265625,272.4100036621094,275.9599914550781,269.6000061035156,271.04998779296875,47431300,AAPL
2025-11-17,266.73394775390625,267.4599914550781,270.489990234375,265.7300109863281,268.82000732421875,45018300,AAPL
2025-11-18,266.7139892578125,267.44000244140625,270.7099914550781,265.32000732421875,269.989990234375,45677300,AAPL
2025-11-19,267.83099365234375,268.55999755859375,272.2099914550781,265.5,265.5299987792969,40424500,AAPL
2025-11-20,265.5272521972656,266.25,275.42999267578125,265.9200134277344,270.8299865722656,45823600,AAPL
2025-11-21,270.75299072265625,271.489990234375,273.3299865722656,265.6700134277344,265.95001220703125,59030800,AAPL
2025-11-24,275.1710205078125,275.9200134277344,277.0,270.8999938964844,270.8999938964844,65585800,AAPL
2025-11-25,276.2181396484375,276.9700012207031,280.3800048828125,275.25,275.2699890136719,46914200,AAPL
2025-11-26,276.7966003417969,277.54998779296875,279.5299987792969,276.6300048828125,276.9599914550781,33431400,AAPL
2025-11-28,278.0930480957031,278.8500061035156,279.0,275.989990234375,277.260009765625,20135600,AAPL
2025-12-01,282.3315124511719,283.1000061035156,283.4200134277344,276.1400146484375,278.010009765625,46587700,AAPL
2025-12-02,285.4131164550781,286.19000244140625,287.3999938964844,282.6300048828125,283.0,53669500,AAPL
2025-12-03,283.378662109375,284.1499938964844,288.6199951171875,283.29998779296875,286.20001220703125,43538700,AAPL
2025-12-04,279.9380187988281,280.70001220703125,284.7300109863281,278.5899963378906,284.1000061035156,43989100,AAPL
2025-12-05,278.0232238769531,278.7799987792969,281.1400146484375,278.04998779296875,280.5400085449219,47265800,AAPL
2025-12-08,277.1356506347656,277.8900146484375,279.6700134277344,276.1499938964844,278.1300048828125,38211800,AAPL
2025-12-09,276.4275817871094,277.17999267578125,280.0299987792969,276.9200134277344,278.1600036621094,32193300,AAPL
2025-12-10,278.0232238769531,278.7799987792969,279.75,276.44000244140625,277.75,33038300,AAPL
2025-12-11,277.2752685546875,278.0299987792969,279.5899963378906,273.80999755859375,279.1000061035156,33248000,AAPL
2025-12-12,277.5245666503906,278.2799987792969,279.2200012207031,276.82000732421875,277.8999938964844,39532900,AAPL
2025-12-15,273.3658752441406,274.1099853515625,280.1499938964844,272.8399963378906,280.1499938964844,50409100,AAPL
2025-12-16,273.8645324707031,274.6099853515625,275.5,271.7900085449219,272.82000732421875,37648600,AAPL
2025-12-17,271.10205078125,271.8399963378906,276.1600036621094,271.6400146484375,275.010009765625,50138700,AAPL
2025-12-18,271.4511413574219,272.19000244140625,273.6300048828125,266.95001220703125,273.6099853515625,51630700,AAPL
2025-12-19,272.9271240234375,273.6700134277344,274.6000061035156,269.8999938964844,272.1499938964844,144632000,AAPL
2025-12-22,270.23443603515625,270.9700012207031,273.8800048828125,270.510009765625,272.8599853515625,36571800,AAPL
2025-12-23,271.62066650390625,272.3599853515625,272.5,269.55999755859375,270.8399963378906,29642000,AAPL
2025-12-24,273.06671142578125,273.80999755859375,275.42999267578125,272.20001220703125,272.3399963378906,17910600,AAPL
2025-12-26,272.6578674316406,273.3999938964844,275.3699951171875,272.8599853515625,274.1600036621094,21521800,AAPL
2025-12-29,273.0168762207031,273.760009765625,274.3599853515625,272.3500061035156,272.69000244140625,23715200,AAPL
2025-12-30,272.33868408203125,273.0799865722656,274.0799865722656,272.2799987792969,272.80999755859375,22139600,AAPL
2025-12-31,271.12200927734375,271.8599853515625,273.67999267578125,271.75,273.05999755859375,27293600,AAPL
