Date,Adj Close,Close,High,Low,Open,Volume,Ticker
2019-01-02,80.47398376464844,99.30999755859375,99.77999877929688,95.94000244140625,95.94999694824219,15670900,JPM
2019-01-03,79.33031463623047,97.11000061035156,98.88999938964844,96.69000244140625,98.63999938964844,16286400,JPM
2019-01-04,82.25485229492188,100.69000244140625,100.93000030517578,98.27999877929688,99.11000061035156,16935200,JPM
2019-01-07,82.31204986572266,100.76000213623047,101.47000122070312,99.70999908447266,100.43000030517578,15430700,JPM
2019-01-08,82.15680694580078,100.56999969482422,101.81999969482422,99.55000305175781,101.62999725341797,13578800,JPM
2019-01-09,82.01795959472656,100.4000015258789,101.48999786376953,99.93000030517578,100.80999755859375,14230300,JPM
2019-01-10,82.009765625,100.38999938964844,100.7300033569336,99.2699966430664,100.0199966430664,14376100,JPM
2019-01-11,81.61766052246094,99.91000366210938,100.16999816894531,98.94999694824219,99.88999938964844,15439900,JPM
2019-01-14,82.4590835571289,100.94000244140625,101.36000061035156,98.66000366210938,98.87000274658203,21258500,JPM
2019-01-15,83.06358337402344,101.68000030517578,102.47000122070312,98.5999984741211,98.88999938964844,26504900,JPM
2019-01-16,83.73345184326172,102.5,103.44999694824219,101.80000305175781,102.25,18533000,JPM
2019-01-17,84.07655334472656,102.91999816894531,103.5,101.91999816894531,102.11000061035156,14247600,JPM
2019-01-18,85.4407958984375,104.58999633789062,104.9000015258789,102.83000183105469,103.7699966430664,16428700,JPM
2019-01-22,84.09291076660156,102.94000244140625,103.58999633789062,102.12999725341797,103.08000183105469,17083700,JPM
2019-01-23,83.8804931640625,102.68000030517578,103.69999694824219,101.97000122070312,103.44000244140625,12146700,JPM
2019-01-24,83.92951202392578,102.73999786376953,103.08999633789062,101.94000244140625,102.12999725341797,11296800,JPM
2019-01-25,84.46051788330078,103.38999938964844,104.30999755859375,102.73999786376953,103.51000213623047,14369400,JPM
2019-01-28,84.86077880859375,103.87999725341797,104.23999786376953,102.58999633789062,102.88999938964844,12283100,JPM
2019-01-29,85.09770965576172,104.16999816894531,105.11000061035156,103.7300033569336,103.87999725341797,9743300,JPM
2019-01-30,85.29376983642578,104.41000366210938,105.23999786376953,103.77999877929688,104.13999938964844,12526300,JPM
2019-01-31,84.55036163330078,103.5,103.80000305175781,102.7300033569336,103.41000366210938,17520600,JPM
2019-02-01,84.86077880859375,103.87999725341797,104.8499984741211,103.5199966430664,104.0,13000800,JPM
2019-02-04,85.16307067871094,104.25,104.25,103.01000213623047,103.79000091552734,9871500,JPM
2019-02-05,84.78729248046875,103.79000091552734,104.55000305175781,103.29000091552734,104.5199966430664,12763000,JPM
2019-02-06,84.74642944335938,103.73999786376953,104.62000274658203,103.47000122070312,103.70999908447266,8745000,JPM
2019-02-07,83.63545227050781,102.37999725341797,103.5,101.44000244140625,103.25,13177500,JPM
2019-02-08,82.80219268798828,101.36000061035156,102.33999633789062,100.05999755859375,102.08000183105469,12892600,JPM
2019-02-11,82.4100570678711,100.87999725341797,102.01000213623047,100.7699966430664,101.76000213623047,10978500,JPM
2019-02-12,83.81512451171875,102.5999984741211,102.91999816894531,101.88999938964844,101.94999694824219,12852300,JPM
2019-02-13,84.21544647216797,103.08999633789062,103.8499984741211,102.9000015258789,102.9000015258789,10754100,JPM
2019-02-14,83.66809844970703,102.41999816894531,103.0999984741211,101.3499984741211,102.47000122070312,11518500,JPM
2019-02-15,86.22505187988281,105.55000305175781,105.69999694824219,103.66000366210938,103.9000015258789,14716900,JPM
2019-02-19,85.92279052734375,105.18000030517578,105.37000274658203,103.80999755859375,104.91000366210938,12764900,JPM
2019-02-20,86.33940887451172,105.69000244140625,105.80000305175781,104.87999725341797,105.20999908447266,10030300,JPM
2019-02-21,86.15968322753906,105.47000122070312,105.98999786376953,104.95999908447266,105.44999694824219,8400100,JPM
2019-02-22,85.7757339477539,105.0,106.08999633789062,104.77999877929688,105.69999694824219,10647300,JPM
2019-02-25,86.67435455322266,106.0999984741211,107.2699966430664,105.69000244140625,105.75,11230700,JPM
2019-02-26,86.01264953613281,105.29000091552734,105.47000122070312,103.94000244140625,104.5,15465400,JPM
2019-02-27,85.90644836425781,105.16000366210938,105.37999725341797,104.51000213623047,105.18000030517578,9968800,JPM
2019-02-28,85.25289916992188,104.36000061035156,105.20999908447266,104.18000030517578,105.01000213623047,15156900,JPM
2019-03-01,85.3100814819336,104.43000030517578,105.91000366210938,104.19999694824219,105.0999984741211,13813300,JPM
2019-03-04,85.1140365600586,104.19000244140625,105.91999816894531,103.2699966430664,104.91999816894531,12466300,JPM
2019-03-05,85.0487060546875,104.11000061035156,104.55000305175781,103.26000213623047,104.12999725341797,10856600,JPM
2019-03-06,84.73011779785156,103.72000122070312,104.56999969482422,103.55000305175781,103.86000061035156,9070800,JPM
2019-03-07,84.11741638183594,102.97000122070312,103.47000122070312,102.16000366210938,103.25,12705700,JPM
2019-03-08,84.15010070800781,103.01000213623047,103.2300033569336,101.98999786376953,101.98999786376953,10582400,JPM
2019-03-11,85.24473571777344,104.3499984741211,104.55000305175781,103.66000366210938,103.9800033569336,9763200,JPM
2019-03-12,84.99150848388672,104.04000091552734,104.79000091552734,103.75,104.58999633789062,10219100,JPM
2019-03-13,85.27742004394531,104.38999938964844,104.9800033569336,103.94999694824219,104.19000244140625,13022200,JPM
2019-03-14,86.05350494384766,105.33999633789062,105.87000274658203,104.45999908447266,104.5,10926500,JPM
2019-03-15,87.04194641113281,106.55000305175781,106.80000305175781,105.2300033569336,105.41000366210938,24811700,JPM
2019-03-18,87.56477355957031,107.19000244140625,107.79000091552734,106.5,106.55000305175781,12935500,JPM
2019-03-19,87.24617767333984,106.80000305175781,108.4000015258789,106.55000305175781,108.19999694824219,12889300,JPM
2019-03-20,85.38362121582031,104.5199966430664,106.6500015258789,104.41000366210938,106.43000030517578,14920700,JPM
2019-03-21,84.03572082519531,102.87000274658203,103.48999786376953,102.27999877929688,103.48999786376953,19751000,JPM
2019-03-22,81.4951171875,99.76000213623047,102.31999969482422,99.5199966430664,101.81999969482422,31115200,JPM
2019-03-25,80.81709289550781,98.93000030517578,100.56999969482422,98.08999633789062,99.58999633789062,21032300,JPM
2019-03-26,81.62583923339844,99.91999816894531,100.4000015258789,98.81999969482422,99.81999969482422,15987100,JPM
2019-03-27,81.34808349609375,99.58000183105469,100.44999694824219,99.08000183105469,99.87999725341797,12753200,JPM
2019-03-28,82.27119445800781,100.70999908447266,100.80000305175781,99.73999786376953,100.0,12454100,JPM
2019-03-29,82.69597625732422,101.2300033569336,101.98999786376953,100.58999633789062,101.54000091552734,14523400,JPM
2019-04-01,85.48165893554688,104.63999938964844,104.68000030517578,102.12000274658203,102.1500015258789,17499300,JPM
2019-04-02,85.89010620117188,105.13999938964844,105.44000244140625,104.33000183105469,104.5999984741211,10295400,JPM
2019-04-03,86.06167602539062,105.3499984741211,106.36000061035156,104.79000091552734,105.80999755859375,11499200,JPM
2019-04-04,86.89305877685547,105.55999755859375,105.7300033569336,104.44999694824219,104.55000305175781,11952100,JPM
2019-04-05,86.68727111816406,105.30999755859375,106.11000061035156,104.98999786376953,105.80000305175781,9933700,JPM
2019-04-08,86.96712493896484,105.6500015258789,105.6500015258789,104.91000366210938,105.11000061035156,8056300,JPM
2019-04-09,86.3250503540039,104.87000274658203,105.19999694824219,104.25,105.08000183105469,9092200,JPM
2019-04-10,86.71195220947266,105.33999633789062,105.72000122070312,104.47000122070312,105.12999725341797,10882300,JPM
2019-04-11,87.44458770751953,106.2300033569336,106.7300033569336,105.55999755859375,105.70999908447266,11183800,JPM
2019-04-12,91.54391479492188,111.20999908447266,111.8499984741211,108.87999725341797,109.44000244140625,25834100,JPM
2019-04-15,90.49849700927734,109.94000244140625,111.0,109.12000274658203,110.91999816894531,15163800,JPM
2019-04-16,91.4533920288086,111.0999984741211,111.38999938964844,109.86000061035156,109.9000015258789,11583200,JPM
2019-04-17,94.0875015258789,114.30000305175781,114.66000366210938,111.01000213623047,111.69999694824219,17791900,JPM
2019-04-18,93.39604187011719,113.45999908447266,114.94999694824219,113.33000183105469,114.52999877929688,12501900,JPM
2019-04-22,93.51128387451172,113.5999984741211,113.93000030517578,112.66000366210938,112.83000183105469,7975900,JPM
2019-04-23,93.62651062011719,113.73999786376953,114.37000274658203,112.8499984741211,113.0,9193100,JPM
2019-04-24,93.47013092041016,113.55000305175781,114.1500015258789,112.80999755859375,113.26000213623047,9245700,JPM
2019-04-25,93.5195083618164,113.61000061035156,114.1500015258789,112.5,113.01000213623047,9311800,JPM
2019-04-26,94.22745513916016,114.47000122070312,114.58000183105469,113.5999984741211,113.94999694824219,7889300,JPM
2019-04-29,95.58566284179688,116.12000274658203,117.16000366210938,114.44999694824219,114.5999984741211,14242200,JPM
2019-04-30,95.52806091308594,116.05000305175781,116.72000122070312,115.26000213623047,116.43000030517578,11389100,JPM
2019-05-01,94.79544067382812,115.16000366210938,117.0,115.11000061035156,115.72000122070312,10412900,JPM
2019-05-02,95.00121307373047,115.41000366210938,115.77999877929688,114.58000183105469,115.16999816894531,8613300,JPM
2019-05-03,95.58566284179688,116.12000274658203,116.68000030517578,115.66999816894531,116.0,8185400,JPM
2019-05-06,94.73780059814453,115.08999633789062,115.47000122070312,113.72000122070312,114.18000030517578,9387000,JPM
2019-05-07,93.19024658203125,113.20999908447266,114.02999877929688,112.29000091552734,114.02999877929688,15017700,JPM
2019-05-08,92.69635772705078,112.61000061035156,113.66999816894531,112.45999908447266,112.66000366210938,9575800,JPM
2019-05-09,92.62226867675781,112.5199966430664,112.73999786376953,110.58000183105469,111.13999938964844,12205900,JPM
2019-05-10,92.61404418945312,112.51000213623047,112.83999633789062,110.54000091552734,111.75,13189000,JPM
2019-05-13,90.09515380859375,109.44999694824219,110.44999694824219,108.9800033569336,110.08000183105469,13783700,JPM
2019-05-14,90.81132507324219,110.31999969482422,111.72000122070312,109.5,109.55000305175781,10503600,JPM
2019-05-15,90.46559143066406,109.9000015258789,110.9000015258789,108.61000061035156,109.20999908447266,10142000,JPM
2019-05-16,91.62625122070312,111.30999755859375,112.16999816894531,110.58999633789062,110.62000274658203,9672700,JPM
2019-05-17,91.18172454833984,110.7699966430664,111.75,109.83000183105469,110.0,9570100,JPM
2019-05-20,91.65917205810547,111.3499984741211,111.80999755859375,110.37000274658203,110.58000183105469,8518200,JPM
2019-05-21,91.97196197509766,111.7300033569336,111.91999816894531,111.22000122070312,111.44000244140625,7967900,JPM
2019-05-22,91.22289276123047,110.81999969482422,111.79000091552734,110.75,111.4000015258789,7918900,JPM
2019-05-23,89.42841339111328,108.63999938964844,109.79000091552734,107.5,109.63999938964844,14558000,JPM
2019-05-24,90.30916595458984,109.70999908447266,109.95999908447266,109.19000244140625,109.5199966430664,8537300,JPM
2019-05-28,89.32958984375,108.5199966430664,109.83000183105469,108.44000244140625,109.19999694824219,11665500,JPM
2019-05-29,89.0826644897461,108.22000122070312,108.4000015258789,107.05999755859375,107.44999694824219,9966400,JPM
2019-05-30,88.1278076171875,107.05999755859375,109.18000030517578,106.54000091552734,108.6500015258789,10367800,JPM
2019-05-31,87.22233581542969,105.95999908447266,106.58999633789062,104.83999633789062,105.55999755859375,10952800,JPM
2019-06-03,87.6338882446289,106.45999908447266,106.86000061035156,105.30000305175781,105.80000305175781,11680700,JPM
2019-06-04,90.33386993408203,109.73999786376953,109.9000015258789,107.12999725341797,107.8499984741211,12858600,JPM
2019-06-05,90.65489959716797,110.12999725341797,110.37999725341797,108.63999938964844,109.86000061035156,8340500,JPM
2019-06-06,90.85245513916016,110.37000274658203,110.87000274658203,108.93000030517578,110.1500015258789,8726700,JPM
2019-06-07,89.85643005371094,109.16000366210938,110.0199966430664,108.95999908447266,109.69999694824219,10618900,JPM
2019-06-10,90.8277587890625,110.33999633789062,111.20999908447266,110.22000122070312,110.75,11380600,JPM
2019-06-11,91.10765075683594,110.68000030517578,111.56999969482422,110.37000274658203,110.81999969482422,9847700,JPM
2019-06-12,89.94696807861328,109.2699966430664,110.9000015258789,108.88999938964844,110.69999694824219,9670500,JPM
2019-06-13,90.16923522949219,109.54000091552734,110.16000366210938,109.05000305175781,109.45999908447266,8406900,JPM
2019-06-14,90.39971923828125,109.81999969482422,110.30000305175781,108.62999725341797,109.56999969482422,9077400,JPM
2019-06-17,89.90585327148438,109.22000122070312,110.37000274658203,109.05999755859375,109.69999694824219,8128600,JPM
2019-06-18,91.13233184814453,110.70999908447266,111.41000366210938,108.9800033569336,109.01000213623047,11057300,JPM
2019-06-19,90.47382354736328,109.91000366210938,111.58999633789062,109.69999694824219,110.81999969482422,13126500,JPM
2019-06-20,90.70429229736328,110.19000244140625,111.08999633789062,109.02999877929688,110.87999725341797,13638000,JPM
2019-06-21,90.08692169189453,109.44000244140625,111.66999816894531,109.08999633789062,110.19000244140625,27089500,JPM
2019-06-24,89.44486999511719,108.66000366210938,109.7699966430664,108.54000091552734,109.27999877929688,13039600,JPM
2019-06-25,88.70401000976562,107.76000213623047,108.9800033569336,107.66999816894531,108.68000030517578,18660100,JPM
2019-06-26,89.29669952392578,108.4800033569336,109.30999755859375,108.16000366210938,108.30000305175781,10324600,JPM
2019-06-27,89.59302520751953,108.83999633789062,109.55000305175781,108.44000244140625,108.83999633789062,10906600,JPM
2019-06-28,92.02960205078125,111.80000305175781,112.43000030517578,110.9000015258789,111.04000091552734,21634700,JPM
2019-07-01,93.57714080810547,113.68000030517578,114.5199966430664,113.08000183105469,113.2300033569336,12724500,JPM
2019-07-02,93.67593383789062,113.80000305175781,114.19999694824219,113.22000122070312,113.51000213623047,10174900,JPM
2019-07-03,93.52668762207031,112.81999969482422,113.87000274658203,112.26000213623047,113.33999633789062,6849400,JPM
2019-07-05,94.08211517333984,113.48999786376953,114.2699966430664,112.91999816894531,113.51000213623047,7929400,JPM
2019-07-08,93.56816101074219,112.87000274658203,113.4800033569336,112.5,112.95999908447266,6917200,JPM
2019-07-09,93.966064453125,113.3499984741211,113.48999786376953,112.1500015258789,112.27999877929688,8947300,JPM
2019-07-10,93.69251251220703,113.0199966430664,113.83000183105469,112.73999786376953,113.37000274658203,9242300,JPM
2019-07-11,94.58782196044922,114.0999984741211,114.36000061035156,113.12000274658203,113.37000274658203,11595200,JPM
2019-07-12,95.58258819580078,115.30000305175781,115.3499984741211,113.93000030517578,114.12999725341797,10783400,JPM
2019-07-15,94.42201232910156,113.9000015258789,115.56999969482422,113.52999877929688,115.54000091552734,12946600,JPM
2019-07-16,95.4333724975586,115.12000274658203,115.5,112.91999816894531,113.4800033569336,16945000,JPM
2019-07-17,94.49662017822266,113.98999786376953,114.94000244140625,113.7300033569336,114.43000030517578,13120900,JPM
2019-07-18,95.06034851074219,114.66999816894531,115.06999969482422,113.55000305175781,113.93000030517578,9397200,JPM
2019-07-19,94.12357330322266,113.54000091552734,115.12000274658203,113.4000015258789,114.88999938964844,10402800,JPM
2019-07-22,94.72872161865234,114.2699966430664,114.44999694824219,112.7699966430664,112.91000366210938,9061100,JPM
2019-07-23,96.4613265991211,116.36000061035156,116.44999694824219,114.81999969482422,114.87999725341797,12752200,JPM
2019-07-24,96.85095977783203,116.83000183105469,116.87999725341797,115.5199966430664,115.58000183105469,10011000,JPM
2019-07-25,95.92247772216797,115.70999908447266,117.23999786376953,115.31999969482422,116.88999938964844,10138400,JPM
2019-07-26,96.34526824951172,116.22000122070312,116.51000213623047,115.52999877929688,115.7699966430664,12800400,JPM
2019-07-29,96.03851318359375,115.8499984741211,117.18000030517578,115.79000091552734,116.45999908447266,8500400,JPM
2019-07-30,95.82299041748047,115.58999633789062,116.08000183105469,114.76000213623047,115.19000244140625,7121100,JPM
2019-07-31,96.16290283203125,116.0,116.18000030517578,114.86000061035156,116.0999984741211,13648000,JPM
2019-08-01,93.62617492675781,112.94000244140625,116.80000305175781,112.5999984741211,115.33000183105469,15664500,JPM
2019-08-02,93.61787414550781,112.93000030517578,113.43000030517578,111.4000015258789,112.4000015258789,11025500,JPM
2019-08-05,90.83247375488281,109.56999969482422,110.9800033569336,108.2699966430664,110.79000091552734,15855300,JPM
2019-08-06,91.54541015625,110.43000030517578,110.5,108.33999633789062,110.05000305175781,10203500,JPM
2019-08-07,89.55583953857422,108.02999877929688,108.27999877929688,105.94000244140625,108.0,17320900,JPM
2019-08-08,91.0728759765625,109.86000061035156,110.08000183105469,108.72000122070312,109.05000305175781,10903300,JPM
2019-08-09,90.97340393066406,109.73999786376953,110.44999694824219,108.29000091552734,109.3499984741211,9980800,JPM
2019-08-12,89.26567840576172,107.68000030517578,108.51000213623047,107.20999908447266,108.44000244140625,9393700,JPM
2019-08-13,90.64179992675781,109.33999633789062,110.33000183105469,107.02999877929688,107.94999694824219,12124700,JPM
2019-08-14,86.87818145751953,104.80000305175781,106.91000366210938,104.44999694824219,106.30000305175781,19491800,JPM
2019-08-15,87.20978546142578,105.19999694824219,106.37999725341797,104.33999633789062,104.81999969482422,13365600,JPM
2019-08-16,89.29885864257812,107.72000122070312,107.9800033569336,105.87000274658203,106.37000274658203,11830600,JPM
2019-08-19,90.10297393798828,108.69000244140625,109.75,108.41999816894531,109.62999725341797,8265400,JPM
2019-08-20,88.95894622802734,107.30999755859375,108.44000244140625,107.23999786376953,107.8499984741211,8374000,JPM
2019-08-21,89.2076644897461,107.61000061035156,108.43000030517578,107.44999694824219,108.20999908447266,8189300,JPM
2019-08-22,90.12783813476562,108.72000122070312,109.2699966430664,107.93000030517578,108.37000274658203,9343400,JPM
2019-08-23,87.88956451416016,106.0199966430664,108.77999877929688,105.11000061035156,108.0,14762300,JPM
2019-08-26,88.59420013427734,106.87000274658203,106.98999786376953,106.01000213623047,106.62000274658203,8209500,JPM
2019-08-27,87.65745544433594,105.73999786376953,107.55999755859375,104.83999633789062,107.3499984741211,14331800,JPM
2019-08-28,88.5361557006836,106.80000305175781,107.20999908447266,105.04000091552734,105.08000183105469,10585500,JPM
2019-08-29,90.54235076904297,109.22000122070312,109.88999938964844,108.0199966430664,108.13999938964844,10002200,JPM
2019-08-30,91.0728759765625,109.86000061035156,110.55999755859375,109.47000122070312,109.83999633789062,10170300,JPM
2019-09-03,89.99518585205078,108.55999755859375,108.98999786376953,107.31999969482422,108.9800033569336,9868800,JPM
2019-09-04,91.08119201660156,109.87000274658203,110.22000122070312,108.55999755859375,109.44999694824219,6929200,JPM
2019-09-05,93.15364837646484,112.37000274658203,113.72000122070312,111.19999694824219,111.25,13224700,JPM
2019-09-06,93.35262298583984,112.61000061035156,112.9800033569336,111.95999908447266,112.66000366210938,7836600,JPM
2019-09-09,95.66551208496094,115.4000015258789,116.05999755859375,113.5999984741211,113.70999908447266,13985100,JPM
2019-09-10,96.88410949707031,116.87000274658203,117.2699966430664,115.7300033569336,116.30000305175781,14333100,JPM
2019-09-11,97.1493911743164,117.19000244140625,117.19999694824219,115.37999725341797,116.88999938964844,9919200,JPM
2019-09-12,97.74626922607422,117.91000366210938,118.47000122070312,115.91999816894531,116.55000305175781,12283500,JPM
2019-09-13,99.66949462890625,120.2300033569336,120.4000015258789,118.75,119.0,16257200,JPM
2019-09-16,98.78250885009766,119.16000366210938,119.87000274658203,118.37999725341797,118.9000015258789,11993900,JPM
2019-09-17,98.29339599609375,118.56999969482422,118.61000061035156,117.23999786376953,118.41999816894531,10735400,JPM
2019-09-18,99.27989196777344,119.76000213623047,120.08000183105469,117.75,118.31999969482422,10665600,JPM
2019-09-19,98.96488189697266,119.37999725341797,120.33999633789062,119.08999633789062,119.69999694824219,9382600,JPM
2019-09-20,98.56696319580078,118.9000015258789,120.33999633789062,118.87000274658203,119.73999786376953,21862800,JPM
2019-09-23,98.55037689208984,118.87999725341797,119.12000274658203,117.68000030517578,117.77999877929688,9135100,JPM
2019-09-24,97.26544189453125,117.33000183105469,119.26000213623047,117.04000091552734,118.75,11696500,JPM
2019-09-25,97.82086944580078,118.0,118.36000061035156,117.12000274658203,117.2699966430664,9389400,JPM
2019-09-26,97.01673889160156,117.02999877929688,118.05000305175781,116.94999694824219,117.87999725341797,9899200,JPM
2019-09-27,97.58876037597656,117.72000122070312,118.63999938964844,117.27999877929688,117.95999908447266,10207800,JPM
2019-09-30,97.56388854980469,117.69000244140625,118.7699966430664,117.22000122070312,118.36000061035156,9755000,JPM
2019-10-01,95.78984069824219,115.55000305175781,119.0,115.41000366210938,118.4000015258789,11250300,JPM
2019-10-02,93.8831787109375,113.25,114.9000015258789,112.93000030517578,114.80999755859375,12548700,JPM
2019-10-03,93.74947357177734,112.19000244140625,112.91000366210938,110.5199966430664,112.2699966430664,12735200,JPM
2019-10-04,95.7800521850586,114.62000274658203,114.94000244140625,112.2699966430664,112.33999633789062,9453100,JPM
2019-10-07,95.57115173339844,114.37000274658203,115.5,114.06999969482422,114.19000244140625,6771600,JPM
2019-10-08,93.44029235839844,111.81999969482422,113.05999755859375,111.66000366210938,113.05999755859375,10806300,JPM
2019-10-09,94.11713409423828,112.62999725341797,113.16000366210938,112.06999969482422,112.66999816894531,7273700,JPM
2019-10-10,95.43741607666016,114.20999908447266,115.4000015258789,113.0,113.13999938964844,10994100,JPM
2019-10-11,97.05020904541016,116.13999938964844,117.98999786376953,115.87000274658203,116.02999877929688,15076500,JPM
2019-10-14,97.30924987792969,116.44999694824219,116.87000274658203,115.66000366210938,115.8499984741211,8779000,JPM
2019-10-15,100.24231719970703,119.95999908447266,121.58999633789062,117.87000274658203,118.8499984741211,23379000,JPM
2019-10-16,100.00834655761719,119.68000030517578,120.62000274658203,119.37999725341797,119.95999908447266,11087700,JPM
2019-10-17,100.56820678710938,120.3499984741211,121.56999969482422,119.87999725341797,120.75,10818500,JPM
2019-10-18,100.7436752319336,120.55999755859375,121.0199966430664,119.86000061035156,120.0,10417400,JPM
2019-10-21,103.24223327636719,123.55000305175781,123.7699966430664,121.98999786376953,122.05000305175781,12714600,JPM
2019-10-22,104.2784194946289,124.79000091552734,125.0999984741211,123.12000274658203,123.44999694824219,12549100,JPM
2019-10-23,104.5541763305664,125.12000274658203,125.1500015258789,124.16999816894531,124.19999694824219,8828300,JPM
2019-10-24,104.4789810180664,125.02999877929688,125.66000366210938,124.06999969482422,125.29000091552734,8020500,JPM
2019-10-25,105.31461334228516,126.02999877929688,126.6500015258789,124.75,125.0,9055700,JPM
2019-10-28,105.71571350097656,126.51000213623047,127.20999908447266,126.4000015258789,126.56999969482422,9522200,JPM
2019-10-29,105.64884185791016,126.43000030517578,127.41999816894531,125.94000244140625,126.05999755859375,9797300,JPM
2019-10-30,105.06391906738281,125.7300033569336,126.26000213623047,124.91999816894531,126.05000305175781,8513700,JPM
2019-10-31,104.38705444335938,124.91999816894531,125.7300033569336,123.86000061035156,125.48999786376953,11589100,JPM
2019-11-01,106.79366302490234,127.80000305175781,127.98999786376953,126.0199966430664,126.19999694824219,11682600,JPM
2019-11-04,107.64601135253906,128.82000732421875,129.4199981689453,128.55999755859375,129.0800018310547,9159900,JPM
2019-11-05,107.87999725341797,129.10000610351562,130.3000030517578,128.83999633789062,129.38999938964844,13747600,JPM
2019-11-06,108.04711151123047,129.3000030517578,129.83999633789062,128.5800018310547,128.69000244140625,11231100,JPM
2019-11-07,108.63204956054688,130.0,131.2899932861328,129.9199981689453,130.42999267578125,13528900,JPM
2019-11-08,108.9496078491211,130.3800048828125,130.39999389648438,129.25,129.8800048828125,9293400,JPM
2019-11-11,108.56520080566406,129.9199981689453,130.10000610351562,129.35000610351562,129.60000610351562,8679000,JPM
2019-11-12,107.93013763427734,129.16000366210938,130.6199951171875,129.00999450683594,129.6300048828125,9099000,JPM
2019-11-13,107.36188507080078,128.47999572753906,128.82000732421875,127.41999816894531,128.1300048828125,8023300,JPM
2019-11-14,107.46216583251953,128.60000610351562,128.83999633789062,127.58999633789062,127.72000122070312,8483400,JPM
2019-11-15,108.23931884765625,129.52999877929688,129.52999877929688,128.39999389648438,129.22999572753906,10163600,JPM
2019-11-18,109.1501235961914,130.6199951171875,130.64999389648438,128.99000549316406,129.55999755859375,8749300,JPM
2019-11-19,109.11673736572266,130.5800018310547,131.25,130.17999267578125,130.99000549316406,8824500,JPM
2019-11-20,108.32286071777344,129.6300048828125,130.6199951171875,128.94000244140625,130.3000030517578,11782800,JPM
2019-11-21,108.57354736328125,129.92999267578125,130.72000122070312,129.38999938964844,130.0,7705500,JPM
2019-11-22,109.29219055175781,130.7899932861328,131.22000122070312,130.10000610351562,130.14999389648438,8167900,JPM
2019-11-25,109.87712860107422,131.49000549316406,132.07000732421875,130.8699951171875,131.25,10068500,JPM
2019-11-26,110.02757263183594,131.6699981689453,131.82000732421875,130.36000061035156,131.82000732421875,10490700,JPM
2019-11-27,110.35342407226562,132.05999755859375,132.42999267578125,131.64999389648438,132.2899932861328,6607900,JPM
2019-11-29,110.102783203125,131.75999450683594,132.41000366210938,131.4499969482422,131.8699951171875,5712000,JPM
2019-12-02,109.86043548583984,131.47000122070312,132.74000549316406,131.35000610351562,132.30999755859375,8615600,JPM
2019-12-03,108.44820404052734,129.77999877929688,129.9600067138672,128.58999633789062,129.77000427246094,10361300,JPM
2019-12-04,110.5874252319336,132.33999633789062,132.47000122070312,129.99000549316406,130.3800048828125,10318200,JPM
2019-12-05,111.18909454345703,133.05999755859375,133.30999755859375,132.17999267578125,132.67999267578125,9587400,JPM
2019-12-06,112.84363555908203,135.0399932861328,135.77999877929688,134.64999389648438,134.69000244140625,10170600,JPM
2019-12-09,112.31718444824219,134.41000366210938,135.4600067138672,134.41000366210938,134.6300048828125,8498200,JPM
2019-12-10,112.39240264892578,134.5,134.77000427246094,132.8800048828125,133.25,7532900,JPM
2019-12-11,112.12501525878906,134.17999267578125,135.02000427246094,134.00999450683594,134.2899932861328,9011900,JPM
2019-12-12,115.33382415771484,138.02000427246094,138.47000122070312,134.2100067138672,134.49000549316406,13717400,JPM
2019-12-13,114.32271575927734,136.80999755859375,138.8300018310547,136.22000122070312,137.9499969482422,10592100,JPM
2019-12-16,114.76559448242188,137.33999633789062,138.83999633789062,137.32000732421875,138.3800048828125,11372000,JPM
2019-12-17,115.46751403808594,138.17999267578125,138.6699981689453,137.22999572753906,137.72999572753906,11546800,JPM
2019-12-18,115.35053253173828,138.0399932861328,139.02000427246094,137.72000122070312,138.14999389648438,10381500,JPM
2019-12-19,114.77394104003906,137.35000610351562,138.22000122070312,137.10000610351562,137.75999450683594,9350400,JPM
2019-12-20,114.68202209472656,137.24000549316406,138.8800048828125,136.89999389648438,138.02000427246094,29992600,JPM
2019-12-23,114.6485824584961,137.1999969482422,137.91000366210938,136.8800048828125,137.60000610351562,9738400,JPM
2019-12-24,114.96613311767578,137.5800018310547,137.6300048828125,137.05999755859375,137.3300018310547,3324300,JPM
2019-12-26,116.18614959716797,139.0399932861328,139.10000610351562,137.77999877929688,137.88999938964844,6770900,JPM
2019-12-27,116.26972961425781,139.13999938964844,139.77000427246094,138.6699981689453,139.3000030517578,7868200,JPM
2019-12-30,115.84355926513672,138.6300048828125,140.0800018310547,138.47000122070312,139.89999389648438,6963000,JPM
2019-12-31,116.48697662353516,139.39999389648438,139.47999572753906,138.2899932861328,138.50999450683594,7201600,JPM
2020-01-02,117.89922332763672,141.08999633789062,141.10000610351562,139.25999450683594,139.7899932861328,10803700,JPM
2020-01-03,116.34335327148438,138.33999633789062,139.22999572753906,137.0800018310547,137.5,10386800,JPM
2020-01-06,116.2508544921875,138.22999572753906,138.27000427246094,136.5,136.55999755859375,10259000,JPM
2020-01-07,114.27450561523438,135.8800048828125,137.86000061035156,135.82000732421875,137.27999877929688,10531300,JPM
2020-01-08,115.16596984863281,136.94000244140625,137.5800018310547,135.60000610351562,135.6999969482422,9695300,JPM
2020-01-09,115.58645629882812,137.44000244140625,138.22999572753906,137.0399932861328,138.0500030517578,9469000,JPM
2020-01-10,114.4343032836914,136.07000732421875,137.25,135.80999755859375,137.2100067138672,10190900,JPM
2020-01-13,115.38460540771484,137.1999969482422,137.1999969482422,135.75999450683594,136.19000244140625,12355200,JPM
2020-01-14,116.73019409179688,138.8000030517578,140.75999450683594,137.69000244140625,137.94000244140625,24906000,JPM
2020-01-15,114.98094940185547,136.72000122070312,138.60000610351562,136.14999389648438,137.85000610351562,16293400,JPM
2020-01-16,115.42669677734375,137.25,137.89999389648438,136.83999633789062,137.4499969482422,10783800,JPM
2020-01-17,116.22560119628906,138.1999969482422,138.2899932861328,137.32000732421875,137.5399932861328,14697700,JPM
2020-01-21,115.08187866210938,136.83999633789062,138.07000732421875,136.69000244140625,137.19000244140625,8474200,JPM
2020-01-22,114.94731140136719,136.67999267578125,137.39999389648438,136.3800048828125,137.24000549316406,7549100,JPM
2020-01-23,114.82953643798828,136.5399932861328,136.74000549316406,134.72000122070312,135.7100067138672,9345700,JPM
2020-01-24,111.97858428955078,133.14999389648438,136.42999267578125,132.32000732421875,136.3699951171875,15166400,JPM
2020-01-27,111.03665924072266,132.02999877929688,132.94000244140625,129.7100067138672,130.27000427246094,12860500,JPM
2020-01-28,113.0550537109375,134.42999267578125,134.97000122070312,132.47999572753906,132.83999633789062,13062800,JPM
2020-01-29,112.88684844970703,134.22999572753906,135.5399932861328,133.69000244140625,134.80999755859375,9326000,JPM
2020-01-30,114.28292083740234,135.88999938964844,136.1300048828125,132.69000244140625,132.69000244140625,9048900,JPM
2020-01-31,111.314208984375,132.36000061035156,134.8300018310547,131.47000122070312,134.49000549316406,12785200,JPM
2020-02-03,112.16361236572266,133.3699951171875,134.24000549316406,132.66000366210938,132.66000366210938,10021100,JPM
2020-02-04,113.77830505371094,135.2899932861328,136.60000610351562,135.0800018310547,135.5500030517578,9157100,JPM
2020-02-05,115.71260070800781,137.58999633789062,137.72999572753906,136.00999450683594,136.57000732421875,10150700,JPM
2020-02-06,115.72943115234375,137.61000061035156,138.2899932861328,137.11000061035156,138.24000549316406,8992300,JPM
2020-02-07,115.35938262939453,137.1699981689453,137.6699981689453,136.3000030517578,136.72999572753906,6379800,JPM
2020-02-10,115.83876037597656,137.74000549316406,137.85000610351562,136.75,136.9499969482422,5960700,JPM
2020-02-11,116.05741119384766,138.0,138.82000732421875,137.77999877929688,138.25999450683594,6578600,JPM
2020-02-12,116.05741119384766,138.0,139.2899932861328,137.8000030517578,138.60000610351562,7958000,JPM
2020-02-13,115.95652770996094,137.8800048828125,138.33999633789062,136.39999389648438,137.75,7447500,JPM
2020-02-14,115.6032943725586,137.4600067138672,138.19000244140625,136.94000244140625,137.83999633789062,6627600,JPM
2020-02-18,114.07266998291016,135.63999938964844,137.7100067138672,135.0500030517578,137.33999633789062,8996400,JPM
2020-02-19,115.6285400390625,137.49000549316406,138.38999938964844,136.33999633789062,136.91000366210938,7071200,JPM
2020-02-20,115.6285400390625,137.49000549316406,138.36000061035156,136.52999877929688,137.1699981689453,7422800,JPM
2020-02-21,114.21562957763672,135.80999755859375,136.9199981689453,134.9199981689453,136.5500030517578,9772800,JPM
2020-02-24,111.1460189819336,132.16000366210938,133.1999969482422,130.8000030517578,131.44000244140625,13618400,JPM
2020-02-25,106.18412780761719,126.26000213623047,132.22999572753906,125.58999633789062,131.0,20797200,JPM
2020-02-26,106.50372314453125,126.63999938964844,128.9499969482422,126.33999633789062,126.93000030517578,24825600,JPM
2020-02-27,102.0716552734375,121.37000274658203,125.62000274658203,121.30000305175781,122.91000366210938,23005500,JPM
2020-02-28,97.64802551269531,116.11000061035156,118.48999786376953,112.66000366210938,117.5199966430664,45931400,JPM
2020-03-02,102.19779968261719,121.5199966430664,121.58000183105469,114.45999908447266,116.62999725341797,27355400,JPM
2020-03-03,98.36286163330078,116.95999908447266,122.94999694824219,116.23999786376953,120.97000122070312,32547700,JPM
2020-03-04,100.79334259033203,119.8499984741211,120.19000244140625,114.69999694824219,118.33000183105469,25795900,JPM
2020-03-05,95.84830474853516,113.97000122070312,116.43000030517578,112.58000183105469,115.66999816894531,25025600,JPM
2020-03-06,90.89483642578125,108.08000183105469,110.31999969482422,105.0199966430664,106.26000213623047,38159400,JPM
2020-03-09,78.58264923095703,93.44000244140625,99.2300033569336,93.0,96.56999969482422,40352000,JPM
2020-03-10,84.68827819824219,100.69999694824219,101.27999877929688,94.58000183105469,99.0,31102700,JPM
2020-03-11,80.70195770263672,95.95999908447266,100.05000305175781,94.55000305175781,97.69999694824219,38127000,JPM
2020-03-12,74.04966735839844,88.05000305175781,96.95999908447266,86.31999969482422,89.58999633789062,49725200,JPM
2020-03-13,87.38788604736328,103.91000366210938,103.98999786376953,92.0,95.98999786376953,38543300,JPM
2020-03-16,74.31039428710938,88.36000061035156,93.9800033569336,84.55000305175781,85.19999694824219,38589700,JPM
2020-03-17,78.85176849365234,93.76000213623047,97.44000244140625,87.5,90.88999938964844,35239800,JPM
2020-03-18,70.5511474609375,83.88999938964844,90.79000091552734,80.36000061035156,87.66999816894531,41525600,JPM
2020-03-19,71.73693084716797,85.30000305175781,88.11000061035156,76.91000366210938,81.55999755859375,32175100,JPM
2020-03-20,70.22314453125,83.5,89.45999908447266,82.4800033569336,86.30000305175781,30150800,JPM
2020-03-23,66.4638900756836,79.02999877929688,83.75,78.08999633789062,82.68000030517578,32536600,JPM
2020-03-24,74.3692626953125,88.43000030517578,90.0999984741211,82.9000015258789,84.9000015258789,34363200,JPM
2020-03-25,77.1445541381836,91.7300033569336,95.1500015258789,84.54000091552734,89.23999786376953,38111700,JPM
2020-03-26,82.51848602294922,98.12000274658203,98.56999969482422,93.54000091552734,94.08000183105469,29826300,JPM
2020-03-27,76.63994598388672,91.12999725341797,94.83999633789062,90.55000305175781,93.19000244140625,30041500,JPM
2020-03-30,78.63311767578125,93.5,94.08999633789062,89.30000305175781,90.6500015258789,21656900,JPM
2020-03-31,75.71485137939453,90.02999877929688,94.16999816894531,89.33999633789062,92.05000305175781,23379300,JPM
2020-04-01,70.94640350341797,84.36000061035156,86.55999755859375,83.25,85.0999984741211,28029600,JPM
2020-04-02,73.59554290771484,87.51000213623047,87.91000366210938,82.95999908447266,83.51000213623047,24018000,JPM
2020-04-03,71.42021942138672,84.05000305175781,87.4800033569336,82.7699966430664,86.0,21199400,JPM
2020-04-06,76.01728820800781,89.45999908447266,90.98999786376953,87.69999694824219,88.98999786376953,26820800,JPM
2020-04-07,77.01998138427734,90.63999938964844,94.5,90.37999725341797,94.44999694824219,22563800,JPM
2020-04-08,80.1300048828125,94.30000305175781,94.86000061035156,90.55000305175781,92.0999984741211,22903300,JPM
2020-04-09,87.3187484741211,102.76000213623047,104.38999938964844,96.88999938964844,96.91999816894531,42055900,JPM
2020-04-13,83.43547058105469,98.19000244140625,103.11000061035156,97.30000305175781,103.11000061035156,26911900,JPM
2020-04-14,81.14968872070312,95.5,102.0,93.63999938964844,101.0199966430664,46151300,JPM
2020-04-15,77.14743041992188,90.79000091552734,92.02999877929688,90.12999725341797,91.1500015258789,30118600,JPM
2020-04-16,74.20734405517578,87.33000183105469,90.56999969482422,87.05000305175781,90.2300033569336,32449600,JPM
2020-04-17,80.87779998779297,95.18000030517578,95.69999694824219,90.95999908447266,92.0,30191900,JPM
2020-04-20,77.92919921875,91.70999908447266,94.70999908447266,90.45999908447266,92.47000122070312,23679400,JPM
2020-04-21,75.66889953613281,89.05000305175781,91.37999725341797,88.33000183105469,88.62000274658203,23035000,JPM
2020-04-22,75.91529846191406,89.33999633789062,91.87000274658203,89.18000030517578,90.69000244140625,16662400,JPM
2020-04-23,75.95780181884766,89.38999938964844,91.27999877929688,89.26000213623047,89.73999786376953,16638800,JPM
2020-04-24,77.07943725585938,90.70999908447266,91.0999984741211,88.48999786376953,90.63999938964844,15809200,JPM
2020-04-27,80.40190887451172,94.62000274658203,95.62999725341797,91.54000091552734,91.94000244140625,22870200,JPM
2020-04-28,80.97123718261719,95.29000091552734,98.36000061035156,95.02999877929688,97.80999755859375,20238900,JPM
2020-04-29,83.15507507324219,97.86000061035156,99.44999694824219,97.2699966430664,99.08000183105469,20462600,JPM
2020-04-30,81.37061309814453,95.76000213623047,96.83999633789062,94.55000305175781,95.5999984741211,19127600,JPM
2020-05-01,79.2377700805664,93.25,93.73999786376953,91.83999633789062,93.5,18547700,JPM
2020-05-04,78.29457092285156,92.13999938964844,92.66999816894531,90.80000305175781,92.0199966430664,15725900,JPM
2020-05-05,78.17562866210938,92.0,94.20999908447266,91.9000015258789,93.6500015258789,18064100,JPM
2020-05-06,76.70555877685547,90.2699966430664,92.76000213623047,89.93000030517578,92.16000366210938,20978000,JPM
2020-05-07,77.50433349609375,91.20999908447266,92.91000366210938,90.58000183105469,91.33999633789062,16771900,JPM
2020-05-08,78.77043151855469,92.69999694824219,94.08000183105469,92.11000061035156,92.80000305175781,20487800,JPM
2020-05-11,76.45065307617188,89.97000122070312,91.11000061035156,89.33000183105469,91.11000061035156,31907600,JPM
2020-05-12,73.95243835449219,87.02999877929688,90.79000091552734,86.9000015258789,90.1500015258789,27962900,JPM
2020-05-13,71.40323638916016,84.02999877929688,86.86000061035156,83.4000015258789,86.37999725341797,35451600,JPM
2020-05-14,74.3687973022461,87.5199966430664,88.11000061035156,82.4000015258789,82.72000122070312,35152500,JPM
2020-05-15,72.99225616455078,85.9000015258789,87.27999877929688,85.30000305175781,86.8499984741211,26099000,JPM
2020-05-18,76.8584976196289,90.44999694824219,91.1500015258789,87.87999725341797,88.69000244140625,30504400,JPM
2020-05-19,75.34599304199219,88.66999816894531,91.19999694824219,88.58999633789062,90.05000305175781,19597300,JPM
2020-05-20,77.6063003540039,91.33000183105469,92.38999938964844,90.37000274658203,90.70999908447266,20552400,JPM
2020-05-21,76.62060546875,90.16999816894531,91.76000213623047,89.66999816894531,90.2699966430664,14621400,JPM
2020-05-22,76.02578735351562,89.47000122070312,90.36000061035156,88.72000122070312,90.01000213623047,13557900,JPM
2020-05-26,81.4216079711914,95.81999969482422,97.5,92.61000061035156,92.88999938964844,41233900,JPM
2020-05-27,86.13762664794922,101.37000274658203,102.58000183105469,98.80000305175781,102.06999969482422,39402000,JPM
2020-05-28,84.85452270507812,99.86000061035156,102.94999694824219,99.4000015258789,102.94000244140625,24713900,JPM
2020-05-29,82.68770599365234,97.30999755859375,99.18000030517578,96.77999877929688,98.66000366210938,26526400,JPM
2020-06-01,83.78387451171875,98.5999984741211,99.51000213623047,97.37999725341797,97.75,15176800,JPM
2020-06-02,84.06427001953125,98.93000030517578,100.41999816894531,97.93000030517578,100.27999877929688,21195000,JPM
2020-06-03,88.60186004638672,104.2699966430664,104.91999816894531,101.05999755859375,101.58000183105469,25941100,JPM
2020-06-04,90.44579315185547,106.44000244140625,106.61000061035156,102.79000091552734,103.81999969482422,26784700,JPM
2020-06-05,94.5160140991211,111.2300033569336,115.7699966430664,109.52999877929688,114.93000030517578,42231000,JPM
2020-06-08,96.40245056152344,113.44999694824219,114.19000244140625,111.94000244140625,113.41000366210938,24881800,JPM
2020-06-09,93.92969512939453,110.54000091552734,111.62999725341797,109.01000213623047,110.6500015258789,17031100,JPM
2020-06-10,90.12287902832031,106.05999755859375,110.51000213623047,105.8499984741211,110.45999908447266,24913300,JPM
2020-06-11,82.60274505615234,97.20999908447266,101.58000183105469,96.54000091552734,100.02999877929688,36259200,JPM
2020-06-12,84.8630142211914,99.87000274658203,101.12999725341797,97.33000183105469,100.70999908447266,24856800,JPM
2020-06-15,86.03567504882812,101.25,101.43000030517578,95.87000274658203,96.41999816894531,22153600,JPM
2020-06-16,86.72395324707031,102.05999755859375,105.68000030517578,99.30999755859375,105.37000274658203,22193600,JPM
2020-06-17,84.5316390991211,99.4800033569336,102.54000091552734,99.20999908447266,102.52999877929688,15639800,JPM
2020-06-18,84.07278442382812,98.94000244140625,100.5199966430664,98.12999725341797,98.66999816894531,16591900,JPM
2020-06-19,83.1125717163086,97.80999755859375,100.5999984741211,96.7300033569336,100.52999877929688,40371200,JPM
2020-06-22,82.21185302734375,96.75,97.94999694824219,96.54000091552734,97.25,16216900,JPM
2020-06-23,83.21453094482422,97.93000030517578,99.97000122070312,97.8499984741211,98.97000122070312,15381400,JPM
2020-06-24,80.4359130859375,94.66000366210938,96.83999633789062,94.30999755859375,96.75,22919800,JPM
2020-06-25,83.24002838134766,97.95999908447266,98.20999908447266,94.26000213623047,94.3499984741211,25743600,JPM
2020-06-26,78.67697143554688,92.58999633789062,95.37000274658203,92.0,95.11000061035156,41896300,JPM
2020-06-29,79.02534484863281,93.0,94.48999786376953,92.18000030517578,93.4000015258789,18499700,JPM
2020-06-30,79.92606353759766,94.05999755859375,94.66000366210938,92.56999969482422,92.83000183105469,19137000,JPM
2020-07-01,79.24628448486328,93.26000213623047,95.70999908447266,93.02999877929688,94.88999938964844,18755700,JPM
2020-07-02,79.50370025634766,92.66000366210938,94.95999908447266,91.93000030517578,94.73999786376953,27845600,JPM
2020-07-06,81.51142883300781,95.0,95.19999694824219,93.4800033569336,94.43000030517578,18625300,JPM
2020-07-07,79.21195983886719,92.31999969482422,94.0999984741211,92.0,93.81999969482422,25757200,JPM
2020-07-08,80.05281829833984,93.30000305175781,93.33999633789062,91.80000305175781,92.29000091552734,18762200,JPM
2020-07-09,78.31961822509766,91.27999877929688,94.12000274658203,90.77999877929688,93.5199966430664,25600800,JPM
2020-07-10,82.60113525390625,96.2699966430664,96.83999633789062,91.87000274658203,92.0,28954200,JPM
2020-07-13,83.78518676757812,97.6500015258789,99.2699966430664,96.2300033569336,98.7300033569336,32079200,JPM
2020-07-14,84.26567840576172,98.20999908447266,99.94999694824219,96.63999938964844,98.37000274658203,42731700,JPM
2020-07-15,85.56985473632812,99.7300033569336,101.29000091552734,98.6500015258789,100.88999938964844,22508400,JPM
2020-07-16,85.81011199951172,100.01000213623047,101.22000122070312,98.55000305175781,98.77999877929688,16886900,JPM
2020-07-17,84.2227783203125,98.16000366210938,100.08000183105469,98.13999938964844,100.0,16137700,JPM
2020-07-20,83.48487854003906,97.30000305175781,98.38999938964844,97.26000213623047,97.43000030517578,14458100,JPM
2020-07-21,85.29529571533203,99.41000366210938,100.05000305175781,97.63999938964844,97.70999908447266,17798100,JPM
2020-07-22,84.67752838134766,98.69000244140625,100.12999725341797,97.52999877929688,99.6500015258789,14271200,JPM
2020-07-23,84.92633056640625,98.9800033569336,99.3499984741211,97.97000122070312,98.5,12870200,JPM
2020-07-24,84.32572174072266,98.27999877929688,99.80000305175781,97.94000244140625,99.5999984741211,12744200,JPM
2020-07-27,83.14166259765625,96.9000015258789,97.62999725341797,96.16999816894531,97.51000213623047,11959100,JPM
2020-07-28,83.50203704833984,97.31999969482422,97.88999938964844,96.5,96.5,11754300,JPM
2020-07-29,85.52693939208984,99.68000030517578,99.70999908447266,97.0,97.06999969482422,12743500,JPM
2020-07-30,83.24462127685547,97.0199966430664,97.73999786376953,96.05000305175781,97.54000091552734,14834800,JPM
2020-07-31,82.91858673095703,96.63999938964844,96.93000030517578,95.25,96.4800033569336,14535000,JPM
2020-08-03,82.45525360107422,96.0999984741211,97.56999969482422,95.8499984741211,97.0199966430664,12962800,JPM
2020-08-04,81.98336791992188,95.55000305175781,95.94999694824219,95.02999877929688,95.91000366210938,13366200,JPM
2020-08-05,83.40765380859375,97.20999908447266,98.47000122070312,95.72000122070312,95.87000274658203,15260900,JPM
2020-08-06,83.43339538574219,97.23999786376953,98.0999984741211,96.54000091552734,97.58000183105469,10482100,JPM
2020-08-07,85.26953887939453,99.37999725341797,99.48999786376953,96.55999755859375,96.93000030517578,14743700,JPM
2020-08-10,86.35064697265625,100.63999938964844,102.04000091552734,100.02999877929688,100.11000061035156,14989900,JPM
2020-08-11,89.07913208007812,103.81999969482422,106.16000366210938,103.51000213623047,103.86000061035156,31518600,JPM
2020-08-12,88.32410430908203,102.94000244140625,106.43000030517578,101.70999908447266,106.16000366210938,19240800,JPM
2020-08-13,87.83502960205078,102.37000274658203,103.36000061035156,101.63999938964844,102.0,13598600,JPM
2020-08-14,87.86931610107422,102.41000366210938,103.30999755859375,101.41999816894531,101.5,12134400,JPM
2020-08-17,85.55269622802734,99.70999908447266,102.0,99.52999877929688,101.5,14988000,JPM
2020-08-18,84.36005401611328,98.31999969482422,99.91000366210938,98.12000274658203,99.91000366210938,13246500,JPM
2020-08-19,84.5573959350586,98.55000305175781,100.58999633789062,98.33999633789062,98.91999816894531,13533000,JPM
2020-08-20,83.54495239257812,97.37000274658203,98.02999877929688,96.80000305175781,97.26000213623047,13672600,JPM
2020-08-21,83.50203704833984,97.31999969482422,98.56999969482422,96.94000244140625,97.2699966430664,12228300,JPM
2020-08-24,85.85298156738281,100.05999755859375,100.20999908447266,97.41999816894531,98.44999694824219,17898300,JPM
2020-08-25,86.23052215576172,100.5,101.9800033569336,99.80000305175781,101.2699966430664,13648900,JPM
2020-08-26,85.02072143554688,99.08999633789062,100.2699966430664,99.05000305175781,99.94000244140625,12052400,JPM
2020-08-27,87.81785583496094,102.3499984741211,102.6500015258789,99.0,99.0,22163900,JPM
2020-08-28,88.17821502685547,102.7699966430664,103.25,101.80999755859375,103.13999938964844,13756700,JPM
2020-08-31,85.96454620361328,100.19000244140625,102.18000030517578,100.0199966430664,102.12000274658203,14219400,JPM
2020-09-01,85.921630859375,100.13999938964844,100.87000274658203,99.04000091552734,99.55000305175781,11595600,JPM
2020-09-02,87.21723937988281,101.6500015258789,101.94000244140625,99.55999755859375,99.94999694824219,14475700,JPM
2020-09-03,86.94268798828125,101.33000183105469,104.98999786376953,100.63999938964844,103.31999969482422,23281200,JPM
2020-09-04,88.82173156738281,103.5199966430664,105.20999908447266,101.37000274658203,104.05000305175781,26325500,JPM
2020-09-08,85.73286437988281,99.91999816894531,103.56999969482422,99.4800033569336,102.9800033569336,22108600,JPM
2020-09-09,86.54798126220703,100.87000274658203,101.69000244140625,99.55999755859375,100.80000305175781,13434000,JPM
2020-09-10,85.65564727783203,99.83000183105469,102.41999816894531,99.63999938964844,101.4000015258789,15922800,JPM
2020-09-11,86.71959686279297,101.06999969482422,101.36000061035156,99.58999633789062,99.97000122070312,13784300,JPM
2020-09-14,87.92079162597656,102.47000122070312,103.45999908447266,101.37000274658203,101.51000213623047,19017400,JPM
2020-09-15,85.18374633789062,99.27999877929688,102.8499984741211,99.13999938964844,102.7300033569336,23683000,JPM
2020-09-16,85.54410552978516,99.69999694824219,101.12999725341797,98.76000213623047,99.43000030517578,19270600,JPM
2020-09-17,84.56598663330078,98.55999755859375,99.33999633789062,97.70999908447266,98.69999694824219,18290100,JPM
2020-09-18,84.38582611083984,98.3499984741211,99.48999786376953,97.44000244140625,97.88999938964844,20121600,JPM
2020-09-21,81.77742004394531,95.30999755859375,96.05000305175781,93.81999969482422,95.19999694824219,28378800,JPM
2020-09-22,80.88509368896484,94.2699966430664,95.66000366210938,93.66999816894531,94.95999908447266,19257000,JPM
2020-09-23,79.57231903076172,92.73999786376953,95.3499984741211,92.66000366210938,94.77999877929688,19952700,JPM
2020-09-24,79.50370025634766,92.66000366210938,94.30000305175781,91.37999725341797,92.31999969482422,18366500,JPM
2020-09-25,80.19868469238281,93.47000122070312,93.72000122070312,91.87000274658203,92.05000305175781,13293100,JPM
2020-09-28,82.50674438476562,96.16000366210938,96.93000030517578,94.3499984741211,95.05999755859375,20894100,JPM
2020-09-29,81.81173706054688,95.3499984741211,96.02999877929688,94.33000183105469,96.02999877929688,12848200,JPM
2020-09-30,82.60113525390625,96.2699966430664,97.19999694824219,95.26000213623047,95.3499984741211,16400600,JPM
2020-10-01,83.20174407958984,96.97000122070312,97.7699966430664,96.02999877929688,97.12000274658203,15778700,JPM
2020-10-02,83.9910888671875,97.88999938964844,98.58999633789062,95.08999633789062,95.25,15149600,JPM
2020-10-05,85.76634979248047,99.04000091552734,99.25,97.52999877929688,98.31999969482422,13871900,JPM
2020-10-06,84.88306427001953,98.0199966430664,100.86000061035156,97.51000213623047,100.06999969482422,19220400,JPM
2020-10-07,86.36388397216797,99.7300033569336,100.3499984741211,98.66999816894531,98.95999908447266,16358500,JPM
2020-10-08,88.13914489746094,101.77999877929688,101.91999816894531,99.9000015258789,100.51000213623047,15659000,JPM
2020-10-09,87.63687133789062,101.19999694824219,102.11000061035156,100.11000061035156,102.0,13689100,JPM
2020-10-12,88.71070098876953,102.44000244140625,103.0,100.8499984741211,101.0999984741211,16058000,JPM
2020-10-13,87.2731704711914,100.77999877929688,103.22000122070312,100.26000213623047,103.0,21697300,JPM
2020-10-14,86.78822326660156,100.22000122070312,101.93000030517578,100.0999984741211,101.02999877929688,15204100,JPM
2020-10-15,88.08717346191406,101.72000122070312,101.77999877929688,99.04000091552734,99.0999984741211,17171200,JPM
2020-10-16,87.90531921386719,101.51000213623047,102.33000183105469,100.72000122070312,101.41000366210938,13275000,JPM
2020-10-19,86.42450714111328,99.80000305175781,101.87000274658203,99.55999755859375,101.5999984741211,11725700,JPM
2020-10-20,86.91812133789062,100.37000274658203,101.7699966430664,100.12000274658203,100.30999755859375,11257100,JPM
2020-10-21,86.05213928222656,99.37000274658203,100.98999786376953,99.33000183105469,100.36000061035156,10730500,JPM
2020-10-22,89.09170532226562,102.87999725341797,103.23999786376953,99.30999755859375,99.31999969482422,14837200,JPM
2020-10-23,89.8970718383789,103.80999755859375,104.44999694824219,102.93000030517578,103.5,15087600,JPM
2020-10-26,87.67150115966797,101.23999786376953,102.69999694824219,100.25,102.6500015258789,12410700,JPM
2020-10-27,86.01750183105469,99.33000183105469,100.91999816894531,99.16000366210938,100.51000213623047,10391700,JPM
2020-10-28,83.60143280029297,96.54000091552734,98.30000305175781,96.06999969482422,97.5,16389500,JPM
2020-10-29,84.14698028564453,97.16999816894531,97.9800033569336,95.23999786376953,96.12000274658203,14208800,JPM
2020-10-30,84.90038299560547,98.04000091552734,98.41999816894531,96.2300033569336,97.91000366210938,15194500,JPM
2020-11-02,86.8141860961914,100.25,100.87999725341797,97.86000061035156,99.38999938964844,15011600,JPM
2020-11-03,89.5506820678711,103.41000366210938,104.73999786376953,102.69000244140625,103.0199966430664,17482600,JPM
2020-11-04,86.8141860961914,100.25,102.06999969482422,98.93000030517578,101.0,18886500,JPM
2020-11-05,90.36470031738281,104.3499984741211,105.0999984741211,101.0,101.05999755859375,17837400,JPM
2020-11-06,89.16098022460938,102.95999908447266,105.0999984741211,102.38999938964844,105.02999877929688,12552800,JPM
2020-11-09,101.23271179199219,116.9000015258789,118.9000015258789,110.3499984741211,113.16000366210938,47792400,JPM
2020-11-10,100.90361785888672,116.5199966430664,117.44999694824219,114.69000244140625,117.3499984741211,20539300,JPM
2020-11-11,99.39682006835938,114.77999877929688,116.95999908447266,113.95999908447266,116.88999938964844,14443400,JPM
2020-11-12,98.17581939697266,113.37000274658203,113.95999908447266,112.05999755859375,112.52999877929688,22063000,JPM
2020-11-13,98.79066467285156,114.08000183105469,114.86000061035156,113.56999969482422,114.69999694824219,11847900,JPM
2020-11-16,101.5791015625,117.30000305175781,118.61000061035156,115.7300033569336,117.79000091552734,19858600,JPM
2020-11-17,100.54857635498047,116.11000061035156,116.44000244140625,114.58000183105469,115.38999938964844,14553200,JPM
2020-11-18,99.80384826660156,115.25,118.61000061035156,115.19999694824219,117.33999633789062,12571200,JPM
2020-11-19,100.0722885131836,115.55999755859375,115.81999969482422,113.55999755859375,114.18000030517578,10202500,JPM
2020-11-20,99.21498107910156,114.56999969482422,115.6500015258789,114.08999633789062,114.43000030517578,12718900,JPM
2020-11-23,102.07270812988281,117.87000274658203,118.16999816894531,115.56999969482422,116.05000305175781,13209200,JPM
2020-11-24,106.79228210449219,123.31999969482422,123.5,119.70999908447266,120.06999969482422,20121600,JPM
2020-11-25,105.67516326904297,122.02999877929688,122.37999725341797,120.47000122070312,121.37000274658203,11715600,JPM
2020-11-27,104.9737319946289,121.22000122070312,122.3499984741211,121.08000183105469,122.0,5983600,JPM
2020-11-30,102.08137512207031,117.87999725341797,120.72000122070312,117.7699966430664,120.0,14411800,JPM
2020-12-01,103.69207763671875,119.73999786376953,121.58000183105469,119.62999725341797,120.33999633789062,12668900,JPM
2020-12-02,105.68384552001953,122.04000091552734,122.30999755859375,119.2699966430664,119.69999694824219,10811300,JPM
2020-12-03,104.99105834960938,121.23999786376953,121.88999938964844,120.36000061035156,121.8499984741211,12904400,JPM
2020-12-04,105.9436264038086,122.33999633789062,123.29000091552734,121.69000244140625,122.4800033569336,13583700,JPM
2020-12-07,105.54527282714844,121.87999725341797,122.16999816894531,120.20999908447266,121.1500015258789,9724300,JPM
2020-12-08,105.64920806884766,122.0,122.33000183105469,120.76000213623047,121.04000091552734,9592100,JPM
2020-12-09,104.82650756835938,121.05000305175781,123.30000305175781,120.44000244140625,123.16999816894531,13073900,JPM
2020-12-10,104.15105438232422,120.2699966430664,120.77999877929688,119.55999755859375,119.98999786376953,13668400,JPM
2020-12-11,103.53619384765625,119.55999755859375,120.0199966430664,118.37000274658203,118.94000244140625,9981600,JPM
2020-12-14,102.44507598876953,118.30000305175781,121.41999816894531,118.11000061035156,121.33999633789062,12112400,JPM
2020-12-15,104.19434356689453,120.31999969482422,120.9000015258789,118.62000274658203,119.29000091552734,12590200,JPM
2020-12-16,104.49744415283203,120.66999816894531,121.08000183105469,119.86000061035156,120.30000305175781,11169400,JPM
2020-12-17,103.6314697265625,119.66999816894531,121.44999694824219,119.58000183105469,121.26000213623047,11618000,JPM
2020-12-18,103.12052917480469,119.08000183105469,119.87999725341797,118.2699966430664,119.13999938964844,28954800,JPM
2020-12-21,106.99146270751953,123.55000305175781,125.0,121.08999633789062,123.16999816894531,28323600,JPM
2020-12-22,105.36344146728516,121.66999816894531,123.5199966430664,121.61000061035156,123.38999938964844,11788200,JPM
2020-12-23,108.30774688720703,125.06999969482422,126.5199966430664,122.3499984741211,122.77999877929688,14973200,JPM
2020-12-24,107.83145141601562,124.5199966430664,125.55000305175781,123.56999969482422,125.08999633789062,4164900,JPM
2020-12-28,108.54154968261719,125.33999633789062,126.6500015258789,124.79000091552734,125.81999969482422,8072600,JPM
2020-12-29,108.25578308105469,125.01000213623047,126.27999877929688,124.88999938964844,126.19999694824219,8389200,JPM
2020-12-30,108.55887603759766,125.36000061035156,125.8499984741211,124.9000015258789,125.48999786376953,7398000,JPM
2020-12-31,110.03970336914062,127.06999969482422,127.33000183105469,124.81999969482422,125.08999633789062,8580200,JPM
2021-01-04,109.00052642822266,125.87000274658203,127.86000061035156,124.77999877929688,127.5,16819900,JPM
2021-01-05,109.5936279296875,125.6500015258789,126.30000305175781,123.7699966430664,124.98999786376953,13731200,JPM
2021-01-06,114.73971557617188,131.5500030517578,132.77000427246094,127.87999725341797,129.8800048828125,24909100,JPM
2021-01-07,118.50763702392578,135.8699951171875,138.19000244140625,134.9199981689453,135.69000244140625,21940400,JPM
2021-01-08,118.63848876953125,136.02000427246094,136.35000610351562,134.1199951171875,135.97000122070312,12035100,JPM
2021-01-11,120.40909576416016,138.0500030517578,138.1999969482422,134.11000061035156,134.5800018310547,15937900,JPM
2021-01-12,122.30179595947266,140.22000122070312,141.66000366210938,138.8300018310547,139.44000244140625,18033500,JPM
2021-01-13,122.4151611328125,140.35000610351562,140.7899932861328,138.10000610351562,138.58999633789062,14816800,JPM
2021-01-14,123.13035583496094,141.1699981689453,142.75,140.0,140.49000549316406,18565600,JPM
2021-01-15,120.92365264892578,138.63999938964844,141.64999389648438,137.00999450683594,137.42999267578125,27881000,JPM
2021-01-19,120.4003677368164,138.0399932861328,140.6999969482422,137.82000732421875,139.86000061035156,19843800,JPM
2021-01-20,118.59487915039062,135.97000122070312,138.1699981689453,135.44000244140625,137.82000732421875,16028800,JPM
2021-01-21,117.60053253173828,134.8300018310547,136.16000366210938,134.32000732421875,135.69000244140625,13411700,JPM
2021-01-22,116.69344329833984,133.7899932861328,134.39999389648438,132.1999969482422,132.69000244140625,12933200,JPM
2021-01-25,115.23684692382812,132.1199951171875,133.1699981689453,130.05999755859375,132.13999938964844,14212800,JPM
2021-01-26,114.76586151123047,131.5800018310547,133.1699981689453,131.33999633789062,132.75,11307800,JPM
2021-01-27,111.52120971679688,127.86000061035156,129.85000610351562,127.3499984741211,129.58999633789062,17603900,JPM
2021-01-28,113.48371124267578,130.11000061035156,132.1699981689453,128.99000549316406,129.89999389648438,13761800,JPM
2021-01-29,112.22772979736328,128.6699981689453,131.72000122070312,128.19000244140625,131.19000244140625,14808100,JPM
2021-02-01,113.05630493164062,129.6199951171875,130.07000732421875,128.47999572753906,129.39999389648438,11080700,JPM
2021-02-02,116.53643798828125,133.61000061035156,134.38999938964844,131.22000122070312,131.94000244140625,12253600,JPM
2021-02-03,117.87093353271484,135.13999938964844,135.75999450683594,133.50999450683594,133.64999389648438,10600800,JPM
2021-02-04,120.58351135253906,138.25,138.66000366210938,135.47000122070312,135.47000122070312,12419500,JPM
2021-02-05,120.3480224609375,137.97999572753906,139.49000549316406,137.3800048828125,139.38999938964844,10051300,JPM
2021-02-08,122.23201751708984,140.13999938964844,140.3000030517578,138.17999267578125,138.1999969482422,10136400,JPM
2021-02-09,121.74356079101562,139.5800018310547,139.97999572753906,138.5399932861328,139.42999267578125,8614800,JPM
2021-02-10,121.81334686279297,139.66000366210938,140.8699951171875,139.0399932861328,140.0,10323200,JPM
2021-02-11,121.47318267822266,139.27000427246094,140.5500030517578,138.22000122070312,139.66000366210938,9201000,JPM
2021-02-12,123.20018768310547,141.25,141.61000061035156,139.0,139.0500030517578,8324600,JPM
2021-02-16,126.16567993164062,144.64999389648438,145.32000732421875,142.39999389648438,143.5500030517578,12130600,JPM
2021-02-17,126.55817413330078,145.10000610351562,145.3800048828125,143.1199951171875,143.9499969482422,10810100,JPM
2021-02-18,126.98552703857422,145.58999633789062,145.7899932861328,143.39999389648438,144.0,10587800,JPM
2021-02-19,129.10504150390625,148.02000427246094,148.83999633789062,145.86000061035156,145.86000061035156,11969800,JPM
2021-02-22,130.31744384765625,149.41000366210938,150.19000244140625,146.7899932861328,146.8699951171875,11488400,JPM
2021-02-23,131.36407470703125,150.61000061035156,152.30999755859375,149.58999633789062,151.50999450683594,16234400,JPM
2021-02-24,133.6754608154297,153.25999450683594,153.75999450683594,150.11000061035156,150.11000061035156,15061400,JPM
2021-02-25,131.86123657226562,151.17999267578125,154.89999389648438,150.58999633789062,154.27000427246094,18127700,JPM
2021-02-26,128.36361694335938,147.1699981689453,150.8699951171875,146.50999450683594,150.3000030517578,19829200,JPM
2021-03-01,131.2681427001953,150.5,151.3800048828125,148.47999572753906,149.52000427246094,14845500,JPM
2021-03-02,130.8407440185547,150.00999450683594,151.77999877929688,149.83999633789062,150.0800018310547,14221700,JPM
2021-03-03,133.37017822265625,152.91000366210938,154.97999572753906,150.82000732421875,151.22999572753906,14324100,JPM
2021-03-04,131.32046508789062,150.55999755859375,154.3800048828125,148.6199951171875,152.61000061035156,20093900,JPM
2021-03-05,131.6257781982422,150.91000366210938,153.49000549316406,147.97000122070312,153.22000122070312,18465100,JPM
2021-03-08,133.37017822265625,152.91000366210938,155.4600067138672,150.75,152.47000122070312,17133300,JPM
2021-03-09,132.4281768798828,151.8300018310547,154.25,149.82000732421875,151.5,16238800,JPM
2021-03-10,135.30648803710938,155.1300048828125,156.16000366210938,151.50999450683594,151.91000366210938,14342200,JPM
2021-03-11,134.6000213623047,154.32000732421875,156.14999389648438,153.36000061035156,154.11000061035156,11771500,JPM
2021-03-12,136.19610595703125,156.14999389648438,157.6300048828125,155.07000732421875,156.86000061035156,12849500,JPM
2021-03-15,135.51580810546875,155.3699951171875,156.9199981689453,153.9600067138672,156.35000610351562,12101100,JPM
2021-03-16,133.8935089111328,153.50999450683594,154.60000610351562,152.19000244140625,154.08999633789062,12805600,JPM
2021-03-17,135.27157592773438,155.08999633789062,156.8800048828125,153.0500030517578,155.33999633789062,13952400,JPM
2021-03-18,137.5044403076172,157.64999389648438,161.69000244140625,157.11000061035156,157.60000610351562,21898500,JPM
2021-03-19,135.31520080566406,155.13999938964844,155.94000244140625,151.19000244140625,155.50999450683594,54418800,JPM
2021-03-22,131.67808532714844,150.97000122070312,153.97000122070312,150.61000061035156,152.8000030517578,19944800,JPM
2021-03-23,130.36102294921875,149.4600067138672,152.1199951171875,148.9600067138672,150.3300018310547,17076300,JPM
2021-03-24,131.37278747558594,150.6199951171875,153.17999267578125,149.86000061035156,150.0,13079800,JPM
2021-03-25,133.05616760253906,152.5500030517578,152.97000122070312,149.3300018310547,150.0,15608300,JPM
2021-03-26,135.27157592773438,155.08999633789062,155.4499969482422,152.5500030517578,154.3000030517578,16754400,JPM
2021-03-29,133.16958618164062,152.67999267578125,153.72999572753906,151.0399932861328,152.1199951171875,17570300,JPM
2021-03-30,134.73956298828125,154.47999572753906,155.8699951171875,153.8800048828125,154.4600067138672,13184300,JPM
2021-03-31,132.77703857421875,152.22999572753906,154.49000549316406,152.1199951171875,153.27999877929688,16736700,JPM
2021-04-01,134.06793212890625,153.7100067138672,153.7899932861328,151.5500030517578,151.89999389648438,16561500,JPM
2021-04-05,134.77857971191406,153.6199951171875,154.94000244140625,152.60000610351562,154.39999389648438,13508000,JPM
2021-04-06,133.83103942871094,152.5399932861328,154.27999877929688,151.86000061035156,152.7899932861328,13071600,JPM
2021-04-07,135.9279327392578,154.92999267578125,155.22999572753906,152.64999389648438,153.10000610351562,16903500,JPM
2021-04-08,136.09463500976562,155.1199951171875,155.50999450683594,152.30999755859375,154.0,12335500,JPM
2021-04-09,137.11236572265625,156.27999877929688,157.0399932861328,154.97000122070312,155.80999755859375,12122400,JPM
2021-04-12,136.8228302001953,155.9499969482422,157.25,155.57000732421875,155.5800018310547,12273400,JPM
2021-04-13,135.19094848632812,154.08999633789062,155.1999969482422,152.42999267578125,154.75,16113600,JPM
2021-04-14,132.66416931152344,151.2100067138672,153.8300018310547,150.92999267578125,151.47000122070312,19939600,JPM
2021-04-15,133.50645446777344,152.1699981689453,152.1999969482422,149.32000732421875,151.25,17694100,JPM
2021-04-16,134.4978485107422,153.3000030517578,154.50999450683594,152.69000244140625,153.8699951171875,13773400,JPM
2021-04-19,133.9275665283203,152.64999389648438,153.8800048828125,152.22000122070312,153.4199981689453,11900200,JPM
2021-04-20,130.96214294433594,149.27000427246094,151.75,148.64999389648438,151.74000549316406,13716700,JPM
2021-04-21,132.0763397216797,150.5399932861328,150.61000061035156,146.7899932861328,147.7899932861328,12236700,JPM
2021-04-22,129.295166015625,147.3699951171875,150.3000030517578,147.25999450683594,150.22999572753906,15256100,JPM
2021-04-23,131.76931762695312,150.19000244140625,151.1300048828125,146.69000244140625,147.17999267578125,14041900,JPM
2021-04-26,132.0938720703125,150.55999755859375,152.4600067138672,150.3800048828125,150.77999877929688,10799100,JPM
2021-04-27,132.69927978515625,151.25,151.57000732421875,150.11000061035156,150.5,12821200,JPM
2021-04-28,133.55906677246094,152.22999572753906,152.88999938964844,151.39999389648438,152.42999267578125,8943700,JPM
2021-04-29,136.15606689453125,155.19000244140625,155.27999877929688,153.1999969482422,153.5399932861328,12976900,JPM
2021-04-30,134.9452667236328,153.80999755859375,154.49000549316406,153.00999450683594,154.10000610351562,11705100,JPM
2021-05-03,134.5504913330078,153.36000061035156,155.47999572753906,153.1300048828125,154.85000610351562,11801100,JPM
2021-05-04,136.4104766845703,155.47999572753906,155.63999938964844,152.13999938964844,152.8699951171875,12977700,JPM
2021-05-05,138.2002410888672,157.52000427246094,158.27999877929688,154.6300048828125,156.0,10506700,JPM
2021-05-06,140.98147583007812,160.69000244140625,160.82000732421875,157.16000366210938,158.07000732421875,13542400,JPM
2021-05-07,141.46405029296875,161.24000549316406,161.5,157.02000427246094,157.22000122070312,14257800,JPM
2021-05-10,141.44644165039062,161.22000122070312,163.72999572753906,161.1199951171875,161.5,14014300,JPM
2021-05-11,139.0951690673828,158.5399932861328,162.38999938964844,158.0399932861328,161.0800018310547,15451700,JPM
2021-05-12,138.1388702392578,157.4499969482422,160.77999877929688,157.02999877929688,159.61000061035156,14381700,JPM
2021-05-13,141.692138671875,161.5,162.4499969482422,157.67999267578125,158.17999267578125,15395000,JPM
2021-05-14,143.8942413330078,164.00999450683594,164.4499969482422,161.99000549316406,162.38999938964844,10584000,JPM
2021-05-17,144.47332763671875,164.6699981689453,164.85000610351562,163.02999877929688,163.3699951171875,9886800,JPM
2021-05-18,142.43789672851562,162.35000610351562,165.5,162.24000549316406,164.67999267578125,11098100,JPM
2021-05-19,141.34996032714844,161.11000061035156,161.17999267578125,158.63999938964844,161.0,13278900,JPM
2021-05-20,141.1042938232422,160.8300018310547,161.86000061035156,159.52000427246094,160.8300018310547,10426000,JPM
2021-05-21,142.7098388671875,162.66000366210938,163.22000122070312,160.94000244140625,161.33999633789062,10249000,JPM
2021-05-24,143.48193359375,163.5399932861328,164.22999572753906,162.1199951171875,163.36000061035156,9440300,JPM
2021-05-25,141.9991912841797,161.85000610351562,165.6999969482422,161.55999755859375,163.85000610351562,12609100,JPM
2021-05-26,141.98165893554688,161.8300018310547,163.74000549316406,161.30999755859375,163.57000732421875,13058300,JPM
2021-05-27,144.19261169433594,164.35000610351562,164.75,162.57000732421875,163.9499969482422,15707500,JPM
2021-05-28,144.0960693359375,164.24000549316406,164.94000244140625,163.25999450683594,164.67999267578125,10291300,JPM
2021-06-01,145.68406677246094,166.0500030517578,166.91000366210938,165.47999572753906,165.8699951171875,9445400,JPM
2021-06-02,145.69284057617188,166.05999755859375,167.44000244140625,165.52999877929688,167.25999450683594,10498600,JPM
2021-06-03,145.7893524169922,166.1699981689453,167.25,164.66000366210938,165.41000366210938,13354400,JPM
2021-06-04,146.0262451171875,166.44000244140625,166.6699981689453,165.02999877929688,166.2100067138672,8510800,JPM
2021-06-07,145.34188842773438,165.66000366210938,167.10000610351562,165.13999938964844,167.0,7267200,JPM
2021-06-08,144.76284790039062,165.0,165.75999450683594,163.16000366210938,164.49000549316406,10370700,JPM
2021-06-09,142.95550537109375,162.94000244140625,164.22000122070312,162.27999877929688,164.13999938964844,12377400,JPM
2021-06-10,140.72703552246094,160.39999389648438,165.24000549316406,160.30999755859375,164.36000061035156,12119400,JPM
2021-06-11,140.6304931640625,160.2899932861328,161.1999969482422,159.05999755859375,160.42999267578125,13683800,JPM
2021-06-14,138.24412536621094,157.57000732421875,160.3300018310547,156.66000366210938,160.14999389648438,19917900,JPM
2021-06-15,136.1472625732422,155.17999267578125,156.9199981689453,154.1300048828125,156.6999969482422,24485500,JPM
2021-06-16,137.10357666015625,156.27000427246094,157.6199951171875,153.11000061035156,154.72999572753906,25321200,JPM
2021-06-17,133.14669799804688,151.75999450683594,157.4600067138672,151.25,157.10000610351562,29722400,JPM
2021-06-18,129.7777099609375,147.9199981689453,149.6999969482422,147.55999755859375,149.3000030517578,43595700,JPM
2021-06-21,131.97982788085938,150.42999267578125,151.1999969482422,149.02000427246094,149.0800018310547,18664800,JPM
2021-06-22,131.78683471679688,150.2100067138672,150.97000122070312,148.66000366210938,150.60000610351562,14251200,JPM
2021-06-23,132.585205078125,151.1199951171875,152.0399932861328,150.08999633789062,150.1999969482422,12733300,JPM
2021-06-24,133.8047332763672,152.50999450683594,153.1199951171875,151.22000122070312,151.9199981689453,13733200,JPM
2021-06-25,135.15582275390625,154.0500030517578,154.5,151.6699981689453,152.58999633789062,15484900,JPM
2021-06-28,135.4014892578125,154.3300018310547,154.47999572753906,152.1199951171875,153.6999969482422,14125800,JPM
2021-06-29,135.23480224609375,154.13999938964844,156.30999755859375,153.61000061035156,155.0,14528700,JPM
2021-06-30,136.46311950683594,155.5399932861328,156.0800018310547,153.7100067138672,153.75,12531000,JPM
2021-07-01,137.8142547607422,157.0800018310547,157.13999938964844,155.4199981689453,156.25999450683594,10479400,JPM
2021-07-02,137.681884765625,156.02999877929688,156.32000732421875,155.1199951171875,155.9499969482422,11424000,JPM
2021-07-06,135.36996459960938,153.41000366210938,155.77999877929688,152.35000610351562,155.77999877929688,15083400,JPM
2021-07-07,135.52880859375,153.58999633789062,154.27999877929688,151.5500030517578,152.00999450683594,12271800,JPM
2021-07-08,133.19041442871094,150.94000244140625,152.52999877929688,150.0399932861328,151.61000061035156,17834600,JPM
2021-07-09,137.4524383544922,155.77000427246094,156.14999389648438,152.5800018310547,153.0500030517578,13694500,JPM
2021-07-12,139.4202117919922,158.0,159.16000366210938,153.94000244140625,154.35000610351562,19940400,JPM
2021-07-13,137.34652709960938,155.64999389648438,157.38999938964844,153.5,156.0500030517578,22671700,JPM
2021-07-14,136.87887573242188,155.1199951171875,157.27999877929688,152.9499969482422,155.9499969482422,14622800,JPM
2021-07-15,137.17889404296875,155.4600067138672,156.52999877929688,153.6999969482422,153.89999389648438,11539300,JPM
2021-07-16,134.04637145996094,151.91000366210938,156.27999877929688,151.02000427246094,155.9600067138672,14002700,JPM
2021-07-19,129.68727111816406,146.97000122070312,149.82000732421875,145.7100067138672,148.5500030517578,22172900,JPM
2021-07-20,132.1050262451172,149.7100067138672,151.1199951171875,146.3300018310547,146.52000427246094,15385200,JPM
2021-07-21,134.88462829589844,152.86000061035156,153.64999389648438,151.36000061035156,152.0500030517578,12356700,JPM
2021-07-22,133.1815948486328,150.92999267578125,153.44000244140625,149.97000122070312,152.8800048828125,9913300,JPM
2021-07-23,132.92568969726562,150.63999938964844,152.83999633789062,150.25,151.47999572753906,9666100,JPM
2021-07-26,133.81689453125,151.64999389648438,151.9600067138672,150.1699981689453,150.19000244140625,8208000,JPM
2021-07-27,133.640380859375,151.4499969482422,152.49000549316406,149.8000030517578,150.39999389648438,11218700,JPM
2021-07-28,133.8610382080078,151.6999969482422,152.77000427246094,150.8800048828125,152.2899932861328,9217300,JPM
2021-07-29,135.00819396972656,153.0,153.8699951171875,151.91000366210938,153.13999938964844,9063500,JPM
2021-07-30,133.93165588378906,151.77999877929688,153.6699981689453,151.1999969482422,152.5800018310547,9805200,JPM
2021-08-02,133.3933868408203,151.1699981689453,154.4499969482422,151.07000732421875,152.02999877929688,10203200,JPM
2021-08-03,134.91114807128906,152.88999938964844,153.32000732421875,149.52000427246094,151.9499969482422,10394800,JPM
2021-08-04,133.45513916015625,151.24000549316406,153.3699951171875,150.91000366210938,151.25,10155000,JPM
2021-08-05,135.14053344726562,153.14999389648438,153.69000244140625,152.00999450683594,152.27999877929688,9151500,JPM
2021-08-06,138.97901916503906,157.5,157.82000732421875,155.11000061035156,155.19000244140625,13328800,JPM
2021-08-09,138.82899475097656,157.3300018310547,158.5500030517578,155.89999389648438,157.52000427246094,9516900,JPM
2021-08-10,140.5320587158203,159.25999450683594,159.97999572753906,156.30999755859375,156.74000549316406,8667000,JPM
2021-08-11,142.2086181640625,161.16000366210938,161.5,159.0800018310547,160.0,9156500,JPM
2021-08-12,142.7645263671875,161.7899932861328,162.3699951171875,160.5500030517578,161.8800048828125,8844200,JPM
2021-08-13,141.16734313964844,159.97999572753906,162.16000366210938,159.57000732421875,161.7899932861328,8980900,JPM
2021-08-16,140.2408447265625,158.92999267578125,159.02999877929688,156.77999877929688,158.94000244140625,8755800,JPM
2021-08-17,138.54661560058594,157.00999450683594,158.86000061035156,155.27000427246094,157.57000732421875,9347200,JPM
2021-08-18,137.2847900390625,155.5800018310547,158.00999450683594,155.33999633789062,156.30999755859375,8065500,JPM
2021-08-19,136.1376495361328,154.27999877929688,155.55999755859375,153.00999450683594,153.16000366210938,9517700,JPM
2021-08-20,136.52593994140625,154.72000122070312,154.89999389648438,153.16000366210938,154.35000610351562,6974100,JPM
2021-08-23,138.27305603027344,156.6999969482422,157.08999633789062,155.24000549316406,155.3300018310547,7934600,JPM
2021-08-24,139.12901306152344,157.6699981689453,158.5500030517578,156.8699951171875,157.0,7670900,JPM
2021-08-25,141.99681091308594,160.9199981689453,161.77999877929688,157.8000030517578,158.50999450683594,11335000,JPM
2021-08-26,142.72926330566406,161.75,163.8300018310547,161.14999389648438,162.25999450683594,11027500,JPM
2021-08-27,143.8763427734375,163.0500030517578,163.16000366210938,161.25999450683594,161.75,8780200,JPM
2021-08-30,141.57327270507812,160.44000244140625,163.49000549316406,159.8800048828125,163.2100067138672,7937600,JPM
2021-08-31,141.1409149169922,159.9499969482422,161.3699951171875,159.35000610351562,160.44000244140625,12340800,JPM
2021-09-01,140.93797302246094,159.72000122070312,160.75999450683594,158.97000122070312,160.22000122070312,8729900,JPM
2021-09-02,141.59097290039062,160.4600067138672,161.61000061035156,159.42999267578125,160.02000427246094,8813300,JPM
2021-09-03,140.73495483398438,159.49000549316406,160.88999938964844,159.14999389648438,160.38999938964844,7959700,JPM
2021-09-07,140.4879150390625,159.2100067138672,161.3800048828125,158.9600067138672,159.99000549316406,9285600,JPM
2021-09-08,139.8614044189453,158.5,159.5800018310547,158.0399932861328,158.88999938964844,7852700,JPM
2021-09-09,140.4702606201172,159.19000244140625,160.8300018310547,158.0800018310547,158.27000427246094,7904300,JPM
2021-09-10,138.85546875,157.36000061035156,160.72000122070312,157.22000122070312,160.55999755859375,8311600,JPM
2021-09-13,141.06149291992188,159.86000061035156,160.0500030517578,158.07000732421875,158.52999877929688,10052800,JPM
2021-09-14,138.5995330810547,157.07000732421875,161.33999633789062,156.25999450683594,160.4499969482422,11685600,JPM
2021-09-15,139.56143188476562,158.16000366210938,158.69000244140625,156.47000122070312,156.72000122070312,11691500,JPM
2021-09-16,139.4996337890625,158.08999633789062,160.85000610351562,157.22000122070312,159.41000366210938,10880900,JPM
2021-09-17,139.1378173828125,157.67999267578125,159.00999450683594,157.0,157.3800048828125,25581600,JPM
2021-09-20,134.9728546142578,152.9600067138672,154.55999755859375,150.49000549316406,153.88999938964844,15819900,JPM
2021-09-21,134.9905548095703,152.97999572753906,154.5500030517578,152.5800018310547,153.52999877929688,8999900,JPM
2021-09-22,137.5759735107422,155.91000366210938,157.25,155.10000610351562,155.1999969482422,11236200,JPM
2021-09-23,142.2262725830078,161.17999267578125,161.7100067138672,157.6699981689453,158.0,12336100,JPM
2021-09-24,143.8675537109375,163.0399932861328,163.58999633789062,160.82000732421875,161.44000244140625,10102400,JPM
2021-09-27,147.34420776367188,166.97999572753906,167.39999389648438,164.61000061035156,165.0,13220900,JPM
2021-09-28,146.5500946044922,166.0800018310547,169.3000030517578,165.66000366210938,167.6999969482422,13387900,JPM
2021-09-29,146.4353485107422,165.9499969482422,166.89999389648438,165.0399932861328,166.2100067138672,7777100,JPM
2021-09-30,144.4410858154297,163.69000244140625,166.99000549316406,162.7899932861328,166.9199981689453,13161200,JPM
2021-10-01,147.47659301757812,167.1300048828125,168.3000030517578,163.60000610351562,164.0,11285000,JPM
2021-10-04,147.31777954101562,166.9499969482422,170.44000244140625,165.72999572753906,166.97000122070312,14120000,JPM
2021-10-05,149.72349548339844,168.66000366210938,170.13999938964844,166.6699981689453,167.2100067138672,12292900,JPM
2021-10-06,150.04306030273438,169.02000427246094,169.10000610351562,166.0,167.99000549316406,8692600,JPM
2021-10-07,150.992919921875,170.08999633789062,171.50999450683594,169.5399932861328,171.1999969482422,10195400,JPM
2021-10-08,151.10833740234375,170.22000122070312,171.33999633789062,169.3000030517578,170.02000427246094,8190100,JPM
2021-10-11,147.9302978515625,166.63999938964844,171.2899932861328,166.4600067138672,170.8000030517578,12154700,JPM
2021-10-12,146.7939910888672,165.36000061035156,166.69000244140625,164.77000427246094,165.75,13032600,JPM
2021-10-13,142.92352294921875,161.0,165.41000366210938,160.60000610351562,164.07000732421875,22753500,JPM
2021-10-14,145.11619567871094,163.47000122070312,164.00999450683594,160.05999755859375,161.75,15176800,JPM
2021-10-15,147.9036407470703,166.61000061035156,167.1699981689453,164.13999938964844,165.35000610351562,14267400,JPM
2021-10-18,147.85040283203125,166.5500030517578,168.61000061035156,165.91000366210938,166.47999572753906,12672900,JPM
2021-10-19,149.64358520507812,168.57000732421875,168.64999389648438,166.5800018310547,167.39999389648438,8053900,JPM
2021-10-20,151.65869140625,170.83999633789062,170.8699951171875,167.4600067138672,168.3000030517578,8185600,JPM
2021-10-21,150.4691925048828,169.5,171.3300018310547,168.67999267578125,170.75999450683594,8415200,JPM
2021-10-22,152.4931640625,171.77999877929688,172.08999633789062,169.6999969482422,170.02999877929688,8817900,JPM
2021-10-25,151.74746704101562,170.94000244140625,172.9600067138672,170.47999572753906,172.7100067138672,10159200,JPM
2021-10-26,152.15585327148438,171.39999389648438,172.49000549316406,170.5399932861328,171.0,8015100,JPM
2021-10-27,148.98666381835938,167.8300018310547,170.6999969482422,167.33999633789062,170.32000732421875,9847000,JPM
2021-10-28,151.2326202392578,170.36000061035156,170.50999450683594,167.9600067138672,168.3000030517578,7212900,JPM
2021-10-29,150.81536865234375,169.88999938964844,172.24000549316406,169.38999938964844,171.17999267578125,8140100,JPM
2021-11-01,150.73548889160156,169.8000030517578,172.3300018310547,169.00999450683594,172.0399932861328,7435500,JPM
2021-11-02,151.33026123046875,170.47000122070312,171.69000244140625,168.9199981689453,169.8000030517578,7173800,JPM
2021-11-03,151.38351440429688,170.52999877929688,171.1300048828125,169.14999389648438,170.1300048828125,8402700,JPM
2021-11-04,149.39501953125,168.2899932861328,170.1999969482422,166.49000549316406,170.0,9574200,JPM
2021-11-05,149.18197631835938,168.0500030517578,170.08999633789062,167.41000366210938,168.89999389648438,7975600,JPM
2021-11-08,150.0785675048828,169.05999755859375,170.9199981689453,168.74000549316406,169.0500030517578,6413700,JPM
2021-11-09,148.94229125976562,167.77999877929688,168.47000122070312,166.60000610351562,167.35000610351562,7990300,JPM
2021-11-10,148.80026245117188,167.6199951171875,168.9499969482422,167.08999633789062,167.4499969482422,6999200,JPM
2021-11-11,148.7913818359375,167.61000061035156,168.67999267578125,166.89999389648438,167.52000427246094,5815300,JPM
2021-11-12,148.12557983398438,166.86000061035156,167.74000549316406,165.72000122070312,167.64999389648438,8113400,JPM
2021-11-15,147.85923767089844,166.55999755859375,167.7899932861328,166.0,167.2100067138672,6492500,JPM
2021-11-16,146.7939910888672,165.36000061035156,167.07000732421875,165.1199951171875,167.05999755859375,9706100,JPM
2021-11-17,146.00390625,164.47000122070312,165.55999755859375,163.38999938964844,165.2100067138672,9909600,JPM
2021-11-18,144.74331665039062,163.0500030517578,164.85000610351562,162.55999755859375,164.38999938964844,8122500,JPM
2021-11-19,142.85247802734375,160.9199981689453,162.11000061035156,159.4499969482422,161.3000030517578,12193600,JPM
2021-11-22,145.89739990234375,164.35000610351562,165.97999572753906,162.99000549316406,164.16000366210938,14549900,JPM
2021-11-23,149.38612365722656,168.27999877929688,168.55999755859375,165.3699951171875,165.5,12354400,JPM
2021-11-24,148.21435546875,166.9600067138672,169.44000244140625,166.44000244140625,168.4600067138672,9629800,JPM
2021-11-26,143.74911499023438,161.92999267578125,162.64999389648438,158.82000732421875,162.13999938964844,13619300,JPM
2021-11-29,143.12765502929688,161.22999572753906,164.77999877929688,159.82000732421875,163.30999755859375,12104400,JPM
2021-11-30,140.9971466064453,158.8300018310547,160.6300048828125,158.2899932861328,159.16000366210938,18922600,JPM
2021-12-01,140.16268920898438,157.88999938964844,163.27000427246094,157.8000030517578,161.0,12253400,JPM
2021-12-02,143.10995483398438,161.2100067138672,163.25,158.8000030517578,159.8300018310547,12969900,JPM
2021-12-03,140.51773071289062,158.2899932861328,161.8300018310547,157.19000244140625,161.5,12681800,JPM
2021-12-06,142.1778564453125,160.16000366210938,162.61000061035156,159.4600067138672,161.00999450683594,11186500,JPM
2021-12-07,144.3172607421875,162.57000732421875,163.38999938964844,161.16000366210938,161.8800048828125,9851600,JPM
2021-12-08,142.6660614013672,160.7100067138672,163.27000427246094,160.1699981689453,162.66000366210938,11705700,JPM
2021-12-09,142.44415283203125,160.4600067138672,160.92999267578125,158.64999389648438,159.64999389648438,11189600,JPM
2021-12-10,141.87600708007812,159.82000732421875,161.6999969482422,159.1300048828125,161.32000732421875,10405400,JPM
2021-12-13,140.18930053710938,157.9199981689453,159.7899932861328,157.27999877929688,159.5,12069000,JPM
2021-12-14,141.26344299316406,159.1300048828125,160.88999938964844,157.3000030517578,157.4499969482422,12563600,JPM
2021-12-15,140.2070770263672,157.94000244140625,159.85000610351562,157.35000610351562,159.85000610351562,14014200,JPM
2021-12-16,142.39976501464844,160.41000366210938,161.82000732421875,158.6999969482422,160.38999938964844,19542800,JPM
2021-12-17,139.1595916748047,156.75999450683594,159.3800048828125,155.17999267578125,159.32000732421875,28082000,JPM
2021-12-20,136.6561737060547,153.94000244140625,154.6999969482422,151.83999633789062,154.50999450683594,15148000,JPM
2021-12-21,138.56480407714844,156.08999633789062,157.17999267578125,155.08999633789062,155.41000366210938,11291300,JPM
2021-12-22,139.1062774658203,156.6999969482422,157.05999755859375,155.24000549316406,155.75,7273000,JPM
2021-12-23,139.60345458984375,157.25999450683594,159.1199951171875,157.2100067138672,157.61000061035156,8055200,JPM
2021-12-27,140.4023895263672,158.16000366210938,158.1999969482422,156.33999633789062,157.60000610351562,6188100,JPM
2021-12-28,140.82843017578125,158.63999938964844,160.14999389648438,158.0800018310547,158.1999969482422,6342300,JPM
2021-12-29,140.75747680664062,158.55999755859375,159.6300048828125,158.14999389648438,158.85000610351562,6398900,JPM
2021-12-30,140.68646240234375,158.47999572753906,160.24000549316406,158.3699951171875,159.11000061035156,6948200,JPM
2021-12-31,140.57101440429688,158.35000610351562,159.2899932861328,157.9600067138672,158.4499969482422,5805900,JPM
2022-01-03,143.54495239257812,161.6999969482422,162.63999938964844,159.50999450683594,159.86000061035156,13120900,JPM
2022-01-04,148.98666381835938,167.8300018310547,168.5800018310547,164.22999572753906,164.30999755859375,20195800,JPM
2022-01-05,146.26287841796875,163.77999877929688,168.36000061035156,163.72999572753906,167.82000732421875,17539400,JPM
2022-01-06,147.8167724609375,165.52000427246094,167.3699951171875,163.8699951171875,166.91000366210938,14047500,JPM
2022-01-07,149.28135681152344,167.16000366210938,167.52999877929688,165.05999755859375,165.6699981689453,13913300,JPM
2022-01-10,149.42425537109375,167.32000732421875,169.30999755859375,165.52999877929688,169.07000732421875,12922500,JPM
2022-01-11,149.5760955810547,167.49000549316406,168.52000427246094,166.30999755859375,168.25999450683594,11854100,JPM
2022-01-12,150.4244384765625,168.44000244140625,169.58999633789062,167.17999267578125,168.4600067138672,12568000,JPM
2022-01-13,150.2369384765625,168.22999572753906,169.80999755859375,167.88999938964844,168.33999633789062,13623400,JPM
2022-01-14,141.00283813476562,157.88999938964844,161.02999877929688,156.89999389648438,160.75999450683594,40158400,JPM
2022-01-18,135.09091186523438,151.27000427246094,155.77999877929688,150.5399932861328,155.77999877929688,32324800,JPM
2022-01-19,133.0011749267578,148.92999267578125,152.22999572753906,148.5500030517578,151.57000732421875,22380000,JPM
2022-01-20,131.86700439453125,147.66000366210938,150.61000061035156,147.36000061035156,148.99000549316406,14860800,JPM
2022-01-21,129.5629119873047,145.0800018310547,147.50999450683594,144.27000427246094,147.5,20705400,JPM
2022-01-24,129.4468536376953,144.9499969482422,145.47999572753906,139.57000732421875,142.27999877929688,28471400,JPM
2022-01-25,130.85784912109375,146.52999877929688,146.85000610351562,140.7899932861328,143.64999389648438,18915900,JPM
2022-01-26,132.09921264648438,147.9199981689453,150.57000732421875,145.9600067138672,148.72000122070312,20709100,JPM
2022-01-27,129.76834106445312,145.30999755859375,150.3800048828125,144.1300048828125,149.4199981689453,17536800,JPM
2022-01-28,130.9293212890625,146.61000061035156,146.75999450683594,142.1699981689453,144.19000244140625,14117000,JPM
2022-01-31,132.70645141601562,148.60000610351562,148.7899932861328,144.6699981689453,145.63999938964844,13985700,JPM
2022-02-01,134.98370361328125,151.14999389648438,151.47000122070312,148.3000030517578,148.69000244140625,14584900,JPM
2022-02-02,133.9031524658203,149.94000244140625,150.94000244140625,148.07000732421875,150.5,12441100,JPM
2022-02-03,132.79576110839844,148.6999969482422,151.64999389648438,148.2899932861328,150.0,12474900,JPM
2022-02-04,136.24290466308594,152.55999755859375,153.5,148.77000427246094,149.10000610351562,16654400,JPM
2022-02-07,136.6983642578125,153.07000732421875,153.6199951171875,150.85000610351562,153.27000427246094,12572300,JPM
2022-02-08,139.27032470703125,155.9499969482422,158.47999572753906,154.8000030517578,155.0,20411400,JPM
2022-02-09,139.85084533691406,156.60000610351562,157.42999267578125,155.82000732421875,156.58999633789062,9131100,JPM
2022-02-10,139.27032470703125,155.9499969482422,159.02999877929688,155.22000122070312,156.66000366210938,16455600,JPM
2022-02-11,137.4574737548828,153.9199981689453,158.19000244140625,152.97000122070312,155.61000061035156,16830000,JPM
2022-02-14,136.18040466308594,152.49000549316406,153.67999267578125,150.32000732421875,152.72999572753906,17026500,JPM
2022-02-15,138.171875,154.72000122070312,155.94000244140625,153.85000610351562,154.50999450683594,9500000,JPM
2022-02-16,138.4219512939453,155.0,156.10000610351562,153.74000549316406,153.74000549316406,9076500,JPM
2022-02-17,135.23374938964844,151.42999267578125,153.72999572753906,150.6699981689453,153.0,11367500,JPM
2022-02-18,135.8678741455078,152.13999938964844,154.13999938964844,151.1300048828125,152.1300048828125,11733300,JPM
2022-02-22,135.626708984375,151.8699951171875,153.24000549316406,150.41000366210938,150.60000610351562,11333500,JPM
2022-02-23,132.78684997558594,148.69000244140625,153.3000030517578,147.97000122070312,153.1199951171875,11799000,JPM
2022-02-24,129.08966064453125,144.5500030517578,144.99000549316406,139.77999877929688,142.94000244140625,25655100,JPM
2022-02-25,132.14385986328125,147.97000122070312,150.1300048828125,144.91000366210938,145.25,18367700,JPM
2022-02-28,126.63377380371094,141.8000030517578,145.05999755859375,140.8800048828125,143.5500030517578,31315300,JPM
2022-03-01,121.85594177246094,136.4499969482422,140.47999572753906,133.5800018310547,140.0399932861328,36840400,JPM
2022-03-02,124.38330078125,139.27999877929688,140.0399932861328,136.61000061035156,137.2899932861328,19405600,JPM
2022-03-03,123.49913787841797,138.2899932861328,140.97999572753906,137.05999755859375,139.83999633789062,16640800,JPM
2022-03-04,120.02523040771484,134.39999389648438,135.4199981689453,132.39999389648438,134.94000244140625,21016000,JPM
2022-03-07,115.39034271240234,129.2100067138672,132.69000244140625,128.9499969482422,132.1699981689453,27560100,JPM
2022-03-08,114.5776596069336,128.3000030517578,131.7899932861328,127.2699966430664,129.63999938964844,19207800,JPM
2022-03-09,119.16791534423828,133.44000244140625,135.24000549316406,132.44000244140625,132.89999389648438,17536200,JPM
2022-03-10,117.75688934326172,131.86000061035156,133.4499969482422,130.32000732421875,131.86000061035156,15604200,JPM
2022-03-11,115.10453796386719,128.88999938964844,134.0800018310547,128.4199981689453,132.49000549316406,20061800,JPM
2022-03-14,116.2476577758789,130.1699981689453,132.9199981689453,129.22999572753906,129.4600067138672,15786900,JPM
2022-03-15,118.31058502197266,132.47999572753906,133.5500030517578,131.1300048828125,131.8000030517578,15096600,JPM
2022-03-16,123.59741973876953,138.39999389648438,138.49000549316406,134.42999267578125,134.8699951171875,20354900,JPM
2022-03-17,125.16024017333984,140.14999389648438,140.19000244140625,135.9199981689453,136.86000061035156,17050500,JPM
2022-03-18,125.11556243896484,140.10000610351562,140.85000610351562,138.4600067138672,140.19000244140625,23656500,JPM
2022-03-21,124.71370697021484,139.64999389648438,140.75999450683594,138.72999572753906,140.35000610351562,12676100,JPM
2022-03-22,127.36603546142578,142.6199951171875,143.92999267578125,141.72000122070312,142.27000427246094,13548600,JPM
2022-03-23,124.8298110961914,139.77999877929688,141.58999633789062,139.1999969482422,140.97999572753906,12093200,JPM
2022-03-24,125.64248657226562,140.69000244140625,140.7100067138672,139.11000061035156,140.3000030517578,10017600,JPM
2022-03-25,126.74092102050781,141.9199981689453,143.17999267578125,140.8000030517578,141.08999633789062,8383500,JPM
2022-03-28,125.80322265625,140.8699951171875,140.97000122070312,137.89999389648438,140.0,10818100,JPM
2022-03-29,126.08001708984375,141.17999267578125,143.60000610351562,140.24000549316406,143.35000610351562,11316500,JPM
2022-03-30,125.50850677490234,140.5399932861328,142.1199951171875,139.91000366210938,141.89999389648438,8771000,JPM
2022-03-31,121.73987579345703,136.32000732421875,140.35000610351562,136.25999450683594,139.8300018310547,17353900,JPM
2022-04-01,120.83786010742188,135.30999755859375,137.41000366210938,133.8000030517578,137.39999389648438,15721300,JPM
2022-04-04,121.37371826171875,135.91000366210938,136.94000244140625,132.88999938964844,134.1199951171875,17416400,JPM
2022-04-05,119.96125793457031,133.33999633789062,135.39999389648438,133.00999450683594,134.07000732421875,12110300,JPM
2022-04-06,118.296875,131.49000549316406,132.55999755859375,130.9600067138672,131.5800018310547,12914700,JPM
2022-04-07,117.93700408935547,131.08999633789062,131.9199981689453,128.72999572753906,130.9499969482422,12994200,JPM
2022-04-08,120.09619903564453,133.49000549316406,133.89999389648438,131.49000549316406,131.6699981689453,13126900,JPM
2022-04-11,119.6553726196289,133.0,134.89999389648438,132.57000732421875,133.0,10466400,JPM
2022-04-12,118.34183502197266,131.5399932861328,134.5800018310547,130.6999969482422,132.13999938964844,12989900,JPM
2022-04-13,114.52729034423828,127.30000305175781,129.25,126.01000213623047,126.94000244140625,30838000,JPM
2022-04-14,113.46568298339844,126.12000274658203,128.3000030517578,125.0199966430664,126.5,18835200,JPM
2022-04-18,115.57087707519531,128.4600067138672,129.24000549316406,125.54000091552734,125.66999816894531,11834400,JPM
2022-04-19,117.9639892578125,131.1199951171875,131.32000732421875,128.22999572753906,128.4499969482422,15015400,JPM
2022-04-20,118.37785339355469,131.5800018310547,133.50999450683594,131.33999633789062,132.52000427246094,13430200,JPM
2022-04-21,117.46019744873047,130.55999755859375,132.80999755859375,129.9600067138672,132.22000122070312,12174200,JPM
2022-04-22,114.08644104003906,126.80999755859375,130.52000427246094,126.69000244140625,130.27999877929688,14318800,JPM
2022-04-25,114.05045318603516,126.7699966430664,127.12000274658203,123.11000061035156,126.01000213623047,17149000,JPM
2022-04-26,110.67670440673828,123.0199966430664,126.41000366210938,122.87000274658203,124.63999938964844,17209500,JPM
2022-04-27,109.23725128173828,121.41999816894531,123.55999755859375,121.22000122070312,122.33000183105469,17215200,JPM
2022-04-28,110.964599609375,123.33999633789062,123.6500015258789,121.13999938964844,122.80999755859375,13015600,JPM
2022-04-29,107.38394927978516,119.36000061035156,123.61000061035156,118.9000015258789,123.05000305175781,14874800,JPM
2022-05-02,108.36456298828125,120.44999694824219,120.70999908447266,118.22000122070312,119.87999725341797,18545000,JPM
2022-05-03,110.68571472167969,123.02999877929688,124.16999816894531,120.77999877929688,121.52999877929688,15720900,JPM
2022-05-04,114.34734344482422,127.0999984741211,127.4000015258789,122.73999786376953,122.80000305175781,17128500,JPM
2022-05-05,111.48641204833984,123.91999816894531,126.0999984741211,122.16000366210938,125.25,15055400,JPM
2022-05-06,111.30648803710938,123.72000122070312,124.29000091552734,121.18000030517578,123.80000305175781,14417900,JPM
2022-05-09,109.63310241699219,121.86000061035156,123.33000183105469,120.5,122.11000061035156,14312300,JPM
2022-05-10,106.96110534667969,118.88999938964844,123.77999877929688,117.55999755859375,123.11000061035156,16382400,JPM
2022-05-11,106.28636169433594,118.13999938964844,122.88999938964844,117.94000244140625,119.30000305175781,14630300,JPM
2022-05-12,106.19637298583984,118.04000091552734,118.31999969482422,115.37000274658203,117.0,16318800,JPM
2022-05-13,107.14102935791016,119.08999633789062,120.25,117.95999908447266,119.41000366210938,10443200,JPM
2022-05-16,106.39430236816406,118.26000213623047,119.45999908447266,117.2300033569336,118.54000091552734,10269000,JPM
2022-05-17,109.9209976196289,122.18000030517578,122.97000122070312,120.80999755859375,121.04000091552734,11160200,JPM
2022-05-18,108.04068756103516,120.08999633789062,121.97000122070312,119.52999877929688,121.30000305175781,12664900,JPM
2022-05-19,106.43928527832031,118.30999755859375,119.6500015258789,117.62999725341797,118.19000244140625,12765800,JPM
2022-05-20,105.56661987304688,117.33999633789062,119.66999816894531,115.0199966430664,119.45999908447266,13150100,JPM
2022-05-23,112.09818267822266,124.5999984741211,126.56999969482422,120.44999694824219,120.45999908447266,24376700,JPM
2022-05-24,113.68159484863281,126.36000061035156,127.48999786376953,123.11000061035156,124.36000061035156,19324900,JPM
2022-05-25,114.47329711914062,127.23999786376953,127.86000061035156,125.16999816894531,126.27999877929688,12780400,JPM
2022-05-26,116.45256042480469,129.44000244140625,130.19000244140625,128.2100067138672,128.3699951171875,15990900,JPM
2022-05-27,118.09896850585938,131.27000427246094,131.27000427246094,129.13999938964844,130.16000366210938,11177800,JPM
2022-05-31,118.96260070800781,132.22999572753906,133.14999389648438,129.7100067138672,130.17999267578125,17015000,JPM
2022-06-01,116.87541961669922,129.91000366210938,132.8699951171875,128.6699981689453,132.8699951171875,10768000,JPM
2022-06-02,118.75569915771484,132.0,132.00999450683594,128.6699981689453,129.89999389648438,8374800,JPM
2022-06-03,117.10033416748047,130.16000366210938,131.77000427246094,129.99000549316406,131.2100067138672,8596000,JPM
2022-06-06,116.71345520019531,129.72999572753906,132.38999938964844,129.4600067138672,131.08999633789062,11323500,JPM
2022-06-07,117.01935577392578,130.07000732421875,130.32000732421875,128.6199951171875,128.8300018310547,6722200,JPM
2022-06-08,115.15704345703125,128.0,129.4499969482422,126.9000015258789,129.0,8422100,JPM
2022-06-09,112.73694610595703,125.30999755859375,128.10000610351562,125.2699966430664,127.37000274658203,13560100,JPM
2022-06-10,107.55487823486328,119.55000305175781,123.4000015258789,119.31999969482422,122.58999633789062,12945200,JPM
2022-06-13,104.35208129882812,115.98999786376953,117.94999694824219,115.05999755859375,116.86000061035156,16805600,JPM
2022-06-14,102.61570739746094,114.05999755859375,117.31999969482422,113.22000122070312,115.55000305175781,13357900,JPM
2022-06-15,103.83026885986328,115.41000366210938,116.94999694824219,113.16999816894531,115.62000274658203,14083500,JPM
2022-06-16,102.04893493652344,113.43000030517578,114.26000213623047,111.87000274658203,113.86000061035156,16724900,JPM
2022-06-17,101.68905639648438,113.02999877929688,114.62999725341797,112.16000366210938,113.54000091552734,30919900,JPM
2022-06-21,104.2081298828125,115.83000183105469,117.02999877929688,115.04000091552734,115.87000274658203,11680500,JPM
2022-06-22,103.62334442138672,115.18000030517578,116.19999694824219,114.38999938964844,114.87999725341797,9842700,JPM
2022-06-23,102.48976135253906,113.91999816894531,115.18000030517578,111.4800033569336,115.01000213623047,11851500,JPM
2022-06-24,105.54862213134766,117.31999969482422,117.81999969482422,112.83000183105469,113.2300033569336,14841100,JPM
2022-06-27,104.70293426513672,116.37999725341797,118.5,115.63999938964844,118.05999755859375,11280500,JPM
2022-06-28,104.19914245605469,115.81999969482422,119.29000091552734,115.5999984741211,117.66999816894531,11590900,JPM
2022-06-29,103.73129272460938,115.30000305175781,116.81999969482422,114.7300033569336,116.0,9338400,JPM
2022-06-30,101.31121063232422,112.61000061035156,114.08000183105469,110.93000030517578,113.16999816894531,15172600,JPM
2022-07-01,102.60672760009766,114.05000305175781,114.41999816894531,111.16000366210938,112.6500015258789,10573600,JPM
2022-07-05,102.21644592285156,112.62000274658203,112.70999908447266,109.30000305175781,110.7699966430664,12514200,JPM
2022-07-06,101.55389404296875,111.88999938964844,112.98999786376953,110.79000091552734,111.7300033569336,10656200,JPM
2022-07-07,104.12245178222656,114.72000122070312,114.9000015258789,113.4000015258789,113.5,10347400,JPM
2022-07-08,103.79571533203125,114.36000061035156,115.6500015258789,113.61000061035156,115.16000366210938,8807800,JPM
2022-07-11,102.43428039550781,112.86000061035156,114.2300033569336,112.22000122070312,113.55000305175781,7939500,JPM
2022-07-12,102.53411102294922,112.97000122070312,115.18000030517578,112.26000213623047,112.58000183105469,11250900,JPM
2022-07-13,101.57205200195312,111.91000366210938,112.4800033569336,110.37999725341797,111.75,12979900,JPM
2022-07-14,98.02323150634766,108.0,108.2300033569336,106.05999755859375,107.98999786376953,26204800,JPM
2022-07-15,102.51596069335938,112.94999694824219,113.87999725341797,107.66999816894531,109.16000366210938,18863900,JPM
2022-07-18,101.46311950683594,111.79000091552734,115.83999633789062,111.29000091552734,114.7699966430664,13977900,JPM
2022-07-19,103.97722625732422,114.55999755859375,114.94000244140625,112.66999816894531,113.12999725341797,11862300,JPM
2022-07-20,103.95909118652344,114.54000091552734,114.73999786376953,113.4800033569336,114.0999984741211,11667500,JPM
2022-07-21,104.6670150756836,115.31999969482422,115.52999877929688,113.37000274658203,114.44000244140625,11595900,JPM
2022-07-22,104.15877532958984,114.76000213623047,116.25,113.66999816894531,115.23999786376953,7645500,JPM
2022-07-25,104.5762710571289,115.22000122070312,116.45999908447266,114.7699966430664,115.83999633789062,9394000,JPM
2022-07-26,102.94255828857422,113.41999816894531,115.58000183105469,113.02999877929688,114.58000183105469,10675100,JPM
2022-07-27,104.59442901611328,115.23999786376953,115.73999786376953,113.30000305175781,114.01000213623047,9337400,JPM
2022-07-28,104.20413970947266,114.80999755859375,115.9800033569336,113.52999877929688,115.25,10384800,JPM
2022-07-29,104.70333099365234,115.36000061035156,116.5,114.79000091552734,115.58999633789062,12944500,JPM
2022-08-01,103.6595687866211,114.20999908447266,115.11000061035156,113.06999969482422,114.5,14740400,JPM
2022-08-02,102.04399871826172,112.43000030517578,114.4000015258789,112.2699966430664,113.91999816894531,14942900,JPM
2022-08-03,103.11498260498047,113.61000061035156,114.0999984741211,111.70999908447266,113.44999694824219,14394500,JPM
2022-08-04,101.98047637939453,112.36000061035156,113.31999969482422,111.0199966430664,112.8499984741211,18033900,JPM
2022-08-05,105.0663833618164,115.76000213623047,116.19000244140625,112.05000305175781,112.52999877929688,14174600,JPM
2022-08-08,103.78663635253906,114.3499984741211,116.69999694824219,114.18000030517578,116.25,10332500,JPM
2022-08-09,104.72147369384766,115.37999725341797,115.98999786376953,114.37000274658203,114.75,10233800,JPM
2022-08-10,107.45342254638672,118.38999938964844,119.37000274658203,117.5,117.95999908447266,12847300,JPM
2022-08-11,109.04176330566406,120.13999938964844,121.19999694824219,119.30999755859375,119.9000015258789,11684900,JPM
2022-08-12,110.84793090820312,122.12999725341797,122.25,119.44000244140625,120.66999816894531,9906700,JPM
2022-08-15,111.1474380493164,122.45999908447266,122.72000122070312,120.5999984741211,121.13999938964844,8456200,JPM
2022-08-16,112.20936584472656,123.62999725341797,124.23999786376953,121.87000274658203,122.29000091552734,9555000,JPM
2022-08-17,111.26544189453125,122.58999633789062,123.16000366210938,121.69000244140625,122.30000305175781,8149300,JPM
2022-08-18,110.4031982421875,121.63999938964844,122.47000122070312,120.55000305175781,122.23999786376953,9531800,JPM
2022-08-19,107.6712646484375,118.62999725341797,120.98999786376953,118.11000061035156,120.62000274658203,13464500,JPM
2022-08-22,105.8923110961914,116.66999816894531,117.16000366210938,115.5,116.75,8967600,JPM
2022-08-23,104.84854125976562,115.5199966430664,117.29000091552734,115.37999725341797,116.69000244140625,7607000,JPM
2022-08-24,105.10269165039062,115.80000305175781,116.41000366210938,114.44999694824219,115.29000091552734,9771300,JPM
2022-08-25,107.5986557006836,118.55000305175781,118.73999786376953,115.68000030517578,116.16000366210938,10758900,JPM
2022-08-26,104.07705688476562,114.66999816894531,119.98999786376953,114.5999984741211,119.45999908447266,11276200,JPM
2022-08-29,103.82294464111328,114.38999938964844,114.86000061035156,113.45999908447266,114.0,8117300,JPM
2022-08-30,103.8410873413086,114.41000366210938,115.58000183105469,113.36000061035156,115.0,10745400,JPM
2022-08-31,103.22389221191406,113.7300033569336,115.02999877929688,113.33999633789062,114.4800033569336,10738300,JPM
2022-09-01,103.93183135986328,114.51000213623047,114.62999725341797,111.91000366210938,113.29000091552734,9979800,JPM
2022-09-02,103.20574951171875,113.70999908447266,117.44999694824219,113.19000244140625,115.87000274658203,10666600,JPM
2022-09-06,103.23298645019531,113.73999786376953,114.75,112.06999969482422,114.33000183105469,9751900,JPM
2022-09-07,105.19345092773438,115.9000015258789,116.11000061035156,112.76000213623047,113.12999725341797,10647900,JPM
2022-09-08,107.64402770996094,118.5999984741211,118.79000091552734,114.62999725341797,115.27999877929688,11435000,JPM
2022-09-09,108.16136932373047,119.16999816894531,120.05000305175781,118.66999816894531,119.13999938964844,9299700,JPM
2022-09-12,109.44111633300781,120.58000183105469,121.55000305175781,119.79000091552734,120.62000274658203,8614600,JPM
2022-09-13,105.63816833496094,116.38999938964844,118.91999816894531,115.77999877929688,118.06999969482422,12904600,JPM
2022-09-14,105.39311981201172,116.12000274658203,117.83999633789062,114.87999725341797,116.69999694824219,9345700,JPM
2022-09-15,106.98147583007812,117.87000274658203,119.37999725341797,115.76000213623047,116.12000274658203,10821400,JPM
2022-09-16,106.26443481445312,117.08000183105469,117.4000015258789,115.37000274658203,117.38999938964844,14844100,JPM
2022-09-19,107.24467468261719,118.16000366210938,118.7300033569336,115.51000213623047,116.0,8201300,JPM
2022-09-20,105.12992858886719,115.83000183105469,117.69000244140625,114.63999938964844,117.41000366210938,9619000,JPM
2022-09-21,102.09845733642578,112.48999786376953,116.5999984741211,112.41999816894531,116.54000091552734,12606300,JPM
2022-09-22,100.93669128417969,111.20999908447266,113.5999984741211,111.06999969482422,113.37999725341797,11684500,JPM
2022-09-23,99.05791473388672,109.13999938964844,110.33999633789062,107.16000366210938,110.05000305175781,18138600,JPM
2022-09-26,96.92500305175781,106.79000091552734,109.61000061035156,106.05999755859375,108.0,15753600,JPM
2022-09-27,96.07183837890625,105.8499984741211,108.16999816894531,104.6500015258789,107.75,12793600,JPM
2022-09-28,98.01415252685547,107.98999786376953,108.7300033569336,105.63999938964844,105.94999694824219,12762600,JPM
2022-09-29,96.35319519042969,106.16000366210938,107.27999877929688,104.4000015258789,106.94999694824219,12713900,JPM
2022-09-30,94.84656524658203,104.5,107.62000274658203,104.4000015258789,106.05999755859375,15973400,JPM
2022-10-03,97.7781753540039,107.7300033569336,108.36000061035156,104.45999908447266,105.62000274658203,12248100,JPM
2022-10-04,102.35259246826172,112.7699966430664,112.98999786376953,109.86000061035156,110.61000061035156,16013600,JPM
2022-10-05,101.08885955810547,110.38999938964844,110.94999694824219,108.83000183105469,109.75,10943500,JPM
2022-10-06,99.0284423828125,108.13999938964844,110.19000244140625,107.94000244140625,109.45999908447266,11521400,JPM
2022-10-07,97.05044555664062,105.9800033569336,107.70999908447266,105.2699966430664,107.5199966430664,11681100,JPM
2022-10-10,96.14385223388672,104.98999786376953,107.30999755859375,104.5199966430664,106.7300033569336,8931700,JPM
2022-10-11,93.36914825439453,101.95999908447266,104.54000091552734,101.8499984741211,104.37000274658203,12739700,JPM
2022-10-12,94.880126953125,103.61000061035156,104.7300033569336,101.27999877929688,101.80000305175781,13181000,JPM
2022-10-13,100.15481567382812,109.37000274658203,109.9000015258789,101.76000213623047,101.9800033569336,22398700,JPM
2022-10-14,101.82145690917969,111.19000244140625,115.23999786376953,110.72000122070312,111.95999908447266,33387100,JPM
2022-10-17,106.09796142578125,115.86000061035156,117.01000213623047,114.31999969482422,115.41000366210938,22276300,JPM
2022-10-18,108.82688903808594,118.83999633789062,120.13999938964844,116.95999908447266,119.66000366210938,21539700,JPM
2022-10-19,106.69322204589844,116.51000213623047,118.83000183105469,115.66999816894531,117.98999786376953,17072000,JPM
2022-10-20,106.34522247314453,116.12999725341797,118.70999908447266,115.6500015258789,117.16000366210938,12207400,JPM
2022-10-21,111.93126678466797,122.2300033569336,122.38999938964844,116.33000183105469,116.45999908447266,20593300,JPM
2022-10-24,112.068603515625,122.37999725341797,123.0999984741211,121.33000183105469,122.06999969482422,12624200,JPM
2022-10-25,112.36165618896484,122.69999694824219,123.2699966430664,120.88999938964844,121.8499984741211,11289100,JPM
2022-10-26,113.65287017822266,124.11000061035156,125.19999694824219,122.87999725341797,123.0,11667000,JPM
2022-10-27,114.10157775878906,124.5999984741211,126.19999694824219,124.20999908447266,125.19999694824219,10727600,JPM
2022-10-28,115.45687103271484,126.08000183105469,126.27999877929688,124.05000305175781,125.29000091552734,11859500,JPM
2022-10-31,115.27372741699219,125.87999725341797,127.43000030517578,125.58999633789062,125.69999694824219,13295200,JPM
2022-11-01,117.35246276855469,128.14999389648438,128.27999877929688,126.33000183105469,126.87000274658203,13386900,JPM
2022-11-02,116.2718734741211,126.97000122070312,130.36000061035156,126.63999938964844,127.6500015258789,16546100,JPM
2022-11-03,116.48249816894531,127.19999694824219,128.17999267578125,125.91000366210938,126.30999755859375,12474400,JPM
2022-11-04,119.66928100585938,130.67999267578125,130.8300018310547,128.4600067138672,129.49000549316406,14953200,JPM
2022-11-07,120.30113983154297,131.3699951171875,132.2899932861328,130.47999572753906,131.0,12011200,JPM
2022-11-08,120.3744125366211,131.4499969482422,132.05999755859375,130.13999938964844,131.24000549316406,9884100,JPM
2022-11-09,118.80850219726562,129.74000549316406,131.42999267578125,129.22000122070312,131.32000732421875,9494000,JPM
2022-11-10,123.69859313964844,135.0800018310547,135.25,132.52999877929688,132.6300048828125,16351600,JPM
2022-11-11,123.9000244140625,135.3000030517578,136.1699981689453,133.77999877929688,135.19000244140625,10704700,JPM
2022-11-14,122.62713623046875,133.91000366210938,135.72999572753906,133.91000366210938,134.8000030517578,11085600,JPM
2022-11-15,121.7388687133789,132.94000244140625,135.7100067138672,131.60000610351562,134.67999267578125,14038300,JPM
2022-11-16,121.9036865234375,133.1199951171875,133.55999755859375,132.02999877929688,133.0,7893400,JPM
2022-11-17,121.37257385253906,132.5399932861328,132.88999938964844,131.27999877929688,132.0,8820200,JPM
2022-11-18,122.56302642822266,133.83999633789062,134.6699981689453,132.27999877929688,134.57000732421875,9468500,JPM
2022-11-21,121.83959197998047,133.0500030517578,134.55999755859375,132.75,133.74000549316406,7800500,JPM
2022-11-22,123.66193389892578,135.0399932861328,135.27000427246094,133.69000244140625,134.0,9185700,JPM
2022-11-23,124.98058319091797,136.47999572753906,136.5,134.86000061035156,134.94000244140625,7316200,JPM
2022-11-25,125.21868133544922,136.74000549316406,137.13999938964844,136.05999755859375,136.47999572753906,3220500,JPM
2022-11-28,123.03008270263672,134.35000610351562,136.7100067138672,134.19000244140625,136.07000732421875,9906900,JPM
2022-11-29,125.05384063720703,136.55999755859375,136.63999938964844,134.41000366210938,134.66000366210938,7925300,JPM
2022-11-30,126.53734588623047,138.17999267578125,138.17999267578125,133.19000244140625,136.08999633789062,14761200,JPM
2022-12-01,124.7608413696289,136.24000549316406,138.66000366210938,135.42999267578125,138.17999267578125,8858500,JPM
2022-12-02,123.77181243896484,135.16000366210938,135.35000610351562,133.33999633789062,134.49000549316406,8931900,JPM
2022-12-05,120.30113983154297,131.3699951171875,134.57000732421875,130.60000610351562,134.24000549316406,10154500,JPM
2022-12-06,120.50260162353516,131.58999633789062,135.11000061035156,129.8699951171875,133.38999938964844,13966700,JPM
2022-12-07,120.42018127441406,131.5,133.0800018310547,130.3300018310547,131.30999755859375,11739400,JPM
2022-12-08,121.68394470214844,132.8800048828125,132.97999572753906,131.42999267578125,132.3300018310547,8907300,JPM
2022-12-09,121.02461242675781,132.16000366210938,133.75999450683594,132.0,132.1999969482422,7957800,JPM
2022-12-12,122.90187072753906,134.2100067138672,134.64999389648438,131.60000610351562,132.39999389648438,8841600,JPM
2022-12-13,122.7828140258789,134.0800018310547,137.08999633789062,133.0800018310547,136.88999938964844,10025400,JPM
2022-12-14,122.16925048828125,133.41000366210938,135.7100067138672,132.75999450683594,133.77999877929688,9966100,JPM
2022-12-15,119.13815307617188,130.10000610351562,132.0800018310547,129.0500030517578,131.14999389648438,12087800,JPM
2022-12-16,118.39640808105469,129.2899932861328,129.89999389648438,128.42999267578125,129.14999389648438,21133700,JPM
2022-12-19,119.10153198242188,130.05999755859375,131.3300018310547,129.08999633789062,129.64999389648438,9017200,JPM
2022-12-20,119.678466796875,130.69000244140625,132.0500030517578,130.1999969482422,130.97000122070312,8549900,JPM
2022-12-21,121.02461242675781,132.16000366210938,132.97999572753906,131.77000427246094,132.17999267578125,8051700,JPM
2022-12-22,119.65098571777344,130.66000366210938,131.3000030517578,128.41000366210938,131.10000610351562,8648200,JPM
2022-12-23,120.21874237060547,131.27999877929688,131.44000244140625,129.63999938964844,130.5800018310547,5091900,JPM
2022-12-27,120.63997650146484,131.74000549316406,132.22000122070312,130.5500030517578,131.57000732421875,5411000,JPM
2022-12-28,121.29932403564453,132.4600067138672,133.41000366210938,131.00999450683594,131.85000610351562,8827700,JPM
2022-12-29,121.99527740478516,133.22000122070312,133.27000427246094,132.30999755859375,132.92999267578125,6585200,JPM
2022-12-30,122.80111694335938,134.10000610351562,134.3300018310547,132.44000244140625,132.80999755859375,9292500,JPM
2023-01-03,123.73519134521484,135.1199951171875,136.74000549316406,133.88999938964844,135.24000549316406,11054800,JPM
2023-01-04,124.8890380859375,136.3800048828125,137.67999267578125,135.57000732421875,135.99000549316406,11687600,JPM
2023-01-05,124.86138153076172,135.35000610351562,135.7100067138672,133.6999969482422,135.66000366210938,8381300,JPM
2023-01-06,127.25064849853516,137.94000244140625,138.3800048828125,134.49000549316406,136.1300048828125,10029100,JPM
2023-01-09,126.72479248046875,137.3699951171875,138.8800048828125,136.8800048828125,138.60000610351562,8482300,JPM
2023-01-10,127.85948944091797,138.60000610351562,138.72000122070312,137.30999755859375,137.7899932861328,9048700,JPM
2023-01-11,128.80970764160156,139.6300048828125,139.75,138.10000610351562,138.89999389648438,8703700,JPM
2023-01-12,128.68052673339844,139.49000549316406,140.86000061035156,139.22000122070312,140.0,11001700,JPM
2023-01-13,131.92774963378906,143.00999450683594,143.49000549316406,134.8000030517578,135.60000610351562,20200000,JPM
2023-01-17,129.88902282714844,140.8000030517578,141.5399932861328,139.22999572753906,141.1699981689453,14292900,JPM
2023-01-18,125.98683166503906,136.57000732421875,140.72999572753906,136.41000366210938,138.9199981689453,13392600,JPM
2023-01-19,124.30783081054688,134.75,135.89999389648438,133.58999633789062,135.32000732421875,13303400,JPM
2023-01-20,124.61231231689453,135.0800018310547,135.49000549316406,133.5500030517578,135.16000366210938,13092500,JPM
2023-01-23,126.63255310058594,137.27000427246094,137.9600067138672,134.82000732421875,135.1199951171875,10487100,JPM
2023-01-24,127.72110748291016,138.4499969482422,140.2899932861328,135.0,136.4199981689453,6945000,JPM
2023-01-25,128.3391876220703,139.1199951171875,139.1199951171875,137.25,138.0500030517578,8967000,JPM
2023-01-26,129.13255310058594,139.97999572753906,140.05999755859375,138.36000061035156,139.4199981689453,7487600,JPM
2023-01-27,129.44622802734375,140.32000732421875,141.25999450683594,139.75,140.61000061035156,7489900,JPM
2023-01-30,128.3484344482422,139.1300048828125,140.08999633789062,138.91000366210938,139.22999572753906,6729300,JPM
2023-01-31,129.1141357421875,139.9600067138672,140.07000732421875,138.25,139.8800048828125,9188700,JPM
2023-02-01,128.77279663085938,139.58999633789062,140.8800048828125,138.1199951171875,138.2100067138672,8841800,JPM
2023-02-02,128.17315673828125,138.94000244140625,140.4600067138672,138.0,140.0,11822100,JPM
2023-02-03,130.15652465820312,141.08999633789062,142.3300018310547,138.1300048828125,138.17999267578125,11501200,JPM
2023-02-06,130.92222595214844,141.9199981689453,142.24000549316406,140.02999877929688,140.22999572753906,8406200,JPM
2023-02-07,132.51815795898438,143.64999389648438,144.33999633789062,141.17999267578125,141.3800048828125,10447900,JPM
2023-02-08,131.58642578125,142.63999938964844,144.0399932861328,142.27999877929688,142.64999389648438,6958000,JPM
2023-02-09,129.5384979248047,140.4199981689453,143.33999633789062,139.8699951171875,143.1199951171875,6443100,JPM
2023-02-10,130.1104278564453,141.0399932861328,141.27999877929688,138.58999633789062,139.77999877929688,6582900,JPM
2023-02-13,131.52183532714844,142.57000732421875,142.72999572753906,140.74000549316406,141.3000030517578,7134600,JPM
2023-02-14,132.10301208496094,143.1999969482422,143.80999755859375,141.60000610351562,142.5,9249400,JPM
2023-02-15,132.65650939941406,143.8000030517578,143.88999938964844,141.3000030517578,141.61000061035156,6728300,JPM
2023-02-16,130.82998657226562,141.82000732421875,143.38999938964844,141.67999267578125,142.91000366210938,8165300,JPM
2023-02-17,131.21743774414062,142.24000549316406,142.8300018310547,140.07000732421875,140.97999572753906,7948800,JPM
2023-02-21,128.80970764160156,139.6300048828125,141.33999633789062,138.75,140.69000244140625,9996300,JPM
2023-02-22,127.82258605957031,138.55999755859375,139.42999267578125,137.44000244140625,138.9199981689453,11107500,JPM
2023-02-23,128.84658813476562,139.6699981689453,140.1699981689453,137.94000244140625,138.72999572753906,8068000,JPM
2023-02-24,130.00894165039062,140.92999267578125,141.36000061035156,138.92999267578125,139.11000061035156,9126900,JPM
2023-02-27,131.14364624023438,142.16000366210938,143.30999755859375,141.72000122070312,142.11000061035156,10014700,JPM
2023-02-28,132.24142456054688,143.35000610351562,143.75999450683594,141.89999389648438,142.94000244140625,11019800,JPM
2023-03-01,131.50340270996094,142.5500030517578,143.4600067138672,141.8000030517578,142.10000610351562,7139200,JPM
2023-03-02,130.1381072998047,141.07000732421875,142.42999267578125,139.5399932861328,142.24000549316406,11106800,JPM
2023-03-03,132.52737426757812,143.66000366210938,143.74000549316406,141.0800018310547,141.50999450683594,9513100,JPM
2023-03-06,131.7525177001953,142.82000732421875,144.0399932861328,142.66000366210938,143.44000244140625,9261300,JPM
2023-03-07,127.87794494628906,138.6199951171875,142.30999755859375,137.80999755859375,142.00999450683594,11747600,JPM
2023-03-08,127.12150573730469,137.8000030517578,138.58999633789062,136.88999938964844,138.0,10002500,JPM
2023-03-09,120.23957824707031,130.33999633789062,137.35000610351562,129.22000122070312,136.75999450683594,25888100,JPM
2023-03-10,123.29308319091797,133.64999389648438,135.25999450683594,127.81999969482422,128.9600067138672,37599700,JPM
2023-03-13,121.07907104492188,131.25,133.8800048828125,129.41000366210938,131.2100067138672,42901100,JPM
2023-03-14,124.18790435791016,134.6199951171875,135.52999877929688,131.2899932861328,135.27999877929688,29648100,JPM
2023-03-15,118.3207778930664,128.25999450683594,130.99000549316406,126.7300033569336,130.97999572753906,34280600,JPM
2023-03-16,120.6178207397461,130.75,131.9499969482422,126.0199966430664,128.00999450683594,24558500,JPM
2023-03-17,116.06061553955078,125.80999755859375,128.47999572753906,125.44999694824219,128.3800048828125,38396000,JPM
2023-03-20,117.28756713867188,127.13999938964844,129.47000122070312,126.01000213623047,126.98999786376953,22875500,JPM
2023-03-21,120.43328857421875,130.5500030517578,131.72999572753906,130.19000244140625,130.58999633789062,17807800,JPM
2023-03-22,117.32447052001953,127.18000030517578,130.66000366210938,127.08000183105469,130.55999755859375,17250200,JPM
2023-03-23,117.01081085205078,126.83999633789062,129.52999877929688,126.0199966430664,127.9000015258789,16677600,JPM
2023-03-24,115.23037719726562,124.91000366210938,125.68000030517578,123.11000061035156,125.62999725341797,22311100,JPM
2023-03-27,118.532958984375,128.49000549316406,129.3800048828125,126.29000091552734,126.79000091552734,18853900,JPM
2023-03-28,118.89271545410156,128.8800048828125,129.33999633789062,127.73999786376953,128.7100067138672,10820500,JPM
2023-03-29,119.13258361816406,129.13999938964844,130.22000122070312,127.7699966430664,130.10000610351562,14595300,JPM
2023-03-30,118.77279663085938,128.75,130.1199951171875,127.6500015258789,129.9499969482422,12134700,JPM
2023-03-31,120.2119140625,130.30999755859375,130.33999633789062,128.85000610351562,129.66000366210938,13105200,JPM
2023-04-03,120.07353973388672,130.16000366210938,131.44000244140625,129.41000366210938,129.91000366210938,11775400,JPM
2023-04-04,118.46836853027344,128.4199981689453,130.58999633789062,127.41000366210938,130.5,11579900,JPM
2023-04-05,118.64501953125,127.61000061035156,128.14999389648438,126.45999908447266,126.80000305175781,9614700,JPM
2023-04-06,118.51486206054688,127.47000122070312,128.0800018310547,126.86000061035156,127.0,8760200,JPM
2023-04-10,118.90535736083984,127.88999938964844,128.22999572753906,126.22000122070312,126.54000091552734,9477300,JPM
2023-04-11,119.49109649658203,128.52000427246094,128.94000244140625,127.54000091552734,128.3000030517578,10516300,JPM
2023-04-12,119.47250366210938,128.5,130.42999267578125,128.05999755859375,129.17999267578125,11821000,JPM
2023-04-13,119.9280776977539,128.99000549316406,129.0399932861328,126.83000183105469,128.4600067138672,12450200,JPM
2023-04-14,128.98379516601562,138.72999572753906,139.1199951171875,134.89999389648438,135.14999389648438,43931300,JPM
2023-04-17,130.0065155029297,139.8300018310547,140.05999755859375,137.66000366210938,139.9499969482422,16050500,JPM
2023-04-18,131.4662322998047,141.39999389648438,141.77999877929688,139.02999877929688,140.27000427246094,13760100,JPM
2023-04-19,131.29888916015625,141.22000122070312,141.5,140.39999389648438,141.22999572753906,9158100,JPM
2023-04-20,130.91769409179688,140.80999755859375,141.42999267578125,139.83999633789062,139.91000366210938,10586200,JPM
2023-04-21,130.66665649414062,140.5399932861328,141.11000061035156,138.77999877929688,139.74000549316406,11842500,JPM
2023-04-24,130.84327697753906,140.72999572753906,141.10000610351562,140.0399932861328,140.4600067138672,7567500,JPM
2023-04-25,127.99830627441406,137.6699981689453,139.9600067138672,137.6300048828125,139.60000610351562,10629300,JPM
2023-04-26,125.72969055175781,135.22999572753906,137.80999755859375,134.0,137.6199951171875,14416100,JPM
2023-04-27,127.4218521118164,137.0500030517578,137.91000366210938,135.66000366210938,136.0,9041100,JPM
2023-04-28,128.52822875976562,138.24000549316406,138.32000732421875,135.6699981689453,136.55999755859375,9887300,JPM
2023-05-01,131.28028869628906,141.1999969482422,143.3699951171875,140.8300018310547,142.25999450683594,20415800,JPM
2023-05-02,129.16046142578125,138.9199981689453,142.41000366210938,138.42999267578125,141.39999389648438,14113400,JPM
2023-05-03,126.42700958251953,135.97999572753906,138.6699981689453,135.75999450683594,138.44000244140625,12930900,JPM
2023-05-04,124.69770050048828,134.1199951171875,135.72000122070312,131.80999755859375,134.9600067138672,17089200,JPM
2023-05-05,127.13362121582031,136.74000549316406,137.8800048828125,135.91000366210938,136.44000244140625,11261400,JPM
2023-05-08,127.44046020507812,137.07000732421875,137.97000122070312,136.47999572753906,137.49000549316406,7484900,JPM
2023-05-09,126.82679748535156,136.41000366210938,136.9499969482422,135.2100067138672,135.92999267578125,7343600,JPM
2023-05-10,126.89186096191406,136.47999572753906,138.05999755859375,134.8699951171875,137.9499969482422,8133400,JPM
2023-05-11,126.49208068847656,136.0500030517578,136.80999755859375,134.89999389648438,135.0,7057300,JPM
2023-05-12,124.67906951904297,134.10000610351562,136.99000549316406,133.1300048828125,136.82000732421875,9988600,JPM
2023-05-15,125.72969055175781,135.22999572753906,135.6699981689453,133.9600067138672,134.27000427246094,7639500,JPM
2023-05-16,124.8836441040039,134.32000732421875,135.94000244140625,133.9600067138672,135.4600067138672,6477200,JPM
2023-05-17,128.7234649658203,138.4499969482422,138.58999633789062,135.4600067138672,135.89999389648438,12711500,JPM
2023-05-18,129.69970703125,139.5,139.72999572753906,137.75999450683594,138.27000427246094,10999600,JPM
2023-05-19,129.40219116210938,139.17999267578125,140.49000549316406,138.1300048828125,139.7899932861328,13492200,JPM
2023-05-22,128.33297729492188,138.02999877929688,141.63999938964844,137.66000366210938,141.0,11402500,JPM
2023-05-23,126.99415588378906,136.58999633789062,139.02999877929688,136.4600067138672,137.5399932861328,9514900,JPM
2023-05-24,125.83197784423828,135.33999633789062,136.35000610351562,135.0800018310547,135.39999389648438,8578000,JPM
2023-05-25,126.13878631591797,135.6699981689453,136.27000427246094,134.5800018310547,134.82000732421875,8472500,JPM
2023-05-26,127.31957244873047,136.94000244140625,137.60000610351562,135.6300048828125,136.11000061035156,8579900,JPM
2023-05-30,127.80303192138672,137.4600067138672,137.72000122070312,136.02000427246094,136.8000030517578,7399900,JPM
2023-05-31,126.1760025024414,135.7100067138672,136.83999633789062,134.39999389648438,136.72999572753906,14219900,JPM
2023-06-01,127.91460418701172,137.5800018310547,138.22999572753906,135.4499969482422,136.52000427246094,12248100,JPM
2023-06-02,130.6015625,140.47000122070312,141.47999572753906,139.33999633789062,139.55999755859375,12922500,JPM
2023-06-05,129.3184814453125,139.08999633789062,140.11000061035156,138.1300048828125,140.11000061035156,8511900,JPM
2023-06-06,129.5509490966797,139.33999633789062,140.10000610351562,138.2100067138672,138.67999267578125,9329500,JPM
2023-06-07,130.80612182617188,140.69000244140625,141.27000427246094,138.8300018310547,139.5500030517578,9281400,JPM
2023-06-08,130.84327697753906,140.72999572753906,140.88999938964844,139.47999572753906,140.6699981689453,7368100,JPM
2023-06-09,131.10362243652344,141.00999450683594,141.8000030517578,140.2100067138672,140.35000610351562,7249100,JPM
2023-06-12,131.0943145751953,141.0,141.32000732421875,139.75999450683594,141.07000732421875,7596600,JPM
2023-06-13,132.04269409179688,142.02000427246094,142.8699951171875,140.13999938964844,140.47999572753906,7701600,JPM
2023-06-14,131.54991149902344,141.49000549316406,143.61000061035156,140.6999969482422,143.0,9068700,JPM
2023-06-15,133.03750610351562,143.08999633789062,143.39999389648438,140.02999877929688,140.58999633789062,9343100,JPM
2023-06-16,133.19554138183594,143.25999450683594,143.97000122070312,142.5,143.0500030517578,13813500,JPM
2023-06-20,132.516845703125,142.52999877929688,143.0,141.0399932861328,142.61000061035156,8428600,JPM
2023-06-21,132.32159423828125,142.32000732421875,144.02000427246094,141.69000244140625,142.89999389648438,9926500,JPM
2023-06-22,129.7741241455078,139.5800018310547,142.60000610351562,138.9499969482422,142.30999755859375,10075200,JPM
2023-06-23,129.09536743164062,138.85000610351562,139.17999267578125,137.6199951171875,138.5399932861328,9919500,JPM
2023-06-26,129.41148376464844,139.19000244140625,140.00999450683594,137.69000244140625,138.8699951171875,8429700,JPM
2023-06-27,129.42079162597656,139.1999969482422,139.83999633789062,138.5399932861328,139.0,8154000,JPM
2023-06-28,128.8536376953125,138.58999633789062,139.2100067138672,137.9600067138672,139.16000366210938,7558600,JPM
2023-06-29,133.3536376953125,143.42999267578125,143.55999755859375,139.85000610351562,140.07000732421875,15423200,JPM
2023-06-30,135.22244262695312,145.44000244140625,146.0,143.66000366210938,144.60000610351562,14212800,JPM
2023-07-03,136.31024169921875,146.61000061035156,147.47999572753906,146.0,146.19000244140625,8021600,JPM
2023-07-05,135.4021759033203,144.63999938964844,145.42999267578125,144.36000061035156,144.94000244140625,8934900,JPM
2023-07-06,134.06349182128906,143.2100067138672,143.38999938964844,141.44000244140625,143.02000427246094,9709500,JPM
2023-07-07,135.12135314941406,144.33999633789062,145.83999633789062,143.0,143.91000366210938,8981500,JPM
2023-07-10,135.8795928955078,145.14999389648438,145.99000549316406,144.5,144.5,9100100,JPM
2023-07-11,138.004638671875,147.4199981689453,147.82000732421875,145.7100067138672,146.33999633789062,11260900,JPM
2023-07-12,138.68795776367188,148.14999389648438,149.8699951171875,147.0,147.4499969482422,11323200,JPM
2023-07-13,139.3619842529297,148.8699951171875,149.3699951171875,147.75,148.6999969482422,11234900,JPM
2023-07-14,140.20452880859375,149.77000427246094,152.88999938964844,148.41000366210938,151.5500030517578,27028400,JPM
2023-07-17,143.58396911621094,153.3800048828125,153.75,150.35000610351562,150.35000610351562,17262400,JPM
2023-07-18,143.8460693359375,153.66000366210938,154.39999389648438,152.82000732421875,153.3800048828125,13491700,JPM
2023-07-19,144.39840698242188,154.25,155.2100067138672,152.22000122070312,152.75,12510000,JPM
2023-07-20,146.17703247070312,156.14999389648438,156.58999633789062,154.41000366210938,154.52999877929688,9935900,JPM
2023-07-21,145.0536651611328,154.9499969482422,156.13999938964844,154.69000244140625,155.8000030517578,10636400,JPM
2023-07-24,147.90887451171875,158.0,158.7899932861328,154.72999572753906,154.97000122070312,14381400,JPM
2023-07-25,146.8042449951172,156.82000732421875,157.72000122070312,155.9600067138672,157.3000030517578,9944700,JPM
2023-07-26,147.6842498779297,157.75999450683594,158.25,156.27999877929688,156.7100067138672,8728600,JPM
2023-07-27,146.0553436279297,156.02000427246094,158.77999877929688,155.5500030517578,157.77000427246094,10778400,JPM
2023-07-28,146.88851928710938,156.91000366210938,157.60000610351562,156.44000244140625,157.27999877929688,9103800,JPM
2023-07-31,147.8714599609375,157.9600067138672,159.3800048828125,157.14999389648438,157.17999267578125,8892700,JPM
2023-08-01,147.14125061035156,157.17999267578125,158.0,156.14999389648438,157.42999267578125,6853900,JPM
2023-08-02,145.4749298095703,155.39999389648438,155.69000244140625,153.94000244140625,155.55999755859375,8299400,JPM
2023-08-03,146.36428833007812,156.35000610351562,156.9199981689453,154.35000610351562,155.0,6084000,JPM
2023-08-04,146.0553436279297,156.02000427246094,157.8000030517578,155.6999969482422,156.39999389648438,6209400,JPM
2023-08-07,146.7480926513672,156.75999450683594,157.6999969482422,156.60000610351562,156.60000610351562,7251800,JPM
2023-08-08,145.92428588867188,155.8800048828125,155.97999572753906,152.58999633789062,154.32000732421875,8623400,JPM
2023-08-09,143.9677734375,153.7899932861328,155.52000427246094,153.47000122070312,155.32000732421875,6277800,JPM
2023-08-10,143.75244140625,153.55999755859375,155.44000244140625,153.08999633789062,154.3800048828125,5995100,JPM
2023-08-11,144.5856170654297,154.4499969482422,154.52000427246094,152.6300048828125,153.02999877929688,5180700,JPM
2023-08-14,144.8851776123047,154.77000427246094,154.9199981689453,152.9199981689453,153.61000061035156,5044300,JPM
2023-08-15,141.1968231201172,150.8300018310547,153.27000427246094,150.22999572753906,152.85000610351562,10300300,JPM
2023-08-16,140.5977020263672,150.19000244140625,150.9600067138672,149.67999267578125,150.60000610351562,6978200,JPM
2023-08-17,139.13735961914062,148.6300048828125,151.25999450683594,148.39999389648438,150.8800048828125,9953900,JPM
2023-08-18,139.45562744140625,148.97000122070312,149.5,147.44000244140625,147.64999389648438,8517500,JPM
2023-08-21,139.9330291748047,149.47999572753906,150.10000610351562,148.02000427246094,149.64999389648438,8327000,JPM
2023-08-22,137.0310516357422,146.3800048828125,149.63999938964844,145.85000610351562,149.25999450683594,9673300,JPM
2023-08-23,137.95779418945312,147.3699951171875,147.58999633789062,145.4600067138672,146.35000610351562,7858000,JPM
2023-08-24,137.82675170898438,147.22999572753906,149.41000366210938,146.99000549316406,147.5,6534000,JPM
2023-08-25,137.6582489013672,147.0500030517578,148.6199951171875,145.85000610351562,147.27999877929688,6695500,JPM
2023-08-28,138.1356658935547,147.55999755859375,148.61000061035156,147.1300048828125,147.57000732421875,5094100,JPM
2023-08-29,139.259033203125,148.75999450683594,148.85000610351562,147.17999267578125,147.7100067138672,6337000,JPM
2023-08-30,138.6973419189453,148.16000366210938,149.14999389648438,147.19000244140625,148.6199951171875,6277300,JPM
2023-08-31,136.9842529296875,146.3300018310547,148.35000610351562,145.9600067138672,148.25999450683594,10933900,JPM
2023-09-01,137.44293212890625,146.82000732421875,148.0800018310547,145.6999969482422,146.08999633789062,7903500,JPM
2023-09-05,135.92637634277344,145.1999969482422,148.2100067138672,145.00999450683594,147.16000366210938,7854700,JPM
2023-09-06,135.7017364501953,144.9600067138672,145.5399932861328,144.11000061035156,144.6999969482422,8629200,JPM
2023-09-07,134.54090881347656,143.72000122070312,145.27000427246094,143.38999938964844,144.1300048828125,8373700,JPM
2023-09-08,134.64390563964844,143.8300018310547,144.1199951171875,142.64999389648438,143.3699951171875,7107900,JPM
2023-09-11,135.23367309570312,144.4600067138672,145.0500030517578,143.69000244140625,144.75,6854200,JPM
2023-09-12,136.9936065673828,146.33999633789062,147.32000732421875,144.0500030517578,144.5,8363200,JPM
2023-09-13,137.05914306640625,146.41000366210938,147.6999969482422,145.82000732421875,147.33999633789062,8325900,JPM
2023-09-14,139.71775817871094,149.25,149.89999389648438,147.52000427246094,147.83999633789062,10034900,JPM
2023-09-15,139.3058319091797,148.80999755859375,149.72999572753906,148.30999755859375,148.9199981689453,19863400,JPM
2023-09-18,139.5960235595703,149.1199951171875,149.13999938964844,147.75,148.16000366210938,6512400,JPM
2023-09-19,139.4181671142578,148.92999267578125,149.72000122070312,147.2100067138672,149.5,7943400,JPM
2023-09-20,138.8284149169922,148.3000030517578,150.25,148.13999938964844,149.64999389648438,7332000,JPM
2023-09-21,137.7425079345703,147.13999938964844,148.85000610351562,146.6300048828125,147.5800018310547,8052400,JPM
2023-09-22,136.42254638671875,145.72999572753906,147.50999450683594,145.19000244140625,147.2899932861328,7071700,JPM
2023-09-25,137.09657287597656,146.4499969482422,146.52000427246094,143.6999969482422,145.35000610351562,7044700,JPM
2023-09-26,135.67364501953125,144.92999267578125,145.83999633789062,144.22999572753906,144.60000610351562,7468400,JPM
2023-09-27,136.46934509277344,145.77999877929688,146.08999633789062,144.50999450683594,145.19000244140625,6717800,JPM
2023-09-28,138.1637420654297,147.58999633789062,148.8699951171875,146.00999450683594,146.27999877929688,8868100,JPM
2023-09-29,135.75790405273438,145.02000427246094,148.75999450683594,144.86000061035156,148.60000610351562,11917800,JPM
2023-10-02,134.5877227783203,143.77000427246094,145.6199951171875,142.6300048828125,144.8300018310547,9170600,JPM
2023-10-03,133.59542846679688,142.7100067138672,143.58999633789062,142.35000610351562,143.1999969482422,9431100,JPM
2023-10-04,134.19456481933594,143.35000610351562,143.47000122070312,141.92999267578125,143.19000244140625,8128700,JPM
2023-10-05,134.76040649414062,142.89999389648438,143.10000610351562,140.8300018310547,142.0399932861328,8576200,JPM
2023-10-06,136.83505249023438,145.10000610351562,145.8800048828125,142.13999938964844,142.91000366210938,10270600,JPM
2023-10-09,136.52389526367188,144.77000427246094,145.39999389648438,143.5,143.66000366210938,6964900,JPM
2023-10-10,137.35374450683594,145.64999389648438,146.77000427246094,145.27999877929688,145.4199981689453,11288800,JPM
2023-10-11,137.8252410888672,146.14999389648438,147.22999572753906,145.02000427246094,146.50999450683594,8698200,JPM
2023-10-12,137.50462341308594,145.80999755859375,146.9600067138672,145.1300048828125,146.3000030517578,10484400,JPM
2023-10-13,139.5699005126953,148.0,153.11000061035156,147.83999633789062,148.5,29427000,JPM
2023-10-16,139.42845153808594,147.85000610351562,149.52000427246094,146.72000122070312,149.4499969482422,12663500,JPM
2023-10-17,139.12664794921875,147.52999877929688,149.30999755859375,146.7899932861328,147.57000732421875,11482700,JPM
2023-10-18,137.5989532470703,145.91000366210938,147.47999572753906,145.3699951171875,146.58999633789062,9620300,JPM
2023-10-19,137.01425170898438,145.2899932861328,147.02000427246094,144.8800048828125,145.47999572753906,11143600,JPM
2023-10-20,134.8075408935547,142.9499969482422,145.13999938964844,142.1199951171875,144.57000732421875,13332900,JPM
2023-10-23,132.96859741210938,141.0,143.67999267578125,140.72999572753906,142.94000244140625,10133400,JPM
2023-10-24,133.12892150878906,141.1699981689453,141.72999572753906,140.36000061035156,141.19000244140625,8881400,JPM
2023-10-25,132.4027862548828,140.39999389648438,141.17999267578125,139.50999450683594,140.57000732421875,8242600,JPM
2023-10-26,132.7422637939453,140.75999450683594,141.6699981689453,139.42999267578125,139.75999450683594,9109400,JPM
2023-10-27,127.96107482910156,135.69000244140625,139.10000610351562,135.19000244140625,138.9499969482422,17434700,JPM
2023-10-30,129.592529296875,137.4199981689453,138.0399932861328,136.0399932861328,136.44000244140625,9855500,JPM
2023-10-31,131.1390838623047,139.05999755859375,139.24000549316406,137.47000122070312,137.7100067138672,9672500,JPM
2023-11-01,131.02593994140625,138.94000244140625,140.52999877929688,138.47000122070312,139.25,9432000,JPM
2023-11-02,133.3646697998047,141.4199981689453,141.47999572753906,139.22999572753906,140.08999633789062,10186200,JPM
2023-11-03,134.8546905517578,143.0,143.77000427246094,141.85000610351562,142.19000244140625,9538700,JPM
2023-11-06,135.8731689453125,144.0800018310547,144.19000244140625,142.7899932861328,143.1699981689453,7625100,JPM
2023-11-07,135.80714416503906,144.00999450683594,144.25999450683594,142.82000732421875,143.50999450683594,6297900,JPM
2023-11-08,136.47671508789062,144.72000122070312,144.83999633789062,143.6199951171875,144.11000061035156,7618200,JPM
2023-11-09,136.07119750976562,144.2899932861328,145.64999389648438,143.6999969482422,145.44000244140625,7992500,JPM
2023-11-10,138.08929443359375,146.42999267578125,146.47999572753906,144.0800018310547,144.94000244140625,7983300,JPM
2023-11-13,137.47633361816406,145.77999877929688,146.25,145.16000366210938,145.6999969482422,6676300,JPM
2023-11-14,139.98484802246094,148.44000244140625,149.25,146.52000427246094,146.67999267578125,9927700,JPM
2023-11-15,141.21078491210938,149.74000549316406,150.16000366210938,148.4600067138672,148.4600067138672,8365300,JPM
2023-11-16,142.82337951660156,151.4499969482422,151.52999877929688,150.08999633789062,150.08999633789062,8126200,JPM
2023-11-17,144.11534118652344,152.82000732421875,152.86000061035156,151.5399932861328,152.1999969482422,7812400,JPM
2023-11-20,144.5585479736328,153.2899932861328,153.75,151.9199981689453,152.0800018310547,7019000,JPM
2023-11-21,144.2568359375,152.97000122070312,153.6300048828125,152.57000732421875,153.1999969482422,7083500,JPM
2023-11-22,144.59629821777344,153.3300018310547,153.8800048828125,152.89999389648438,153.41000366210938,5174500,JPM
2023-11-24,144.79434204101562,153.5399932861328,154.44000244140625,153.27999877929688,153.58999633789062,3496900,JPM
2023-11-27,144.4642791748047,153.19000244140625,153.52999877929688,152.7100067138672,153.42999267578125,6259100,JPM
2023-11-28,144.79434204101562,153.5399932861328,153.8699951171875,152.72000122070312,153.22000122070312,6582700,JPM
2023-11-29,145.52993774414062,154.32000732421875,155.6300048828125,154.0,154.1699981689453,9126100,JPM
2023-11-30,147.18963623046875,156.0800018310547,156.1300048828125,154.3800048828125,154.91000366210938,9869800,JPM
2023-12-01,147.90634155273438,156.83999633789062,157.86000061035156,155.82000732421875,155.82000732421875,8916000,JPM
2023-12-04,148.99085998535156,157.99000549316406,158.0500030517578,155.8800048828125,156.02000427246094,9607500,JPM
2023-12-05,148.9720001220703,157.97000122070312,158.5,156.97000122070312,157.25999450683594,9135600,JPM
2023-12-06,147.4065399169922,156.30999755859375,159.22000122070312,156.0,158.83999633789062,9366000,JPM
2023-12-07,147.85919189453125,156.7899932861328,157.30999755859375,156.14999389648438,156.69000244140625,8130900,JPM
2023-12-08,149.4906768798828,158.52000427246094,158.77999877929688,156.97999572753906,157.25999450683594,7369400,JPM
2023-12-11,150.03762817382812,159.10000610351562,159.3000030517578,158.14999389648438,158.52000427246094,8093900,JPM
2023-12-12,151.37672424316406,160.52000427246094,160.64999389648438,158.8800048828125,159.22999572753906,10223000,JPM
2023-12-13,151.88597106933594,161.05999755859375,162.02999877929688,159.77000427246094,160.52000427246094,12379100,JPM
2023-12-14,154.6490936279297,163.99000549316406,164.83999633789062,161.7100067138672,161.8300018310547,13643000,JPM
2023-12-15,155.81846618652344,165.22999572753906,165.27999877929688,162.38999938964844,163.0800018310547,20309300,JPM
2023-12-18,156.7615203857422,166.22999572753906,167.1300048828125,165.6300048828125,165.9199981689453,8469600,JPM
2023-12-19,158.85504150390625,168.4499969482422,168.47000122070312,165.5500030517578,166.0,10345700,JPM
2023-12-20,157.06324768066406,166.5500030517578,169.41000366210938,166.4499969482422,167.99000549316406,10734700,JPM
2023-12-21,157.9591827392578,167.5,168.08999633789062,165.67999267578125,166.83999633789062,7601700,JPM
2023-12-22,157.86483764648438,167.39999389648438,168.22999572753906,167.22999572753906,167.5,6576300,JPM
2023-12-26,158.79847717285156,168.38999938964844,168.77000427246094,167.17999267578125,167.4600067138672,4683600,JPM
2023-12-27,159.7509307861328,169.39999389648438,169.47000122070312,167.5800018310547,167.83999633789062,6428600,JPM
2023-12-28,160.5996856689453,170.3000030517578,170.66000366210938,169.0,169.35000610351562,6320100,JPM
2023-12-29,160.4110870361328,170.10000610351562,170.69000244140625,169.6300048828125,170.0,6435100,JPM
2024-01-02,162.2783203125,172.0800018310547,172.1699981689453,168.91000366210938,169.08999633789062,9977400,JPM
2024-01-03,161.57101440429688,171.3300018310547,172.0399932861328,170.3699951171875,171.86000061035156,9852300,JPM
2024-01-04,162.64321899414062,171.41000366210938,173.35000610351562,170.5399932861328,170.63999938964844,11972500,JPM
2024-01-05,163.459228515625,172.27000427246094,173.3800048828125,171.47000122070312,171.47000122070312,10066000,JPM
2024-01-08,163.22203063964844,172.02000427246094,172.36000061035156,169.49000549316406,172.02000427246094,11229900,JPM
2024-01-09,161.93154907226562,170.66000366210938,171.7899932861328,170.10000610351562,171.6199951171875,9923600,JPM
2024-01-10,162.27316284179688,171.02000427246094,171.0800018310547,168.9499969482422,170.0,9670200,JPM
2024-01-11,161.58999633789062,170.3000030517578,170.36000061035156,168.63999938964844,170.3300018310547,11919500,JPM
2024-01-12,160.40391540527344,169.0500030517578,176.30999755859375,168.89999389648438,173.8000030517578,19436500,JPM
2024-01-16,159.39813232421875,167.99000549316406,168.08999633789062,164.3000030517578,164.8699951171875,17206400,JPM
2024-01-17,158.54415893554688,167.08999633789062,169.07000732421875,166.49000549316406,167.33999633789062,11107500,JPM
2024-01-18,158.8572998046875,167.4199981689453,167.52999877929688,165.24000549316406,167.1199951171875,9382300,JPM
2024-01-19,161.59947204589844,170.30999755859375,170.57000732421875,167.0800018310547,167.5500030517578,13115700,JPM
2024-01-22,161.40969848632812,170.11000061035156,171.97999572753906,169.7100067138672,170.4600067138672,12837500,JPM
2024-01-23,160.3469696044922,168.99000549316406,169.75,168.44000244140625,169.6699981689453,8360800,JPM
2024-01-24,161.77975463867188,170.5,171.00999450683594,168.86000061035156,169.36000061035156,9967100,JPM
2024-01-25,164.09495544433594,172.94000244140625,172.99000549316406,170.91000366210938,172.30999755859375,8873500,JPM
2024-01-26,163.4687042236328,172.27999877929688,173.05999755859375,171.77999877929688,172.61000061035156,7443000,JPM
2024-01-29,163.8957061767578,172.72999572753906,172.83999633789062,171.3000030517578,172.24000549316406,6971200,JPM
2024-01-30,167.25465393066406,176.27000427246094,176.75999450683594,172.8300018310547,172.8300018310547,10822100,JPM
2024-01-31,165.44235229492188,174.36000061035156,178.3000030517578,174.33999633789062,176.1999969482422,11521800,JPM
2024-02-01,164.84457397460938,173.72999572753906,174.83999633789062,171.42999267578125,173.63999938964844,9354800,JPM
2024-02-02,165.79339599609375,174.72999572753906,175.82000732421875,173.25999450683594,173.3000030517578,8607600,JPM
2024-02-05,165.5751953125,174.5,175.08999633789062,172.9199981689453,173.86000061035156,7820200,JPM
2024-02-06,166.1444854736328,175.10000610351562,175.8699951171875,173.75999450683594,174.61000061035156,6764800,JPM
2024-02-07,166.4575958251953,175.42999267578125,175.8699951171875,173.9600067138672,175.69000244140625,7225500,JPM
2024-02-08,165.85983276367188,174.8000030517578,175.30999755859375,173.57000732421875,175.0,6060300,JPM
2024-02-09,166.05909729003906,175.00999450683594,175.10000610351562,173.6699981689453,175.0,6296700,JPM
2024-02-12,166.7991943359375,175.7899932861328,176.80999755859375,173.6999969482422,174.77999877929688,8539300,JPM
2024-02-13,165.34747314453125,174.25999450683594,176.22999572753906,172.6199951171875,175.32000732421875,8397600,JPM
2024-02-14,167.0269012451172,176.02999877929688,176.10000610351562,174.4199981689453,175.07000732421875,7056700,JPM
2024-02-15,170.67050170898438,179.8699951171875,180.2100067138672,176.14999389648438,176.14999389648438,8723400,JPM
2024-02-16,169.87347412109375,179.02999877929688,179.97999572753906,178.16000366210938,179.61000061035156,8152600,JPM
2024-02-20,170.5376739501953,179.72999572753906,180.4600067138672,178.41000366210938,179.19000244140625,9668000,JPM
2024-02-21,171.64784240722656,180.89999389648438,180.99000549316406,178.52000427246094,179.9499969482422,7024000,JPM
2024-02-22,173.70687866210938,183.07000732421875,183.4199981689453,181.24000549316406,181.82000732421875,9296500,JPM
2024-02-23,174.57981872558594,183.99000549316406,185.1999969482422,183.19000244140625,183.80999755859375,7105800,JPM
2024-02-26,173.98204040527344,183.36000061035156,184.4600067138672,182.47999572753906,183.75,7145400,JPM
2024-02-27,174.06741333007812,183.4499969482422,183.5399932861328,182.24000549316406,183.30999755859375,5717100,JPM
2024-02-28,174.94989013671875,184.3800048828125,185.1999969482422,182.9600067138672,183.42999267578125,6131600,JPM
2024-02-29,176.54393005371094,186.05999755859375,186.42999267578125,183.85000610351562,185.66000366210938,9643000,JPM
2024-03-01,175.81332397460938,185.2899932861328,186.44000244140625,185.10000610351562,185.6999969482422,6311800,JPM
2024-03-04,177.13221740722656,186.67999267578125,187.58999633789062,184.27000427246094,184.7100067138672,7063600,JPM
2024-03-05,178.90658569335938,188.5500030517578,189.3000030517578,186.36000061035156,186.36000061035156,6617800,JPM
2024-03-06,179.8364715576172,189.52999877929688,190.07000732421875,187.6300048828125,189.25,7572900,JPM
2024-03-07,178.2613525390625,187.8699951171875,190.5,186.6300048828125,189.91000366210938,7618300,JPM
2024-03-08,178.59347534179688,188.22000122070312,190.4600067138672,187.9199981689453,188.44000244140625,6172200,JPM
2024-03-11,178.65988159179688,188.2899932861328,188.44000244140625,186.22000122070312,187.27999877929688,5762600,JPM
2024-03-12,180.13059997558594,189.83999633789062,190.16000366210938,187.91000366210938,188.9499969482422,5708400,JPM
2024-03-13,181.5918426513672,191.3800048828125,191.72999572753906,189.83999633789062,190.36000061035156,7795500,JPM
2024-03-14,178.35626220703125,187.97000122070312,191.6300048828125,187.10000610351562,191.02999877929688,10310900,JPM
2024-03-15,180.56710815429688,190.3000030517578,190.94000244140625,186.47999572753906,186.47999572753906,17214200,JPM
2024-03-18,182.806396484375,192.66000366210938,192.6999969482422,189.88999938964844,190.6300048828125,9013800,JPM
2024-03-19,183.87860107421875,193.7899932861328,193.92999267578125,192.3800048828125,192.7100067138672,8478700,JPM
2024-03-20,186.28868103027344,196.3300018310547,196.55999755859375,193.61000061035156,194.19000244140625,9367000,JPM
2024-03-21,188.87904357910156,199.05999755859375,199.42999267578125,196.3300018310547,196.52000427246094,11203800,JPM
2024-03-22,186.5638427734375,196.6199951171875,200.47999572753906,196.5399932861328,199.00999450683594,8108800,JPM
2024-03-25,184.8559112548828,194.82000732421875,196.94000244140625,194.36000061035156,196.60000610351562,8620000,JPM
2024-03-26,185.71937561035156,195.72999572753906,196.66000366210938,194.05999755859375,194.58999633789062,5961500,JPM
2024-03-27,189.31552124023438,199.52000427246094,199.60000610351562,196.3800048828125,196.5,8725800,JPM
2024-03-28,190.0556182861328,200.3000030517578,200.72000122070312,198.5399932861328,199.49000549316406,8628300,JPM
2024-04-01,188.7651824951172,198.94000244140625,200.94000244140625,198.57000732421875,199.99000549316406,7309000,JPM
2024-04-02,188.68927001953125,198.86000061035156,199.77999877929688,198.0800018310547,198.38999938964844,7014700,JPM
2024-04-03,188.15792846679688,198.3000030517578,199.55999755859375,197.6999969482422,199.0399932861328,9353400,JPM
2024-04-04,186.72634887695312,195.64999389648438,199.67999267578125,195.5500030517578,199.14999389648438,9243800,JPM
2024-04-05,188.44422912597656,197.4499969482422,198.1199951171875,195.11000061035156,196.16000366210938,6532300,JPM
2024-04-08,189.42727661132812,198.47999572753906,198.97999572753906,197.6199951171875,197.6199951171875,8001000,JPM
2024-04-09,188.1579132080078,197.14999389648438,198.8800048828125,194.91000366210938,198.07000732421875,7351500,JPM
2024-04-10,186.55455017089844,195.47000122070312,197.07000732421875,194.17999267578125,195.5500030517578,7681400,JPM
2024-04-11,186.516357421875,195.42999267578125,196.57000732421875,193.24000549316406,196.0,10137700,JPM
2024-04-12,174.45289611816406,182.7899932861328,188.92999267578125,182.5399932861328,188.32000732421875,31532300,JPM
2024-04-15,174.54833984375,182.88999938964844,187.4600067138672,182.1999969482422,184.5,14766600,JPM
2024-04-16,172.5536651611328,180.8000030517578,183.16000366210938,179.64999389648438,182.89999389648438,16451800,JPM
2024-04-17,171.86648559570312,180.0800018310547,182.4199981689453,179.1999969482422,181.3699951171875,9017100,JPM
2024-04-18,172.98312377929688,181.25,183.36000061035156,179.97000122070312,181.10000610351562,9557700,JPM
2024-04-19,177.3256072998047,185.8000030517578,185.8800048828125,181.41000366210938,182.39999389648438,13402300,JPM
2024-04-22,180.77096557617188,189.41000366210938,190.1300048828125,185.97999572753906,185.99000549316406,11529700,JPM
2024-04-23,183.37646484375,192.13999938964844,192.22999572753906,190.52000427246094,191.1300048828125,9144400,JPM
2024-04-24,184.2735595703125,193.0800018310547,193.22999572753906,190.1699981689453,190.52999877929688,6964900,JPM
2024-04-25,184.55030822753906,193.3699951171875,193.94000244140625,191.17999267578125,192.25,9802300,JPM
2024-04-26,184.6648712158203,193.49000549316406,194.8699951171875,193.05999755859375,193.57000732421875,6413700,JPM
2024-04-29,184.46441650390625,193.27999877929688,194.25999450683594,192.42999267578125,193.47999572753906,5387800,JPM
2024-04-30,182.99468994140625,191.74000549316406,194.99000549316406,191.63999938964844,192.80999755859375,8153700,JPM
2024-05-01,183.1092071533203,191.86000061035156,194.4600067138672,190.7899932861328,192.27000427246094,7445300,JPM
2024-05-02,182.9183349609375,191.66000366210938,193.5,189.52000427246094,193.07000732421875,6501700,JPM
2024-05-03,181.82080078125,190.50999450683594,192.52999877929688,188.4600067138672,192.0,8922800,JPM
2024-05-06,183.2428436279297,192.0,192.1999969482422,189.82000732421875,191.72999572753906,7911100,JPM
2024-05-07,183.00421142578125,191.75,192.92999267578125,191.64999389648438,191.6999969482422,7688800,JPM
2024-05-08,186.72634887695312,195.64999389648438,196.64999389648438,191.0,191.0,9227600,JPM
2024-05-09,188.49197387695312,197.5,197.58999633789062,195.10000610351562,195.1699981689453,7977300,JPM
2024-05-10,189.70404052734375,198.77000427246094,199.33999633789062,198.27000427246094,198.5399932861328,7529800,JPM
2024-05-13,189.66587829589844,198.72999572753906,199.85000610351562,198.0399932861328,198.8000030517578,7049200,JPM
2024-05-14,192.31906127929688,201.50999450683594,201.5800018310547,198.16000366210938,199.0,8596200,JPM
2024-05-15,192.89170837402344,202.11000061035156,202.69000244140625,199.77000427246094,202.00999450683594,8370000,JPM
2024-05-16,193.2352752685547,202.47000122070312,204.47999572753906,201.99000549316406,202.22000122070312,8497900,JPM
2024-05-17,195.449462890625,204.7899932861328,205.0500030517578,202.80999755859375,203.80999755859375,9260500,JPM
2024-05-20,186.65951538085938,195.5800018310547,205.8800048828125,195.39999389648438,204.38999938964844,17373300,JPM
2024-05-21,190.4198455810547,199.52000427246094,199.89999389648438,196.60000610351562,197.0,14420800,JPM
2024-05-22,189.2650146484375,198.30999755859375,200.94000244140625,197.69000244140625,199.0,9425300,JPM
2024-05-23,187.9384307861328,196.9199981689453,198.3000030517578,196.07000732421875,197.80999755859375,8069400,JPM
2024-05-24,191.5555419921875,200.7100067138672,200.75999450683594,197.55999755859375,197.75,7356200,JPM
2024-05-28,190.4007568359375,199.5,200.41000366210938,198.66000366210938,199.86000061035156,6910200,JPM
2024-05-29,189.07412719726562,198.11000061035156,198.99000549316406,196.88999938964844,198.0,6120000,JPM
2024-05-30,190.23849487304688,199.3300018310547,199.85000610351562,198.39999389648438,198.55999755859375,6829100,JPM
2024-05-31,193.38800048828125,202.6300048828125,203.3000030517578,198.35000610351562,199.3000030517578,14417900,JPM
2024-06-03,192.6149444580078,201.82000732421875,202.4199981689453,199.19000244140625,202.30999755859375,6444300,JPM
2024-06-04,190.0762481689453,199.16000366210938,201.97999572753906,198.27999877929688,200.16000366210938,6848300,JPM
2024-06-05,188.2628936767578,197.25999450683594,199.82000732421875,196.9199981689453,199.75999450683594,8351600,JPM
2024-06-06,187.9288787841797,196.91000366210938,198.02000427246094,195.3300018310547,197.25999450683594,7640300,JPM
2024-06-07,190.83021545410156,199.9499969482422,200.9199981689453,197.00999450683594,197.42999267578125,6964500,JPM
2024-06-10,190.5057373046875,199.61000061035156,200.83999633789062,198.44000244140625,199.24000549316406,6070800,JPM
2024-06-11,185.49517822265625,194.36000061035156,197.94000244140625,193.60000610351562,197.91000366210938,9235300,JPM
2024-06-12,182.79425048828125,191.52999877929688,196.72000122070312,191.30999755859375,196.0,12751300,JPM
2024-06-13,184.82711791992188,193.66000366210938,194.5800018310547,190.8800048828125,192.32000732421875,8587800,JPM
2024-06-14,184.941650390625,193.77999877929688,194.86000061035156,191.4199981689453,191.4499969482422,6874000,JPM
2024-06-17,186.08688354492188,194.97999572753906,195.5800018310547,192.63999938964844,193.47999572753906,8725400,JPM
2024-06-18,188.01475524902344,197.0,197.9600067138672,194.1300048828125,194.60000610351562,9023000,JPM
2024-06-20,189.60858154296875,198.6699981689453,199.4499969482422,196.11000061035156,196.38999938964844,8731100,JPM
2024-06-21,187.3467254638672,196.3000030517578,197.1699981689453,194.22000122070312,196.7100067138672,20972100,JPM
2024-06-24,189.80902099609375,198.8800048828125,199.22999572753906,197.10000610351562,197.80999755859375,9785900,JPM
2024-06-25,189.0359649658203,198.07000732421875,200.07000732421875,197.74000549316406,198.08999633789062,6862500,JPM
2024-06-26,188.42515563964844,197.42999267578125,197.94000244140625,196.27999877929688,197.4499969482422,7758600,JPM
2024-06-27,190.08578491210938,199.1699981689453,199.86000061035156,196.89999389648438,197.44000244140625,7913500,JPM
2024-06-28,193.03485107421875,202.25999450683594,202.60000610351562,199.3000030517578,200.00999450683594,15307600,JPM
2024-07-01,196.07937622070312,205.4499969482422,207.08999633789062,202.66000366210938,202.83999633789062,10205800,JPM
2024-07-02,199.30517578125,208.8300018310547,208.86000061035156,204.77000427246094,205.2899932861328,7802900,JPM
2024-07-03,199.1715545654297,208.69000244140625,210.3800048828125,207.64999389648438,209.5500030517578,5560900,JPM
2024-07-05,196.532470703125,204.7899932861328,207.3699951171875,204.52000427246094,206.99000549316406,8093100,JPM
2024-07-08,196.89715576171875,205.1699981689453,206.89999389648438,203.97000122070312,205.0399932861328,8707000,JPM
2024-07-09,199.25796508789062,207.6300048828125,209.75999450683594,205.4499969482422,205.6300048828125,9058900,JPM
2024-07-10,199.42108154296875,207.8000030517578,207.97000122070312,205.5800018310547,206.13999938964844,8328500,JPM
2024-07-11,199.08522033691406,207.4499969482422,208.10000610351562,205.3800048828125,206.2100067138672,10658100,JPM
2024-07-12,196.6764373779297,204.94000244140625,207.4499969482422,202.10000610351562,204.0,15443400,JPM
2024-07-15,201.58038330078125,210.0500030517578,211.61000061035156,206.72000122070312,207.19000244140625,10719700,JPM
2024-07-16,205.00643920898438,213.6199951171875,213.74000549316406,208.0800018310547,210.0,11557000,JPM
2024-07-17,208.12538146972656,216.8699951171875,217.55999755859375,213.27000427246094,213.8000030517578,11572500,JPM
2024-07-18,201.51319885253906,209.97999572753906,216.63999938964844,209.24000549316406,215.6300048828125,12415100,JPM
2024-07-19,201.32127380371094,209.77999877929688,212.35000610351562,208.9199981689453,211.1999969482422,8095900,JPM
2024-07-22,201.8011016845703,210.27999877929688,212.1699981689453,209.7100067138672,210.4600067138672,7663200,JPM
2024-07-23,201.84909057617188,210.3300018310547,211.47999572753906,209.35000610351562,211.02000427246094,5557300,JPM
2024-07-24,200.17922973632812,208.58999633789062,212.02999877929688,208.07000732421875,209.5500030517578,7119000,JPM
2024-07-25,200.25601196289062,208.6699981689453,210.19000244140625,208.0500030517578,208.64999389648438,6403800,JPM
2024-07-26,203.6820526123047,212.24000549316406,213.16000366210938,208.6199951171875,209.24000549316406,8027800,JPM
2024-07-29,202.3480987548828,210.85000610351562,213.61000061035156,210.5500030517578,212.64999389648438,6533600,JPM
2024-07-30,206.51312255859375,215.19000244140625,215.7899932861328,212.9600067138672,213.22999572753906,8850700,JPM
2024-07-31,204.21951293945312,212.8000030517578,216.38999938964844,212.6699981689453,214.77999877929688,9071600,JPM
2024-08-01,199.57464599609375,207.9600067138672,213.8300018310547,206.3800048828125,213.1999969482422,10918600,JPM
2024-08-02,191.11029052734375,199.13999938964844,204.6699981689453,196.88999938964844,203.8800048828125,18041700,JPM
2024-08-05,187.04124450683594,194.89999389648438,196.1699981689453,190.89999389648438,194.0500030517578,13927000,JPM
2024-08-06,192.26190185546875,200.33999633789062,202.60000610351562,194.0,195.39999389648438,10605800,JPM
2024-08-07,192.31948852539062,200.39999389648438,205.75,200.1999969482422,203.50999450683594,9204400,JPM
2024-08-08,195.83189392089844,204.05999755859375,204.91000366210938,201.7899932861328,202.47000122070312,7761200,JPM
2024-08-09,197.5017547607422,205.8000030517578,206.47000122070312,202.89999389648438,203.47000122070312,5540200,JPM
2024-08-12,197.8760223388672,206.19000244140625,207.13999938964844,203.66000366210938,206.41000366210938,6936000,JPM
2024-08-13,199.55545043945312,207.94000244140625,208.08999633789062,205.39999389648438,207.72999572753906,6387800,JPM
2024-08-14,201.76271057128906,210.24000549316406,210.75999450683594,207.1199951171875,207.74000549316406,6999800,JPM
2024-08-15,203.01988220214844,211.5500030517578,213.88999938964844,211.10000610351562,213.0,7001000,JPM
2024-08-16,205.34231567382812,213.97000122070312,214.08999633789062,211.58999633789062,211.69000244140625,7931200,JPM
2024-08-19,206.7626495361328,215.4499969482422,215.52999877929688,213.82000732421875,214.0,6090800,JPM
2024-08-20,205.87013244628906,214.52000427246094,216.0,213.67999267578125,215.0,5640000,JPM
2024-08-21,205.94691467285156,214.60000610351562,215.0,212.83999633789062,214.42999267578125,5202300,JPM
2024-08-22,207.89505004882812,216.6300048828125,216.8000030517578,214.33999633789062,214.5800018310547,5247100,JPM
2024-08-23,209.50729370117188,218.30999755859375,219.19000244140625,216.5,217.60000610351562,7214000,JPM
2024-08-26,210.33262634277344,219.1699981689453,219.67999267578125,218.0500030517578,219.00999450683594,5105200,JPM
2024-08-27,211.30189514160156,220.17999267578125,220.4199981689453,219.19000244140625,219.50999450683594,5185200,JPM
2024-08-28,212.3671417236328,221.2899932861328,222.2100067138672,219.19000244140625,219.25,6506400,JPM
2024-08-29,213.25006103515625,222.2100067138672,222.97999572753906,218.94000244140625,222.14999389648438,6416100,JPM
2024-08-30,215.73561096191406,224.8000030517578,225.47999572753906,221.92999267578125,222.5,8574100,JPM
2024-09-03,211.4170684814453,220.3000030517578,224.10000610351562,219.24000549316406,222.3000030517578,8956100,JPM
2024-09-04,210.48619079589844,219.3300018310547,222.07000732421875,217.2100067138672,221.0399932861328,7389500,JPM
2024-09-05,208.854736328125,217.6300048828125,220.8000030517578,216.02999877929688,220.14999389648438,8067900,JPM
2024-09-06,203.89320373535156,212.4600067138672,218.74000549316406,211.08999633789062,217.60000610351562,7777000,JPM
2024-09-09,208.06777954101562,216.80999755859375,218.14999389648438,214.17999267578125,215.19000244140625,8935100,JPM
2024-09-10,197.27142333984375,205.55999755859375,218.63999938964844,200.61000061035156,218.60000610351562,28406900,JPM
2024-09-11,198.87408447265625,207.22999572753906,207.6999969482422,201.8300018310547,205.25,13658700,JPM
2024-09-12,198.26947021484375,206.60000610351562,208.77999877929688,204.88999938964844,207.64999389648438,9054400,JPM
2024-09-13,196.08140563964844,204.32000732421875,207.85000610351562,203.02000427246094,206.86000061035156,10226700,JPM
2024-09-16,199.4786834716797,207.86000061035156,208.2100067138672,205.58999633789062,205.8300018310547,8634900,JPM
2024-09-17,200.81265258789062,209.25,209.92999267578125,207.66000366210938,207.72999572753906,7573300,JPM
2024-09-18,199.16197204589844,207.52999877929688,211.33999633789062,206.6999969482422,209.00999450683594,8259900,JPM
2024-09-19,201.99302673339844,210.47999572753906,211.91000366210938,207.33999633789062,209.77999877929688,11635200,JPM
2024-09-20,202.57843017578125,211.08999633789062,211.4199981689453,209.5,209.92999267578125,20885000,JPM
2024-09-23,202.91433715820312,211.44000244140625,211.8000030517578,209.99000549316406,211.0,7223500,JPM
2024-09-24,203.05825805664062,211.58999633789062,212.9499969482422,210.3699951171875,211.14999389648438,7323200,JPM
2024-09-25,201.71473693847656,210.19000244140625,212.24000549316406,208.61000061035156,211.67999267578125,8976500,JPM
2024-09-26,201.32127380371094,209.77999877929688,211.6999969482422,209.00999450683594,211.1300048828125,7807500,JPM
2024-09-27,202.0122528076172,210.5,212.44000244140625,209.3300018310547,210.64999389648438,7032500,JPM
2024-09-30,202.3577117919922,210.86000061035156,210.9600067138672,205.25999450683594,206.30999755859375,8663800,JPM
2024-10-01,198.6917266845703,207.0399932861328,209.08999633789062,206.19000244140625,208.89999389648438,8540100,JPM
2024-10-02,198.931640625,207.2899932861328,208.9499969482422,205.69000244140625,207.0800018310547,5810900,JPM
2024-10-03,196.95472717285156,205.22999572753906,206.49000549316406,204.33999633789062,206.1699981689453,7251300,JPM
2024-10-04,203.9453582763672,211.22000122070312,211.6699981689453,206.91000366210938,209.3000030517578,10211700,JPM
2024-10-07,203.66534423828125,210.92999267578125,213.3300018310547,209.69000244140625,211.02999877929688,6718900,JPM
2024-10-08,203.49154663085938,210.75,211.3300018310547,208.3800048828125,210.5800018310547,6021800,JPM
2024-10-09,206.06961059570312,213.4199981689453,214.24000549316406,209.3800048828125,209.6999969482422,7024000,JPM
2024-10-10,205.50955200195312,212.83999633789062,214.80999755859375,211.47000122070312,214.80999755859375,7927100,JPM
2024-10-11,214.63409423828125,222.2899932861328,224.6300048828125,215.16000366210938,215.6699981689453,18320700,JPM
2024-10-14,213.8520050048828,221.47999572753906,223.6999969482422,218.8800048828125,223.1999969482422,9048900,JPM
2024-10-15,214.7306365966797,222.38999938964844,225.4499969482422,221.82000732421875,223.66000366210938,9235800,JPM
2024-10-16,215.9376220703125,223.63999938964844,223.67999267578125,221.0399932861328,222.3300018310547,6382500,JPM
2024-10-17,216.69073486328125,224.4199981689453,225.85000610351562,223.30999755859375,224.27000427246094,6470200,JPM
2024-10-18,217.60801696777344,225.3699951171875,225.9199981689453,223.10000610351562,225.0,7000500,JPM
2024-10-21,215.3196563720703,223.0,225.6999969482422,222.89999389648438,225.22000122070312,5870000,JPM
2024-10-22,216.40106201171875,224.1199951171875,225.27999877929688,221.10000610351562,223.02000427246094,9586800,JPM
2024-10-23,215.71556091308594,223.41000366210938,224.8000030517578,222.52999877929688,223.66000366210938,6180500,JPM
2024-10-24,217.2314453125,224.97999572753906,225.05999755859375,221.66000366210938,221.8300018310547,6002200,JPM
2024-10-25,214.65341186523438,222.30999755859375,225.6199951171875,220.8800048828125,225.0,6369700,JPM
2024-10-28,217.7335662841797,225.5,225.63999938964844,222.9499969482422,223.35000610351562,6843000,JPM
2024-10-29,215.2230987548828,222.89999389648438,226.75,222.80999755859375,225.2100067138672,6580000,JPM
2024-10-30,216.68109130859375,224.41000366210938,226.30999755859375,221.5800018310547,222.5399932861328,7110900,JPM
2024-10-31,214.27685546875,221.9199981689453,225.69000244140625,221.82000732421875,224.6999969482422,7829900,JPM
2024-11-01,215.26171875,222.94000244140625,226.14999389648438,222.6999969482422,223.55999755859375,6923500,JPM
2024-11-04,212.2105255126953,219.77999877929688,223.75999450683594,219.1699981689453,222.64999389648438,8229600,JPM
2024-11-05,213.86163330078125,221.49000549316406,221.9600067138672,220.0,220.02999877929688,5600700,JPM
2024-11-06,238.55099487304688,247.05999755859375,248.0,234.77000427246094,235.0,23987800,JPM
2024-11-07,228.2388458251953,236.3800048828125,244.57000732421875,235.22000122070312,244.5,16451100,JPM
2024-11-08,228.8181610107422,236.97999572753906,239.33999633789062,235.77999877929688,239.33999633789062,9502100,JPM
2024-11-11,231.04861450195312,239.2899932861328,242.10000610351562,239.0,240.0,9017100,JPM
2024-11-12,231.30931091308594,239.55999755859375,241.4600067138672,238.75999450683594,240.5500030517578,6861000,JPM
2024-11-13,232.85421752929688,241.16000366210938,244.08999633789062,240.30999755859375,240.5800018310547,11472600,JPM
2024-11-14,233.5397491455078,241.8699951171875,244.2899932861328,241.0500030517578,242.4199981689453,10172200,JPM
2024-11-15,236.8612823486328,245.30999755859375,246.4199981689453,241.4600067138672,241.4600067138672,11518800,JPM
2024-11-18,236.59091186523438,245.02999877929688,247.92999267578125,242.67999267578125,247.75999450683594,9051400,JPM
2024-11-19,234.71771240234375,243.08999633789062,245.14999389648438,241.5500030517578,242.25,6792700,JPM
2024-11-20,232.48728942871094,240.77999877929688,244.61000061035156,238.63999938964844,244.39999389648438,9015300,JPM
2024-11-21,236.33021545410156,244.75999450683594,245.49000549316406,242.11000061035156,243.22999572753906,8783500,JPM
2024-11-22,239.9897003173828,248.5500030517578,249.14999389648438,243.02999877929688,243.61000061035156,7997300,JPM
2024-11-25,241.6697540283203,250.2899932861328,254.30999755859375,249.05999755859375,249.58999633789062,10295400,JPM
2024-11-26,241.3607940673828,249.97000122070312,251.0,248.33999633789062,250.49000549316406,6212100,JPM
2024-11-27,241.1869659423828,249.7899932861328,251.19000244140625,248.77000427246094,249.35000610351562,5472300,JPM
2024-11-29,241.11940002441406,249.72000122070312,251.77000427246094,249.4499969482422,249.86000061035156,5494800,JPM
2024-12-02,237.76890563964844,246.25,250.25,245.02999877929688,249.5500030517578,8899700,JPM
2024-12-03,236.3881378173828,244.82000732421875,249.0399932861328,244.6300048828125,248.22999572753906,6657700,JPM
2024-12-04,235.0170440673828,243.39999389648438,245.35000610351562,242.22999572753906,244.6999969482422,7346300,JPM
2024-12-05,237.02542114257812,245.47999572753906,247.17999267578125,244.6199951171875,245.38999938964844,6572500,JPM
2024-12-06,238.84066772460938,247.36000061035156,247.74000549316406,244.83999633789062,245.6999969482422,5519700,JPM
2024-12-09,235.41293334960938,243.80999755859375,247.8699951171875,243.75999450683594,247.1300048828125,7076500,JPM
2024-12-10,234.4956512451172,242.86000061035156,247.9600067138672,242.22000122070312,243.88999938964844,9108300,JPM
2024-12-11,235.14256286621094,243.52999877929688,244.27000427246094,242.17999267578125,244.0,7884400,JPM
2024-12-12,233.21144104003906,241.52999877929688,244.10000610351562,241.0399932861328,243.0,6113800,JPM
2024-12-13,231.6762237548828,239.94000244140625,242.72000122070312,239.13999938964844,242.07000732421875,10392700,JPM
2024-12-16,231.32861328125,239.5800018310547,240.6699981689453,237.52000427246094,240.61000061035156,9032000,JPM
2024-12-17,230.150634765625,238.36000061035156,239.02000427246094,236.6300048828125,238.64999389648438,8083600,JPM
2024-12-18,222.43582153320312,230.3699951171875,239.07000732421875,229.52999877929688,239.0,11322400,JPM
2024-12-19,224.93666076660156,232.9600067138672,236.36000061035156,232.27000427246094,232.27000427246094,11790800,JPM
2024-12-20,229.41680908203125,237.60000610351562,239.2100067138672,231.58999633789062,231.9199981689453,32348400,JPM
2024-12-23,230.17959594726562,238.38999938964844,238.6199951171875,234.8800048828125,236.07000732421875,8611500,JPM
2024-12-24,233.964599609375,242.30999755859375,242.49000549316406,239.07000732421875,239.42999267578125,3729100,JPM
2024-12-26,234.76602172851562,243.13999938964844,243.25999450683594,240.7899932861328,241.42999267578125,4451800,JPM
2024-12-27,232.86387634277344,241.1699981689453,243.38999938964844,240.0399932861328,242.72000122070312,5730200,JPM
2024-12-30,231.07757568359375,239.32000732421875,240.83999633789062,237.11000061035156,238.77000427246094,5723800,JPM
2024-12-31,231.45416259765625,239.7100067138672,241.44000244140625,239.02999877929688,240.0500030517578,4871000,JPM
2025-01-02,231.73414611816406,240.0,243.27999877929688,239.4499969482422,240.9199981689453,9220900,JPM
2025-01-03,234.9011688232422,243.27999877929688,244.8800048828125,240.25999450683594,243.88999938964844,9491100,JPM
2025-01-06,233.75595092773438,240.85000610351562,245.69000244140625,240.5800018310547,243.6999969482422,9917800,JPM
2025-01-07,236.00759887695312,243.1699981689453,245.25999450683594,240.89999389648438,242.13999938964844,8753400,JPM
2025-01-08,235.9687957763672,243.1300048828125,244.25,240.5,242.75,8675300,JPM
2025-01-10,232.80477905273438,239.8699951171875,243.80999755859375,238.74000549316406,243.08999633789062,10256800,JPM
2025-01-13,237.01698303222656,244.2100067138672,244.5399932861328,239.0,239.6699981689453,10005300,JPM
2025-01-14,240.1809539794922,247.47000122070312,247.72000122070312,242.19000244140625,242.66000366210938,12407400,JPM
2025-01-15,244.91722106933594,252.35000610351562,253.6699981689453,243.67999267578125,250.39999389648438,18448500,JPM
2025-01-16,246.78067016601562,254.27000427246094,257.0400085449219,252.3300018310547,254.0,15292300,JPM
2025-01-17,251.52664184570312,259.1600036621094,260.6199951171875,252.13999938964844,254.13999938964844,17678100,JPM
2025-01-21,255.28262329101562,263.0299987792969,264.25,259.5,260.07000732421875,13712100,JPM
2025-01-22,255.09825134277344,262.8399963378906,263.3800048828125,260.25,262.8999938964844,9021900,JPM
2025-01-23,258.1166687011719,265.95001220703125,266.8599853515625,263.80999755859375,264.69000244140625,10749700,JPM
2025-01-24,257.0393371582031,264.8399963378906,267.1000061035156,263.010009765625,263.69000244140625,7666300,JPM
2025-01-27,258.01959228515625,265.8500061035156,265.9700012207031,262.260009765625,264.1700134277344,7522300,JPM
2025-01-28,259.2716064453125,267.1400146484375,267.3299865722656,264.8299865722656,265.8500061035156,7375400,JPM
2025-01-29,258.7280578613281,266.5799865722656,270.67999267578125,265.6099853515625,267.2099914550781,7684900,JPM
2025-01-30,260.3294982910156,268.2300109863281,269.70001220703125,266.6199951171875,268.6300048828125,8753500,JPM
2025-01-31,259.4268493652344,267.29998779296875,270.82000732421875,266.9599914550781,269.2300109863281,7193800,JPM
2025-02-03,258.9513244628906,266.80999755859375,268.1700134277344,261.70001220703125,261.8299865722656,8381400,JPM
2025-02-04,260.04803466796875,267.94000244140625,269.8399963378906,266.8299865722656,269.8399963378906,5626000,JPM
2025-02-05,262.4646911621094,270.42999267578125,270.6400146484375,268.3299865722656,268.9100036621094,5704400,JPM
2025-02-06,268.74407958984375,276.8999938964844,276.9800109863281,271.19000244140625,272.45001220703125,7264400,JPM
2025-02-07,267.6764831542969,275.79998779296875,278.54998779296875,274.7099914550781,277.2699890136719,6857900,JPM
2025-02-10,263.05670166015625,271.0400085449219,276.17999267578125,269.5899963378906,276.1499938964844,8627400,JPM
2025-02-11,266.890380859375,274.989990234375,276.2200012207031,269.6600036621094,270.260009765625,7196400,JPM
2025-02-12,267.33685302734375,275.45001220703125,276.45001220703125,273.25,274.0799865722656,6683900,JPM
2025-02-13,268.1811828613281,276.32000732421875,276.9700012207031,273.80999755859375,275.5,8398700,JPM
2025-02-14,268.4432373046875,276.5899963378906,279.2300109863281,276.45001220703125,277.3699951171875,5688600,JPM
2025-02-18,271.7043151855469,279.95001220703125,279.9700012207031,276.0199890136719,276.760009765625,7919800,JPM
2025-02-19,271.0249328613281,279.25,280.25,277.2200012207031,278.3800048828125,7007200,JPM
2025-02-20,258.9415588378906,266.79998779296875,278.739990234375,265.739990234375,278.67999267578125,13846700,JPM
2025-02-21,256.4570007324219,264.239990234375,269.20001220703125,262.8399963378906,268.32000732421875,12835600,JPM
2025-02-24,253.64242553710938,261.3399963378906,267.0,258.6099853515625,265.489990234375,10372800,JPM
2025-02-25,249.81845092773438,257.3999938964844,263.0,253.35000610351562,262.2300109863281,9608400,JPM
2025-02-26,251.16754150390625,258.7900085449219,260.9100036621094,256.92999267578125,257.1600036621094,5943600,JPM
2025-02-27,251.4198760986328,259.04998779296875,263.6400146484375,257.8599853515625,260.17999267578125,8204400,JPM
2025-02-28,256.8548889160156,264.6499938964844,264.80999755859375,257.8900146484375,260.7300109863281,10467100,JPM
2025-03-03,252.94361877441406,260.6199951171875,266.32000732421875,257.82000732421875,264.0,9058300,JPM
2025-03-04,242.8790740966797,250.25,257.2300109863281,245.9499969482422,255.27999877929688,13465600,JPM
2025-03-05,244.12136840820312,251.52999877929688,253.0500030517578,247.8300018310547,251.25,7861400,JPM
2025-03-06,239.2783203125,246.5399932861328,249.36000061035156,243.85000610351562,248.11000061035156,9983200,JPM
2025-03-07,235.14381408691406,242.27999877929688,246.72000122070312,239.4199981689453,245.22999572753906,20498700,JPM
2025-03-10,225.38014221191406,232.22000122070312,237.50999450683594,228.6999969482422,236.2100067138672,18887200,JPM
2025-03-11,222.39085388183594,229.13999938964844,233.32000732421875,226.69000244140625,231.75,18143000,JPM
2025-03-12,221.18736267089844,227.89999389648438,234.32000732421875,227.25999450683594,234.0,16054000,JPM
2025-03-13,218.5572052001953,225.19000244140625,229.5,224.22999572753906,229.3000030517578,16467900,JPM
2025-03-14,225.59364318847656,232.44000244140625,233.13999938964844,227.5800018310547,228.1199951171875,11962100,JPM
2025-03-17,227.03976440429688,233.92999267578125,235.6699981689453,230.4600067138672,231.17999267578125,9586000,JPM
2025-03-18,228.04913330078125,234.97000122070312,236.1699981689453,233.52000427246094,234.32000732421875,10344900,JPM
2025-03-19,232.0671844482422,239.11000061035156,242.3300018310547,234.88999938964844,235.74000549316406,10120600,JPM
2025-03-20,231.97012329101562,239.00999450683594,241.75999450683594,236.1999969482422,236.55999755859375,8328500,JPM
2025-03-21,234.51296997070312,241.6300048828125,242.3000030517578,236.5,237.80999755859375,19326900,JPM
2025-03-24,240.75357055664062,248.05999755859375,248.69000244140625,244.41000366210938,245.47999572753906,9422700,JPM
2025-03-25,243.73316955566406,251.1300048828125,251.82000732421875,247.6199951171875,249.30999755859375,9287700,JPM
2025-03-26,243.63609313964844,251.02999877929688,254.6699981689453,249.77999877929688,252.60000610351562,12779300,JPM
2025-03-27,240.81179809570312,248.1199951171875,250.63999938964844,247.17999267578125,249.52999877929688,8022500,JPM
2025-03-28,235.69703674316406,242.85000610351562,249.50999450683594,241.11000061035156,246.94000244140625,11978400,JPM
2025-03-31,238.0748748779297,245.3000030517578,245.86000061035156,237.36000061035156,239.41000366210938,13603000,JPM
2025-04-01,236.48318481445312,243.66000366210938,245.69000244140625,240.8800048828125,242.6199951171875,8054700,JPM
2025-04-02,238.57955932617188,245.82000732421875,247.25,241.4600067138672,241.60000610351562,7758800,JPM
2025-04-03,221.9541015625,228.69000244140625,235.13999938964844,227.3000030517578,234.27000427246094,17188500,JPM
2025-04-04,205.34344482421875,210.27999877929688,217.6999969482422,208.92999267578125,215.30999755859375,27170700,JPM
2025-04-07,209.40576171875,214.44000244140625,222.0500030517578,202.16000366210938,205.77000427246094,22914400,JPM
2025-04-08,211.77871704101562,216.8699951171875,227.83999633789062,213.25,223.52000427246094,19485700,JPM
2025-04-09,228.83859252929688,234.33999633789062,237.47999572753906,211.0,212.5,24022400,JPM
2025-04-10,221.7783203125,227.11000061035156,230.35000610351562,220.10000610351562,230.0,18896400,JPM
2025-04-11,230.6549072265625,236.1999969482422,238.5800018310547,225.0,226.30999755859375,20284500,JPM
2025-04-14,229.20965576171875,234.72000122070312,239.77999877929688,233.6300048828125,237.10000610351562,13017800,JPM
2025-04-15,227.65701293945312,233.1300048828125,238.64999389648438,232.82000732421875,236.10000610351562,10912900,JPM
2025-04-16,224.21963500976562,229.61000061035156,233.5800018310547,227.92999267578125,232.0,9322300,JPM
2025-04-17,226.5144805908203,231.9600067138672,234.33999633789062,230.5500030517578,230.8000030517578,9557900,JPM
2025-04-21,223.6142120361328,228.99000549316406,231.80999755859375,226.33999633789062,230.6300048828125,8716200,JPM
2025-04-22,230.0592498779297,235.58999633789062,235.99000549316406,231.3699951171875,231.97999572753906,10701400,JPM
2025-04-23,235.22508239746094,240.8800048828125,246.7899932861328,240.0,240.22000122070312,14126800,JPM
2025-04-24,238.8968048095703,244.63999938964844,245.47000122070312,237.5800018310547,239.74000549316406,9055200,JPM
2025-04-25,237.83238220214844,243.5500030517578,245.6199951171875,241.75,244.64999389648438,8588600,JPM
2025-04-28,237.51014709472656,243.22000122070312,246.83999633789062,240.83999633789062,244.55999755859375,7394300,JPM
2025-04-29,238.87725830078125,244.6199951171875,245.25,241.69000244140625,242.19000244140625,7216800,JPM
2025-04-30,238.87725830078125,244.6199951171875,245.22000122070312,238.42999267578125,241.2100067138672,12991700,JPM
2025-05-01,241.09397888183594,246.88999938964844,248.4499969482422,242.1699981689453,242.83999633789062,8689600,JPM
2025-05-02,246.58203125,252.50999450683594,253.6199951171875,249.4600067138672,251.25999450683594,7165000,JPM
2025-05-05,246.630859375,252.55999755859375,255.16000366210938,250.58999633789062,251.17999267578125,5450700,JPM
2025-05-06,243.3985595703125,249.25,252.64999389648438,249.0,250.0,6369900,JPM
2025-05-07,243.53529357910156,249.38999938964844,252.4499969482422,248.8300018310547,249.85000610351562,8724100,JPM
2025-05-08,247.51950073242188,253.47000122070312,255.8800048828125,251.5500030517578,251.57000732421875,8320100,JPM
2025-05-09,247.13865661621094,253.0800018310547,255.50999450683594,252.33999633789062,254.5,5087600,JPM
2025-05-12,253.9450225830078,260.04998779296875,263.6000061035156,258.70001220703125,262.8999938964844,9603900,JPM
2025-05-13,256.8355407714844,263.010009765625,263.6700134277344,260.3900146484375,261.0299987792969,8589000,JPM
2025-05-14,259.40380859375,265.6400146484375,266.6400146484375,262.2900085449219,263.0,8643100,JPM
2025-05-15,261.2103576660156,267.489990234375,269.5199890136719,264.760009765625,266.9700012207031,9214600,JPM
2025-05-16,261.2787170410156,267.55999755859375,268.4599914550781,264.7099914550781,267.5,8932900,JPM
2025-05-19,258.66168212890625,264.8800048828125,268.32000732421875,261.92999267578125,265.54998779296875,12145000,JPM
2025-05-20,259.4428405761719,265.67999267578125,266.6600036621094,262.29998779296875,262.5199890136719,8436300,JPM
2025-05-21,254.91177368164062,261.0400085449219,265.6499938964844,260.7300109863281,264.3500061035156,7464000,JPM
2025-05-22,254.55047607421875,260.6700134277344,262.29998779296875,258.8699951171875,259.44000244140625,6514100,JPM
2025-05-23,254.58950805664062,260.7099914550781,261.989990234375,256.0,256.80999755859375,6671800,JPM
2025-05-27,259.06201171875,265.2900085449219,265.29998779296875,261.989990234375,262.0400085449219,7506600,JPM
2025-05-28,257.3042297363281,263.489990234375,266.7200012207031,262.8999938964844,266.239990234375,5535400,JPM
2025-05-29,258.16357421875,264.3699951171875,265.4100036621094,262.5299987792969,264.79998779296875,5081200,JPM
2025-05-30,257.80230712890625,264.0,265.3299865722656,262.7300109863281,263.45001220703125,10977700,JPM
2025-06-02,258.4468078613281,264.6600036621094,265.0299987792969,261.8999938964844,263.0199890136719,6011200,JPM
2025-06-03,260.01898193359375,266.2699890136719,266.5799865722656,262.8800048828125,263.7300109863281,6998400,JPM
2025-06-04,258.01715087890625,264.2200012207031,267.1199951171875,264.17999267578125,265.9200134277344,5915700,JPM
2025-06-05,255.80043029785156,261.95001220703125,264.739990234375,260.30999755859375,264.739990234375,8173800,JPM
2025-06-06,259.49169921875,265.7300109863281,266.6499938964844,264.260009765625,264.3299865722656,7738100,JPM
2025-06-09,260.47796630859375,266.739990234375,267.8999938964844,263.3500061035156,266.0,8285000,JPM
2025-06-10,262.2943115234375,268.6000061035156,268.8999938964844,265.8500061035156,265.8800048828125,7538100,JPM
2025-06-11,261.8548583984375,268.1499938964844,269.6199951171875,265.7900085449219,268.67999267578125,7434100,JPM
2025-06-12,261.9427490234375,268.239990234375,268.2900085449219,265.1400146484375,266.8599853515625,6618000,JPM
2025-06-13,258.7300109863281,264.95001220703125,267.0199890136719,262.7099914550781,265.0799865722656,7098300,JPM
2025-06-16,264.012939453125,270.3599853515625,271.7300109863281,266.8500061035156,267.0,8566000,JPM
2025-06-17,263.1927185058594,269.5199890136719,270.5899963378906,267.79998779296875,268.1700134277344,6739300,JPM
2025-06-18,267.5284423828125,273.9599914550781,277.7200012207031,269.7200012207031,270.0,9586400,JPM
2025-06-20,268.5440368652344,275.0,277.29998779296875,273.80999755859375,275.57000732421875,13969700,JPM
2025-06-23,271.7373046875,278.2699890136719,278.54998779296875,272.1099853515625,275.05999755859375,8094600,JPM
2025-06-24,274.6570739746094,281.260009765625,282.7099914550781,279.510009765625,280.2099914550781,9267900,JPM
2025-06-25,277.391357421875,284.05999755859375,284.2799987792969,280.9100036621094,281.5,6826900,JPM
2025-06-26,281.9712829589844,288.75,289.4100036621094,284.4700012207031,284.70001220703125,8942100,JPM
2025-06-27,280.3697509765625,287.1099853515625,288.70001220703125,285.0400085449219,285.80999755859375,17868600,JPM
2025-06-30,283.10400390625,289.9100036621094,292.6499938964844,288.9200134277344,290.3999938964844,12689200,JPM
2025-07-01,283.59228515625,290.4100036621094,291.1300048828125,286.5899963378906,290.8900146484375,9338300,JPM
2025-07-02,285.14495849609375,292.0,292.82000732421875,289.70001220703125,292.0400085449219,8158700,JPM
2025-07-03,290.4435729980469,296.0,296.3999938964844,291.2099914550781,292.1499938964844,6541600,JPM
2025-07-07,286.4892578125,291.9700012207031,296.0400085449219,290.0799865722656,295.25,8825700,JPM
2025-07-08,277.4717712402344,282.7799987792969,289.70001220703125,280.30999755859375,289.2699890136719,15440900,JPM
2025-07-09,277.8446350097656,283.1600036621094,287.20001220703125,282.4800109863281,287.17999267578125,11273800,JPM
2025-07-10,282.78021240234375,288.19000244140625,288.30999755859375,283.0,283.0,8410900,JPM
2025-07-11,281.4751281738281,286.8599853515625,287.3800048828125,283.6499938964844,285.5199890136719,7384700,JPM
2025-07-14,283.2806396484375,288.70001220703125,289.29998779296875,285.260009765625,287.07000732421875,9079900,JPM
2025-07-15,281.1709899902344,286.54998779296875,291.95001220703125,285.4800109863281,288.0,12526100,JPM
2025-07-16,280.4547119140625,285.82000732421875,290.7300109863281,283.010009765625,288.3999938964844,9979800,JPM
2025-07-17,284.4580993652344,289.8999938964844,290.29998779296875,283.44000244140625,283.44000244140625,8509500,JPM
2025-07-18,285.8023681640625,291.2699890136719,292.5,288.2300109863281,289.5199890136719,12217000,JPM
2025-07-21,285.50799560546875,290.9700012207031,294.17999267578125,290.5799865722656,291.0,7898100,JPM
2025-07-22,285.9593811035156,291.42999267578125,293.6300048828125,289.17999267578125,291.5,6717500,JPM
2025-07-23,291.1893615722656,296.760009765625,296.989990234375,292.54998779296875,292.8399963378906,7083500,JPM
2025-07-24,290.9832458496094,296.54998779296875,299.5899963378906,296.20001220703125,297.4200134277344,7001200,JPM
2025-07-25,293.014404296875,298.6199951171875,298.8999938964844,295.9599914550781,296.70001220703125,5918500,JPM
2025-07-28,292.6807861328125,298.2799987792969,299.42999267578125,296.82000732421875,297.6600036621094,5840400,JPM
2025-07-29,291.4640808105469,297.0400085449219,301.2900085449219,296.20001220703125,300.0,7635700,JPM
2025-07-30,294.0054626464844,299.6300048828125,300.6099853515625,297.3800048828125,297.4200134277344,8061700,JPM
2025-07-31,290.6790771484375,296.239990234375,300.9800109863281,295.5,299.1400146484375,14749700,JPM
2025-08-01,283.9380798339844,289.3699951171875,291.79998779296875,284.239990234375,290.3999938964844,12007100,JPM
2025-08-04,288.73626708984375,294.260009765625,294.32000732421875,290.260009765625,290.260009765625,6649500,JPM
2025-08-05,285.9005126953125,291.3699951171875,295.7900085449219,287.239990234375,294.69000244140625,7182300,JPM
2025-08-06,285.8808898925781,291.3500061035156,293.2900085449219,290.1600036621094,292.29998779296875,6330200,JPM
2025-08-07,281.5537109375,286.94000244140625,293.4599914550781,286.4100036621094,292.94000244140625,8057100,JPM
2025-08-08,283.3394775390625,288.760009765625,291.2300109863281,284.7099914550781,288.9800109863281,6634100,JPM
2025-08-11,284.1244812011719,289.55999755859375,291.32000732421875,288.7799987792969,289.3999938964844,5510100,JPM
2025-08-12,287.35272216796875,292.8500061035156,294.75,290.3399963378906,291.5,8570900,JPM
2025-08-13,285.0762939453125,290.5299987792969,294.54998779296875,287.1600036621094,293.95001220703125,8420400,JPM
2025-08-14,288.63812255859375,294.1600036621094,294.20001220703125,289.6400146484375,290.5799865722656,6322400,JPM
2025-08-15,285.0370178222656,290.489990234375,295.5,289.82000732421875,294.8399963378906,7340500,JPM
2025-08-18,286.0574951171875,291.5299987792969,291.8999938964844,288.4100036621094,290.0,5386900,JPM
2025-08-19,285.203857421875,290.6600036621094,292.4800109863281,289.5299987792969,290.8299865722656,6031500,JPM
2025-08-20,286.754150390625,292.239990234375,293.3299865722656,287.2699890136719,290.80999755859375,7374200,JPM
2025-08-21,285.9986572265625,291.4700012207031,292.7699890136719,289.4700012207031,291.94000244140625,6624000,JPM
2025-08-22,290.6790771484375,296.239990234375,297.1600036621094,290.1300048828125,293.20001220703125,8552800,JPM
2025-08-25,289.3642272949219,294.8999938964844,297.3500061035156,294.1400146484375,296.239990234375,5856300,JPM
2025-08-26,292.96539306640625,298.57000732421875,298.739990234375,293.5,294.1600036621094,6714700,JPM
2025-08-27,293.6620178222656,299.2799987792969,301.07000732421875,297.0400085449219,297.25,6056500,JPM
2025-08-28,295.4184265136719,301.07000732421875,301.239990234375,298.70001220703125,300.0199890136719,6410500,JPM
2025-08-29,295.7618408203125,301.4200134277344,302.95001220703125,299.7300109863281,302.0400085449219,6796400,JPM
2025-09-02,294.07415771484375,299.70001220703125,300.4599914550781,294.5,300.260009765625,7221900,JPM
2025-09-03,293.8877258300781,299.510009765625,300.57000732421875,296.3800048828125,300.57000732421875,6316900,JPM
2025-09-04,298.1168212890625,303.82000732421875,304.42999267578125,298.2799987792969,300.0,6605800,JPM
2025-09-05,288.85400390625,294.3800048828125,305.1499938964844,294.30999755859375,303.6499938964844,9837700,JPM
2025-09-08,287.41162109375,292.9100036621094,296.4599914550781,291.44000244140625,294.8900146484375,8188500,JPM
2025-09-09,292.25885009765625,297.8500061035156,299.0,292.30999755859375,292.6000061035156,7848200,JPM
2025-09-10,294.8984069824219,300.5400085449219,301.5400085449219,295.3999938964844,296.70001220703125,7787300,JPM
2025-09-11,299.8241271972656,305.55999755859375,305.7300109863281,300.7900085449219,301.239990234375,7942500,JPM
2025-09-12,301.1488037109375,306.9100036621094,307.54998779296875,303.70001220703125,305.0,6846700,JPM
2025-09-15,303.1014404296875,308.8999938964844,309.95001220703125,307.1700134277344,307.1700134277344,7122000,JPM
2025-09-16,303.3860168457031,309.19000244140625,310.8999938964844,307.1300048828125,310.0,10525600,JPM
2025-09-17,305.89794921875,311.75,312.9100036621094,308.7699890136719,310.3900146484375,8657800,JPM
2025-09-18,307.35015869140625,313.2300109863281,313.44000244140625,309.6099853515625,311.7900085449219,8050700,JPM
2025-09-19,308.87103271484375,314.7799987792969,315.79998779296875,309.1199951171875,313.6000061035156,23568600,JPM
2025-09-22,306.5749816894531,312.44000244140625,313.70001220703125,309.55999755859375,309.79998779296875,7520200,JPM
2025-09-23,306.8693542480469,312.739990234375,316.30999755859375,310.5799865722656,311.82000732421875,8584400,JPM
2025-09-24,307.5365905761719,313.4200134277344,316.5799865722656,311.6700134277344,314.04998779296875,7310500,JPM
2025-09-25,307.5660400390625,313.45001220703125,315.6499938964844,311.79998779296875,314.1199951171875,7083200,JPM
2025-09-26,310.1270446777344,316.05999755859375,317.80999755859375,313.70001220703125,314.8999938964844,7258100,JPM
2025-09-29,309.7640075683594,315.69000244140625,318.010009765625,313.6600036621094,317.05999755859375,6462400,JPM
2025-09-30,309.50885009765625,315.42999267578125,317.4100036621094,310.1099853515625,316.25,11823300,JPM
2025-10-01,304.8774719238281,310.7099914550781,314.5899963378906,307.4100036621094,313.9700012207031,9235200,JPM
2025-10-02,301.7767639160156,307.54998779296875,310.55999755859375,306.1400146484375,310.0,7600000,JPM
2025-10-03,304.2102355957031,310.0299987792969,311.6600036621094,308.2099914550781,308.510009765625,6029900,JPM
2025-10-06,304.8511047363281,309.17999267578125,311.75,305.1300048828125,310.17999267578125,7214500,JPM
2025-10-07,303.3819885253906,307.69000244140625,310.010009765625,304.70001220703125,309.3500061035156,8454200,JPM
2025-10-08,299.7732238769531,304.0299987792969,308.7799987792969,303.54998779296875,308.2099914550781,6489900,JPM
2025-10-09,301.2522277832031,305.5299987792969,308.0400085449219,303.3900146484375,305.04998779296875,7060300,JPM
2025-10-10,296.67724609375,300.8900146484375,310.4700012207031,300.80999755859375,305.6600036621094,8597400,JPM
2025-10-13,303.6580810546875,307.9700012207031,309.4599914550781,305.45001220703125,305.6000061035156,10788700,JPM
2025-10-14,297.85052490234375,302.0799865722656,307.0,294.2099914550781,305.8399963378906,16178800,JPM
2025-10-15,301.40997314453125,305.69000244140625,312.1199951171875,305.44000244140625,306.3900146484375,11354800,JPM
2025-10-16,294.360107421875,298.5400085449219,308.67999267578125,297.07000732421875,305.3500061035156,10549400,JPM
2025-10-17,293.3938293457031,297.55999755859375,299.54998779296875,294.20001220703125,299.1600036621094,10153500,JPM
2025-10-20,298.1265869140625,302.3599853515625,303.69000244140625,298.1600036621094,298.5,6894900,JPM
2025-10-21,292.9303894042969,297.0899963378906,304.04998779296875,297.0,301.6600036621094,7372700,JPM
2025-10-22,289.99212646484375,294.1099853515625,298.05999755859375,290.5400085449219,297.7699890136719,8054100,JPM
2025-10-23,290.4161071777344,294.5400085449219,296.3699951171875,292.510009765625,294.3800048828125,5438800,JPM
2025-10-24,296.2334899902344,300.44000244140625,302.6000061035156,295.45001220703125,296.0799865722656,7228300,JPM
2025-10-27,299.8915710449219,304.1499938964844,304.5299987792969,301.010009765625,302.1600036621094,5642200,JPM
2025-10-28,301.0845947265625,305.3599853515625,307.9700012207031,303.1600036621094,304.8599853515625,6336000,JPM
2025-10-29,301.2325134277344,305.510009765625,308.25,303.010009765625,303.510009765625,7520300,JPM
2025-10-30,305.10748291015625,309.44000244140625,312.6099853515625,305.1000061035156,305.7900085449219,7514600,JPM
2025-10-31,306.7639465332031,311.1199951171875,312.8699951171875,307.25,308.5400085449219,7721300,JPM
2025-11-03,305.01873779296875,309.3500061035156,312.32000732421875,306.2099914550781,311.0,7770000,JPM
2025-11-04,304.9201354980469,309.25,312.2200012207031,305.1000061035156,306.7099914550781,7085200,JPM
2025-11-05,307.31610107421875,311.67999267578125,313.1000061035156,305.6300048828125,309.6099853515625,6865200,JPM
2025-11-06,309.0317687988281,313.4200134277344,314.8399963378906,310.260009765625,310.989990234375,7206100,JPM
2025-11-07,309.8106689453125,314.2099914550781,314.42999267578125,307.6400146484375,311.8900146484375,7302300,JPM
2025-11-10,312.45318603515625,316.8900146484375,319.55999755859375,314.2099914550781,315.0,5794100,JPM
2025-11-11,311.2009582519531,315.6199951171875,319.04998779296875,315.2799987792969,317.5,5030200,JPM
2025-11-12,315.92388916015625,320.4100036621094,322.25,316.2099914550781,316.260009765625,10578300,JPM
2025-11-13,305.1469421386719,309.4800109863281,320.6300048828125,309.1000061035156,319.2300109863281,8973300,JPM
2025-11-14,299.3591003417969,303.6099853515625,307.6400146484375,301.2300109863281,307.510009765625,10327000,JPM
2025-11-17,296.1644592285156,300.3699951171875,305.5899963378906,297.6700134277344,304.0,8344000,JPM
2025-11-18,295.2178955078125,299.4100036621094,302.95001220703125,297.0199890136719,299.5,8077300,JPM
2025-11-19,299.02386474609375,303.2699890136719,304.45001220703125,299.2699890136719,299.739990234375,5546600,JPM
2025-11-20,294.20233154296875,298.3800048828125,309.9200134277344,298.1600036621094,306.3399963378906,7501600,JPM
2025-11-21,293.84735107421875,298.0199890136719,301.67999267578125,292.80999755859375,301.2900085449219,11766800,JPM
2025-11-24,293.8276672363281,298.0,299.82000732421875,294.510009765625,298.239990234375,10940200,JPM
2025-11-25,298.7576599121094,303.0,304.5,295.55999755859375,300.04998779296875,8877200,JPM
2025-11-26,303.33270263671875,307.6400146484375,308.5299987792969,303.20001220703125,305.0,7910900,JPM
2025-11-28,308.6965026855469,313.0799865722656,313.7200012207031,308.239990234375,309.1000061035156,4322400,JPM
2025-12-01,304.59478759765625,308.9200134277344,314.0400085449219,308.5400085449219,312.95001220703125,7727300,JPM
2025-12-02,303.5693359375,307.8800048828125,310.4800109863281,307.0899963378906,308.739990234375,7249000,JPM
2025-12-03,307.7598571777344,312.1300048828125,312.3599853515625,306.79998779296875,307.20001220703125,8535300,JPM
2025-12-04,311.6742248535156,316.1000061035156,318.489990234375,313.0,313.260009765625,9627800,JPM
2025-12-05,310.6290588378906,315.0400085449219,318.4800109863281,314.67999267578125,315.6400146484375,6518900,JPM
2025-12-08,310.79669189453125,315.2099914550781,316.4700012207031,313.3500061035156,315.05999755859375,7417200,JPM
2025-12-09,296.30255126953125,300.510009765625,318.79998779296875,300.0199890136719,314.95001220703125,18049200,JPM
2025-12-10,305.7680969238281,310.1099853515625,311.19000244140625,298.4599914550781,300.5,18874100,JPM
2025-12-11,312.9363098144531,317.3800048828125,318.0,309.239990234375,309.239990234375,9721900,JPM
2025-12-12,314.0603332519531,318.5199890136719,320.2699890136719,316.6000061035156,319.67999267578125,8982900,JPM
2025-12-15,315.5393371582031,320.0199890136719,322.8800048828125,318.3900146484375,319.5899963378906,10864100,JPM
2025-12-16,311.1319274902344,315.54998779296875,319.5199890136719,314.3999938964844,319.0899963378906,8331300,JPM
2025-12-17,310.5699157714844,314.9800109863281,319.3699951171875,314.6600036621094,318.42999267578125,8718700,JPM
2025-12-18,308.6176452636719,313.0,317.70001220703125,312.2200012207031,316.0,11444900,JPM
2025-12-19,312.7686767578125,317.2099914550781,318.55999755859375,313.19000244140625,313.7900085449219,24494400,JPM
2025-12-22,318.56634521484375,323.0899963378906,323.2300109863281,317.510009765625,317.510009765625,8354600,JPM
2025-12-23,321.3665771484375,325.92999267578125,327.7799987792969,323.0899963378906,323.6099853515625,6668300,JPM
2025-12-24,324.5612487792969,329.1700134277344,329.989990234375,325.5,326.239990234375,4289300,JPM
2025-12-26,323.31890869140625,327.9100036621094,330.8599853515625,326.5400085449219,329.1099853515625,4158300,JPM
2025-12-29,319.2171325683594,323.75,327.7699890136719,323.5299987792969,327.0,8635300,JPM
2025-12-30,318.8917541503906,323.4200134277344,324.94000244140625,322.489990234375,324.80999755859375,7904300,JPM
2025-12-31,317.70855712890625,322.2200012207031,324.8800048828125,322.0400085449219,324.3399963378906,5048500,JPM
