Date,Adj Close,Close,High,Low,Open,Volume,Ticker
2019-01-02,134.49887084960938,135.67999267578125,137.50999450683594,128.55999755859375,128.99000549316406,28146200,META
2019-01-03,130.59320068359375,131.74000549316406,137.1699981689453,131.1199951171875,134.69000244140625,22717900,META
2019-01-04,136.74911499023438,137.9499969482422,138.0,133.75,134.00999450683594,29002100,META
2019-01-07,136.84825134277344,138.0500030517578,138.8699951171875,135.91000366210938,137.55999755859375,20089300,META
2019-01-08,141.2892608642578,142.52999877929688,143.13999938964844,139.5399932861328,139.88999938964844,26263800,META
2019-01-09,142.97445678710938,144.22999572753906,144.6999969482422,141.27000427246094,142.9499969482422,22205900,META
2019-01-10,142.94473266601562,144.1999969482422,144.55999755859375,140.83999633789062,143.0800018310547,16125000,META
2019-01-11,142.5482177734375,143.8000030517578,145.36000061035156,142.57000732421875,143.14999389648438,12908000,META
2019-01-14,144.1243896484375,145.38999938964844,146.57000732421875,141.27000427246094,142.0,20520300,META
2019-01-15,147.65335083007812,148.9499969482422,150.67999267578125,145.99000549316406,146.00999450683594,24069000,META
2019-01-16,146.25563049316406,147.5399932861328,149.64999389648438,147.0,149.0,18025700,META
2019-01-17,147.00901794433594,148.3000030517578,149.0,146.5,146.9499969482422,15787900,META
2019-01-18,148.73388671875,150.0399932861328,152.42999267578125,148.5500030517578,149.75,31029600,META
2019-01-22,146.28541564941406,147.57000732421875,151.52999877929688,146.3699951171875,149.1999969482422,22378700,META
2019-01-23,143.0438232421875,144.3000030517578,148.8000030517578,143.05999755859375,148.27999877929688,20098400,META
2019-01-24,144.56051635742188,145.8300018310547,146.44000244140625,142.52000427246094,144.63999938964844,20955500,META
2019-01-25,147.7128143310547,149.00999450683594,149.8300018310547,146.5399932861328,147.47999572753906,22237200,META
2019-01-28,146.1862335205078,147.47000122070312,148.9600067138672,146.2100067138672,148.0500030517578,15508500,META
2019-01-29,142.93479919433594,144.19000244140625,148.10000610351562,143.42999267578125,148.08999633789062,17632100,META
2019-01-30,149.110595703125,150.4199981689453,150.9499969482422,145.6999969482422,146.22000122070312,44613200,META
2019-01-31,165.2389373779297,166.69000244140625,171.67999267578125,165.0,165.60000610351562,77233600,META
2019-02-01,164.26748657226562,165.7100067138672,169.10000610351562,165.66000366210938,165.83999633789062,30806500,META
2019-02-04,167.77664184570312,169.25,169.3000030517578,163.6199951171875,165.6999969482422,20036000,META
2019-02-05,169.67002868652344,171.16000366210938,171.97999572753906,168.69000244140625,169.14999389648438,22557000,META
2019-02-06,169.00587463378906,170.49000549316406,172.47000122070312,169.27000427246094,171.1999969482422,13281200,META
2019-02-07,164.931640625,166.3800048828125,169.24000549316406,165.25,168.1999969482422,17517600,META
2019-02-08,165.87335205078125,167.3300018310547,167.3699951171875,164.2100067138672,164.47000122070312,12561400,META
2019-02-11,164.3467559814453,165.7899932861328,168.3000030517578,165.0800018310547,167.89999389648438,12811200,META
2019-02-12,163.60330200195312,165.0399932861328,168.33999633789062,164.5,166.86000061035156,16292300,META
2019-02-13,162.64178466796875,164.07000732421875,166.22000122070312,163.72999572753906,165.3800048828125,14205100,META
2019-02-14,162.5227813720703,163.9499969482422,164.8699951171875,162.25,163.19000244140625,12755200,META
2019-02-15,161.08541870117188,162.5,164.6999969482422,160.86000061035156,164.50999450683594,15504400,META
2019-02-19,160.8772430419922,162.2899932861328,164.14999389648438,160.3300018310547,160.5,14345400,META
2019-02-20,161.14486694335938,162.55999755859375,163.72000122070312,161.25,162.25,11770700,META
2019-02-21,158.64683532714844,160.0399932861328,162.24000549316406,159.58999633789062,161.92999267578125,15607800,META
2019-02-22,160.48074340820312,161.88999938964844,162.41000366210938,160.30999755859375,160.5800018310547,15858500,META
2019-02-25,163.1869659423828,164.6199951171875,166.07000732421875,162.89999389648438,163.07000732421875,18737100,META
2019-02-26,162.70123291015625,164.1300048828125,166.24000549316406,163.8000030517578,164.33999633789062,13784100,META
2019-02-27,161.39271545410156,162.80999755859375,163.92999267578125,160.41000366210938,162.89999389648438,12697500,META
2019-02-28,160.0445556640625,161.4499969482422,163.5,160.86000061035156,162.3699951171875,11114200,META
2019-03-01,160.86732482910156,162.27999877929688,163.1300048828125,161.69000244140625,162.60000610351562,11097800,META
2019-03-04,165.91302490234375,167.3699951171875,167.5,163.8300018310547,163.89999389648438,18894700,META
2019-03-05,169.7691650390625,171.25999450683594,171.8800048828125,166.5500030517578,167.3699951171875,28187900,META
2019-03-06,171.00828552246094,172.50999450683594,173.57000732421875,171.27000427246094,172.89999389648438,21531700,META
2019-03-07,167.65771484375,169.1300048828125,171.74000549316406,167.61000061035156,171.5,18306500,META
2019-03-08,168.12362670898438,169.60000610351562,169.6199951171875,165.97000122070312,166.1999969482422,13184800,META
2019-03-11,170.5720977783203,172.07000732421875,174.3000030517578,171.5800018310547,171.60000610351562,18884000,META
2019-03-12,170.42343139648438,171.9199981689453,173.8000030517578,171.22000122070312,172.08999633789062,12155300,META
2019-03-13,171.86077880859375,173.3699951171875,174.02999877929688,172.1199951171875,172.32000732421875,11973300,META
2019-03-14,168.6886444091797,170.1699981689453,171.14999389648438,168.16000366210938,169.75999450683594,18037400,META
2019-03-15,164.5351104736328,165.97999572753906,167.5800018310547,162.50999450683594,167.16000366210938,37135400,META
2019-03-18,159.07310485839844,160.47000122070312,163.89999389648438,159.27999877929688,163.57000732421875,37524200,META
2019-03-19,160.16354370117188,161.57000732421875,163.82000732421875,160.82000732421875,161.47999572753906,25611500,META
2019-03-20,163.99984741210938,165.44000244140625,166.1199951171875,161.24000549316406,161.5,20211500,META
2019-03-21,164.63426208496094,166.0800018310547,166.38999938964844,163.75,164.88999938964844,16223000,META
2019-03-22,162.90939331054688,164.33999633789062,167.4199981689453,164.08999633789062,165.64999389648438,16389200,META
2019-03-25,164.84242248535156,166.2899932861328,166.5399932861328,162.0,163.0,12631200,META
2019-03-26,166.22030639648438,167.67999267578125,169.4499969482422,166.35000610351562,167.35000610351562,15437900,META
2019-03-27,164.4261016845703,165.8699951171875,168.94000244140625,164.7899932861328,167.85000610351562,10620300,META
2019-03-28,164.10888671875,165.5500030517578,166.72000122070312,163.3300018310547,164.57000732421875,10443000,META
2019-03-29,165.2389373779297,166.69000244140625,167.19000244140625,164.80999755859375,166.38999938964844,13455500,META
2019-04-01,167.2314453125,168.6999969482422,168.89999389648438,167.27999877929688,167.8300018310547,10381500,META
2019-04-02,172.68357849121094,174.1999969482422,174.89999389648438,169.5500030517578,170.13999938964844,23946500,META
2019-04-03,172.029296875,173.5399932861328,177.9600067138672,172.9499969482422,174.5,27391100,META
2019-04-04,174.48773193359375,176.02000427246094,178.0,175.52999877929688,176.02000427246094,17847700,META
2019-04-05,174.1903533935547,175.72000122070312,177.0,175.10000610351562,176.8800048828125,9594100,META
2019-04-08,173.40719604492188,174.92999267578125,175.5,174.22999572753906,175.2100067138672,7297400,META
2019-04-09,176.03411865234375,177.5800018310547,179.19000244140625,175.5500030517578,175.6199951171875,19751000,META
2019-04-10,176.27206420898438,177.82000732421875,178.7899932861328,176.5399932861328,178.17999267578125,11701500,META
2019-04-11,175.96473693847656,177.50999450683594,178.39999389648438,177.0,178.24000549316406,8071000,META
2019-04-12,177.54090881347656,179.10000610351562,179.6300048828125,177.9499969482422,178.0,12329800,META
2019-04-15,178.08612060546875,179.64999389648438,180.5,176.8699951171875,178.5,10834800,META
2019-04-16,177.31292724609375,178.8699951171875,180.1699981689453,178.3000030517578,179.0,11215200,META
2019-04-17,177.2237091064453,178.77999877929688,180.74000549316406,178.36000061035156,179.60000610351562,9973700,META
2019-04-18,176.72805786132812,178.27999877929688,178.8800048828125,177.33999633789062,178.8000030517578,11655600,META
2019-04-22,179.86053466796875,181.44000244140625,181.6699981689453,178.25,178.25,13389900,META
2019-04-23,182.18019104003906,183.77999877929688,184.22000122070312,181.47999572753906,182.74000549316406,19954800,META
2019-04-24,180.99061584472656,182.5800018310547,185.13999938964844,181.64999389648438,184.49000549316406,37289900,META
2019-04-25,191.57765197753906,193.25999450683594,198.47999572753906,192.1199951171875,196.97999572753906,54148800,META
2019-04-26,189.8230743408203,191.49000549316406,192.89999389648438,189.08999633789062,192.5,22075000,META
2019-04-29,193.0844268798828,194.77999877929688,195.41000366210938,190.64999389648438,190.9499969482422,19641300,META
2019-04-30,191.71641540527344,193.39999389648438,197.38999938964844,192.27999877929688,194.19000244140625,23494700,META
2019-05-01,191.3496551513672,193.02999877929688,196.17999267578125,193.00999450683594,194.77999877929688,15996600,META
2019-05-02,190.85397338867188,192.52999877929688,194.0,189.75,193.0,13209500,META
2019-05-03,193.7683868408203,195.47000122070312,196.16000366210938,193.7100067138672,194.3800048828125,14575400,META
2019-05-06,192.19224548339844,193.8800048828125,194.27999877929688,190.5500030517578,191.24000549316406,13994900,META
2019-05-07,188.1180419921875,189.77000427246094,192.89999389648438,187.85000610351562,192.5399932861328,16253000,META
2019-05-08,187.8900146484375,189.5399932861328,190.72000122070312,188.5500030517578,189.38999938964844,12505700,META
2019-05-09,187.00778198242188,188.64999389648438,189.77000427246094,186.25999450683594,187.1999969482422,12967000,META
2019-05-10,186.7004852294922,188.33999633789062,190.0,184.58999633789062,188.25,12578500,META
2019-05-13,179.9596710205078,181.5399932861328,185.42999267578125,180.83999633789062,183.5,16833300,META
2019-05-14,179.15670776367188,180.72999572753906,183.49000549316406,178.10000610351562,182.52000427246094,17628100,META
2019-05-15,184.64849853515625,186.27000427246094,187.27999877929688,180.02000427246094,180.4199981689453,16746900,META
2019-05-16,185.36224365234375,186.99000549316406,188.5800018310547,185.0500030517578,185.0500030517578,12953100,META
2019-05-17,183.68695068359375,185.3000030517578,187.5800018310547,184.27999877929688,184.83999633789062,10485400,META
2019-05-20,181.12937927246094,182.72000122070312,184.22999572753906,181.3699951171875,181.8800048828125,10352000,META
2019-05-21,183.2111053466797,184.82000732421875,185.6999969482422,183.88999938964844,184.57000732421875,7502800,META
2019-05-22,183.7067413330078,185.32000732421875,186.74000549316406,183.61000061035156,184.72999572753906,9213800,META
2019-05-23,179.29550170898438,180.8699951171875,183.89999389648438,179.6699981689453,182.4199981689453,12768800,META
2019-05-24,179.4838409423828,181.05999755859375,183.6300048828125,180.8300018310547,182.3300018310547,8807700,META
2019-05-28,182.70555114746094,184.30999755859375,184.7100067138672,181.4499969482422,181.5399932861328,14843300,META
2019-05-29,180.60403442382812,182.19000244140625,184.55999755859375,181.35000610351562,183.5,12797700,META
2019-05-30,181.41688537597656,183.00999450683594,183.47999572753906,180.88999938964844,183.0800018310547,8581500,META
2019-05-31,175.92510986328125,177.47000122070312,180.5399932861328,177.16000366210938,180.27999877929688,15226500,META
2019-06-03,162.7210235595703,164.14999389648438,175.0500030517578,161.00999450683594,175.0,56059600,META
2019-06-04,166.04188537597656,167.5,168.27999877929688,160.83999633789062,163.7100067138672,46044300,META
2019-06-05,166.70608520507812,168.1699981689453,168.72000122070312,164.6300048828125,167.47999572753906,19758300,META
2019-06-06,166.86468505859375,168.3300018310547,169.6999969482422,167.22999572753906,168.3000030517578,12446400,META
2019-06-07,171.84095764160156,173.35000610351562,173.8699951171875,168.83999633789062,170.1699981689453,16917300,META
2019-06-10,173.29818725585938,174.82000732421875,177.86000061035156,173.8000030517578,174.75,14767900,META
2019-06-11,176.54962158203125,178.10000610351562,179.97999572753906,176.7899932861328,178.47999572753906,15266600,META
2019-06-12,173.51625061035156,175.0399932861328,179.27000427246094,172.8800048828125,178.3800048828125,17699800,META
2019-06-13,175.92510986328125,177.47000122070312,178.02999877929688,174.61000061035156,175.52999877929688,12253600,META
2019-06-14,179.75149536132812,181.3300018310547,181.83999633789062,180.0,180.50999450683594,16773700,META
2019-06-17,187.36465454101562,189.00999450683594,189.5,184.41000366210938,185.00999450683594,29459900,META
2019-06-18,186.82936096191406,188.47000122070312,194.52999877929688,187.27999877929688,194.0,37571400,META
2019-06-19,185.84796142578125,187.47999572753906,188.10000610351562,184.5500030517578,187.0,21417100,META
2019-06-20,187.88011169433594,189.52999877929688,191.16000366210938,187.63999938964844,190.9499969482422,14635700,META
2019-06-21,189.47610473632812,191.13999938964844,192.0,188.75,188.75,22751200,META
2019-06-24,190.9233856201172,192.60000610351562,193.97999572753906,191.57000732421875,192.4199981689453,15509000,META
2019-06-25,187.19613647460938,188.83999633789062,193.13999938964844,188.1300048828125,192.8800048828125,16750300,META
2019-06-26,186.02639770507812,187.66000366210938,190.75999450683594,187.30999755859375,189.5399932861328,12808600,META
2019-06-27,187.8503875732422,189.5,198.8800048828125,188.27000427246094,189.8800048828125,11159000,META
2019-06-28,191.31991577148438,193.0,193.1999969482422,189.94000244140625,190.5500030517578,16378900,META
2019-07-01,191.31991577148438,193.0,195.27999877929688,191.92999267578125,195.2100067138672,14181800,META
2019-07-02,193.30250549316406,195.0,195.0,192.7100067138672,193.0,9050000,META
2019-07-03,195.4833221435547,197.1999969482422,197.39999389648438,194.16000366210938,194.16000366210938,10246100,META
2019-07-05,194.6903076171875,196.39999389648438,197.07000732421875,194.1699981689453,196.17999267578125,11164100,META
2019-07-08,194.05587768554688,195.75999450683594,196.67999267578125,193.63999938964844,195.19000244140625,9723900,META
2019-07-09,197.4758758544922,199.2100067138672,199.4600067138672,194.88999938964844,194.97000122070312,14698600,META
2019-07-10,200.96519470214844,202.72999572753906,202.9600067138672,199.6699981689453,200.0,20571700,META
2019-07-11,199.47825622558594,201.22999572753906,203.8000030517578,200.2100067138672,203.25999450683594,13678500,META
2019-07-12,203.0865478515625,204.8699951171875,205.3000030517578,199.16000366210938,199.67999267578125,15366300,META
2019-07-15,202.1349334716797,203.91000366210938,205.3300018310547,201.82000732421875,204.25,16030300,META
2019-07-16,202.0655517578125,203.83999633789062,205.47000122070312,203.10000610351562,203.88999938964844,12132700,META
2019-07-17,200.04330444335938,201.8000030517578,204.36000061035156,201.58999633789062,204.17999267578125,12083700,META
2019-07-18,199.03219604492188,200.77999877929688,202.47000122070312,199.3800048828125,200.14999389648438,11937900,META
2019-07-19,196.63323974609375,198.36000061035156,202.3300018310547,198.07000732421875,202.17999267578125,12098300,META
2019-07-22,200.5587615966797,202.32000732421875,202.57000732421875,198.80999755859375,199.91000366210938,13589000,META
2019-07-23,200.59844970703125,202.36000061035156,204.24000549316406,200.9600067138672,202.83999633789062,14583700,META
2019-07-24,202.87841796875,204.66000366210938,204.80999755859375,197.22000122070312,197.6300048828125,32532500,META
2019-07-25,198.9628143310547,200.7100067138672,208.66000366210938,198.25999450683594,206.6999969482422,39889900,META
2019-07-26,198.0111541748047,199.75,202.8800048828125,196.25,200.19000244140625,24434000,META
2019-07-29,194.2343292236328,195.94000244140625,199.6300048828125,195.3000030517578,199.0,16530800,META
2019-07-30,195.32472229003906,197.0399932861328,198.7100067138672,193.5,195.38999938964844,11903600,META
2019-07-31,192.53921508789062,194.22999572753906,198.75999450683594,192.67999267578125,196.9499969482422,14593500,META
2019-08-01,191.05226135253906,192.72999572753906,198.47000122070312,190.8800048828125,194.1699981689453,17777000,META
2019-08-02,187.37454223632812,189.02000427246094,192.6199951171875,188.07000732421875,191.10000610351562,15297000,META
2019-08-05,180.14801025390625,181.72999572753906,185.6699981689453,179.33999633789062,184.69000244140625,23086700,META
2019-08-06,182.90380859375,184.50999450683594,185.7899932861328,183.08999633789062,183.69000244140625,18035700,META
2019-08-07,183.5382537841797,185.14999389648438,186.3699951171875,181.22000122070312,183.60000610351562,15833200,META
2019-08-08,188.50462341308594,190.16000366210938,190.33999633789062,184.0500030517578,186.6199951171875,14828900,META
2019-08-09,186.21475219726562,187.85000610351562,190.97999572753906,187.1199951171875,190.0,11058800,META
2019-08-12,183.75634765625,185.3699951171875,187.58999633789062,184.4600067138672,186.85000610351562,10930900,META
2019-08-13,186.80950927734375,188.4499969482422,191.3800048828125,185.3699951171875,185.52000427246094,13577000,META
2019-08-14,178.14561462402344,179.7100067138672,185.99000549316406,179.30999755859375,185.8000030517578,18903700,META
2019-08-15,181.0005340576172,182.58999633789062,183.1999969482422,180.02999877929688,180.9499969482422,12925900,META
2019-08-16,182.10086059570312,183.6999969482422,185.10000610351562,182.36000061035156,183.75,12654600,META
2019-08-19,184.54937744140625,186.1699981689453,187.5,184.85000610351562,186.00999450683594,9691200,META
2019-08-20,182.2099151611328,183.80999755859375,186.0,182.38999938964844,185.4499969482422,10083400,META
2019-08-21,181.9521942138672,183.5500030517578,185.89999389648438,183.13999938964844,185.0,8398200,META
2019-08-22,180.4552764892578,182.0399932861328,184.11000061035156,179.91000366210938,183.42999267578125,10821400,META
2019-08-23,176.20265197753906,177.75,183.1300048828125,176.66000366210938,180.83999633789062,17323400,META
2019-08-26,178.78994750976562,180.36000061035156,180.5,178.24000549316406,179.39999389648438,8773600,META
2019-08-27,179.7217559814453,181.3000030517578,184.0399932861328,181.00999450683594,181.92999267578125,14399600,META
2019-08-28,180.17774963378906,181.75999450683594,181.9499969482422,178.9199981689453,180.52999877929688,9386100,META
2019-08-29,183.95458984375,185.57000732421875,186.0800018310547,183.47000122070312,183.77000427246094,10128700,META
2019-08-30,184.05372619628906,185.6699981689453,186.8000030517578,183.4600067138672,186.77999877929688,10774500,META
2019-09-03,180.8022918701172,182.38999938964844,185.6699981689453,182.11000061035156,184.0,9779400,META
2019-09-04,185.5109100341797,187.13999938964844,187.75,183.88999938964844,184.64999389648438,11308000,META
2019-09-05,189.23818969726562,190.89999389648438,191.36000061035156,187.94000244140625,188.52999877929688,13876700,META
2019-09-06,185.85787963867188,187.49000549316406,190.2100067138672,186.35000610351562,190.2100067138672,15226800,META
2019-09-09,187.1168212890625,188.75999450683594,188.97999572753906,185.85000610351562,187.72999572753906,14722400,META
2019-09-10,184.54937744140625,186.1699981689453,188.10000610351562,184.5500030517578,187.44000244140625,15455900,META
2019-09-11,186.84918212890625,188.49000549316406,189.44000244140625,186.0800018310547,186.4600067138672,11761700,META
2019-09-12,185.8380584716797,187.47000122070312,190.92999267578125,187.22999572753906,189.86000061035156,11419800,META
2019-09-13,185.56048583984375,187.19000244140625,187.97000122070312,186.5399932861328,187.3300018310547,11441100,META
2019-09-16,184.59893798828125,186.22000122070312,187.7899932861328,185.77000427246094,186.92999267578125,8444800,META
2019-09-17,186.4427490234375,188.0800018310547,188.32000732421875,185.5399932861328,186.66000366210938,9671100,META
2019-09-18,186.50221252441406,188.13999938964844,189.0800018310547,186.00999450683594,188.08999633789062,9681900,META
2019-09-19,188.4848175048828,190.13999938964844,191.10000610351562,188.14999389648438,188.66000366210938,10392700,META
2019-09-20,188.27662658691406,189.92999267578125,193.10000610351562,188.1199951171875,190.66000366210938,19934200,META
2019-09-23,185.1937255859375,186.82000732421875,190.10000610351562,185.2100067138672,189.33999633789062,13327600,META
2019-09-24,179.70193481445312,181.27999877929688,188.0399932861328,180.38999938964844,187.97999572753906,18546600,META
2019-09-25,181.20870971679688,182.8000030517578,183.4199981689453,177.8699951171875,181.4499969482422,18068300,META
2019-09-26,178.54212951660156,180.11000061035156,181.39999389648438,177.6699981689453,181.3300018310547,16083300,META
2019-09-27,175.55831909179688,177.10000610351562,180.75999450683594,175.66000366210938,180.49000549316406,14656200,META
2019-09-30,176.52978515625,178.0800018310547,178.6699981689453,176.85000610351562,177.8699951171875,10740000,META
2019-10-01,174.27955627441406,175.80999755859375,179.83999633789062,174.8800048828125,179.14999389648438,17073000,META
2019-10-02,173.08009338378906,174.60000610351562,176.52999877929688,173.08999633789062,174.83999633789062,16151700,META
2019-10-03,177.81846618652344,179.3800048828125,179.83999633789062,173.6300048828125,175.57000732421875,16086300,META
2019-10-04,178.879150390625,180.4499969482422,180.97999572753906,178.10000610351562,179.5500030517578,10430200,META
2019-10-07,178.11587524414062,179.67999267578125,181.17999267578125,178.08999633789062,180.0,9178300,META
2019-10-08,176.20265197753906,177.75,180.3699951171875,177.72000122070312,178.25999450683594,9466900,META
2019-10-09,178.28440856933594,179.85000610351562,180.72000122070312,177.94000244140625,179.16000366210938,7556900,META
2019-10-10,178.4628448486328,180.02999877929688,181.61000061035156,179.1699981689453,180.32000732421875,8605000,META
2019-10-11,182.5866241455078,184.19000244140625,186.49000549316406,182.13999938964844,182.14999389648438,14930500,META
2019-10-14,181.68453979492188,183.27999877929688,184.6199951171875,182.57000732421875,184.1999969482422,7006000,META
2019-10-15,187.24569702148438,188.88999938964844,190.3800048828125,183.66000366210938,183.8000030517578,15039100,META
2019-10-16,187.89993286132812,189.5500030517578,189.6999969482422,186.89999389648438,188.32000732421875,10516900,META
2019-10-17,188.73263549804688,190.38999938964844,190.83999633789062,188.77000427246094,190.3000030517578,9603000,META
2019-10-18,184.23216247558594,185.85000610351562,191.49000549316406,183.9199981689453,190.22999572753906,16874200,META
2019-10-21,188.10812377929688,189.75999450683594,189.91000366210938,186.75,187.0399932861328,8122600,META
2019-10-22,180.75270080566406,182.33999633789062,190.64999389648438,181.5,190.0,19537600,META
2019-10-23,184.529541015625,186.14999389648438,186.3800048828125,182.0,182.00999450683594,12300400,META
2019-10-24,184.75753784179688,186.3800048828125,186.72999572753906,182.8000030517578,184.6199951171875,11413500,META
2019-10-25,186.25439453125,187.88999938964844,189.0,185.08999633789062,185.8300018310547,8061200,META
2019-10-28,187.75125122070312,189.39999389648438,189.52999877929688,185.0800018310547,187.1999969482422,13657900,META
2019-10-29,187.6620330810547,189.30999755859375,192.52999877929688,188.47000122070312,191.69000244140625,13574900,META
2019-10-30,186.61126708984375,188.25,190.4499969482422,185.97999572753906,189.55999755859375,28734600,META
2019-10-31,189.98165893554688,191.64999389648438,198.08999633789062,188.25,196.6999969482422,42286500,META
2019-11-01,191.93450927734375,193.6199951171875,194.11000061035156,189.91000366210938,192.85000610351562,21711800,META
2019-11-04,193.0249481201172,194.72000122070312,197.3699951171875,193.80999755859375,194.5500030517578,16371300,META
2019-11-05,192.62844848632812,194.32000732421875,195.75,193.60000610351562,195.3699951171875,9942000,META
2019-11-06,189.88253784179688,191.5500030517578,194.3699951171875,191.35000610351562,194.02999877929688,10973000,META
2019-11-07,188.76235961914062,190.4199981689453,193.44000244140625,189.47000122070312,191.91000366210938,13473000,META
2019-11-08,189.17869567871094,190.83999633789062,192.33999633789062,189.6999969482422,190.0,10760800,META
2019-11-11,187.9594268798828,189.61000061035156,190.0800018310547,188.5399932861328,189.92999267578125,8631200,META
2019-11-12,192.77713012695312,194.47000122070312,195.05999755859375,189.74000549316406,190.0,17615500,META
2019-11-13,191.50823974609375,193.19000244140625,195.6999969482422,192.74000549316406,194.6999969482422,10860700,META
2019-11-14,191.4685821533203,193.14999389648438,194.02999877929688,191.4499969482422,192.92999267578125,9040500,META
2019-11-15,193.40164184570312,195.10000610351562,195.3000030517578,193.3800048828125,194.25999450683594,11524300,META
2019-11-18,195.6815948486328,197.39999389648438,198.6300048828125,193.0500030517578,194.55999755859375,16167200,META
2019-11-19,197.58489990234375,199.32000732421875,200.0,196.86000061035156,197.39999389648438,19056800,META
2019-11-20,195.7906494140625,197.50999450683594,199.58999633789062,195.42999267578125,198.5800018310547,12355400,META
2019-11-21,196.2069854736328,197.92999267578125,199.08999633789062,196.86000061035156,197.4199981689453,12131000,META
2019-11-22,197.0892333984375,198.82000732421875,199.3000030517578,197.6199951171875,198.3800048828125,9959800,META
2019-11-25,198.05078125,199.7899932861328,200.97000122070312,199.25,199.52000427246094,15272300,META
2019-11-26,197.23794555664062,198.97000122070312,200.14999389648438,198.0399932861328,200.0,11735500,META
2019-11-27,200.24156188964844,202.0,203.13999938964844,199.4199981689453,199.89999389648438,12736600,META
2019-11-29,199.88470458984375,201.63999938964844,203.8000030517578,201.2100067138672,201.60000610351562,7985200,META
2019-12-02,197.96156311035156,199.6999969482422,202.17999267578125,198.0500030517578,202.1300048828125,11503400,META
2019-12-03,197.0892333984375,198.82000732421875,198.92999267578125,195.0800018310547,197.60000610351562,11595300,META
2019-12-04,196.98020935058594,198.7100067138672,200.02999877929688,198.0500030517578,200.0,8456300,META
2019-12-05,197.62451171875,199.36000061035156,201.2899932861328,198.2100067138672,199.86000061035156,9740400,META
2019-12-06,199.29983520507812,201.0500030517578,201.57000732421875,200.05999755859375,200.5,12270600,META
2019-12-09,199.58731079101562,201.33999633789062,203.13999938964844,200.2100067138672,200.64999389648438,11954800,META
2019-12-10,199.1213836669922,200.8699951171875,202.0500030517578,200.14999389648438,201.66000366210938,9475700,META
2019-12-11,200.49929809570312,202.25999450683594,202.6300048828125,200.27999877929688,200.27999877929688,8036800,META
2019-12-12,195.03724670410156,196.75,203.66000366210938,194.10000610351562,202.35000610351562,23734800,META
2019-12-13,192.4202423095703,194.11000061035156,196.8000030517578,193.1699981689453,196.39999389648438,18798000,META
2019-12-16,196.1970977783203,197.9199981689453,199.1199951171875,194.80999755859375,195.27000427246094,14911500,META
2019-12-17,196.66297912597656,198.38999938964844,199.0,196.1300048828125,198.83999633789062,10175700,META
2019-12-18,200.7371826171875,202.5,204.3000030517578,200.08999633789062,200.08999633789062,23274400,META
2019-12-19,204.26622009277344,206.05999755859375,206.3000030517578,202.50999450683594,202.77999877929688,16514600,META
2019-12-20,204.504150390625,206.3000030517578,207.7100067138672,203.42999267578125,207.47999572753906,27306900,META
2019-12-23,204.38516235351562,206.17999267578125,208.58999633789062,205.67999267578125,206.6999969482422,13348900,META
2019-12-24,203.3343963623047,205.1199951171875,206.7899932861328,205.0,206.3000030517578,6046300,META
2019-12-26,205.98114013671875,207.7899932861328,207.82000732421875,205.30999755859375,205.57000732421875,9350700,META
2019-12-27,206.28843688964844,208.10000610351562,208.92999267578125,206.58999633789062,208.6699981689453,10284200,META
2019-12-30,202.63059997558594,204.41000366210938,207.89999389648438,203.89999389648438,207.86000061035156,10524300,META
2019-12-31,203.46327209472656,205.25,205.55999755859375,203.60000610351562,204.0,8953500,META
2020-01-02,207.95382690429688,209.77999877929688,209.7899932861328,206.27000427246094,206.75,12077100,META
2020-01-03,206.85348510742188,208.6699981689453,210.39999389648438,206.9499969482422,207.2100067138672,11188400,META
2020-01-06,210.74929809570312,212.60000610351562,212.77999877929688,206.52000427246094,206.6999969482422,17058900,META
2020-01-07,211.20529174804688,213.05999755859375,214.5800018310547,211.75,212.82000732421875,14912400,META
2020-01-08,213.34646606445312,215.22000122070312,216.24000549316406,212.61000061035156,213.0,13475000,META
2020-01-09,216.39967346191406,218.3000030517578,218.3800048828125,216.27999877929688,217.5399932861328,12642800,META
2020-01-10,216.16175842285156,218.05999755859375,219.8800048828125,217.4199981689453,219.1999969482422,12119400,META
2020-01-13,219.97824096679688,221.91000366210938,221.97000122070312,219.2100067138672,219.60000610351562,14463400,META
2020-01-14,217.15306091308594,219.05999755859375,222.3800048828125,218.6300048828125,221.61000061035156,13288900,META
2020-01-15,219.224853515625,221.14999389648438,221.67999267578125,220.13999938964844,220.61000061035156,10036500,META
2020-01-16,219.83946228027344,221.77000427246094,222.6300048828125,220.38999938964844,222.57000732421875,10015300,META
2020-01-17,220.20623779296875,222.13999938964844,222.2899932861328,220.52999877929688,222.02999877929688,15905900,META
2020-01-21,219.51234436035156,221.44000244140625,222.3699951171875,219.1199951171875,222.16000366210938,14275800,META
2020-01-22,219.39340209960938,221.32000732421875,222.75,221.27999877929688,222.30999755859375,12212800,META
2020-01-23,217.84695434570312,219.75999450683594,221.49000549316406,219.27000427246094,220.75,11195000,META
2020-01-24,216.04281616210938,217.94000244140625,221.77999877929688,216.11000061035156,220.8000030517578,11905800,META
2020-01-27,212.99952697753906,214.8699951171875,216.05999755859375,212.5,213.10000610351562,13810700,META
2020-01-28,215.8941192626953,217.7899932861328,218.74000549316406,213.52000427246094,216.13999938964844,13413800,META
2020-01-29,221.28675842285156,223.22999572753906,224.1999969482422,218.4499969482422,221.44000244140625,33181300,META
2020-01-30,207.70602416992188,209.52999877929688,211.42999267578125,204.75,206.52999877929688,48775500,META
2020-01-31,200.15232849121094,201.91000366210938,208.69000244140625,201.05999755859375,208.42999267578125,31359900,META
2020-02-03,202.41249084472656,204.19000244140625,205.13999938964844,202.5,203.44000244140625,15495600,META
2020-02-04,208.00338745117188,209.8300018310547,210.60000610351562,205.1999969482422,206.6199951171875,19628900,META
2020-02-05,208.28097534179688,210.11000061035156,212.72999572753906,208.7100067138672,212.50999450683594,12538200,META
2020-02-06,209.0145263671875,210.85000610351562,211.19000244140625,209.33999633789062,210.47000122070312,10567500,META
2020-02-07,210.4816436767578,212.3300018310547,212.82000732421875,209.92999267578125,210.3000030517578,12242500,META
2020-02-10,211.20529174804688,213.05999755859375,213.8000030517578,210.66000366210938,211.52000427246094,11856400,META
2020-02-11,205.38636779785156,207.19000244140625,210.86000061035156,206.50999450683594,210.19000244140625,25030800,META
2020-02-12,208.92532348632812,210.75999450683594,211.22000122070312,207.39999389648438,207.85000610351562,13813700,META
2020-02-13,211.2845916748047,213.13999938964844,214.3300018310547,209.17999267578125,209.52000427246094,15396600,META
2020-02-14,212.31552124023438,214.17999267578125,214.92999267578125,212.64999389648438,214.0,10741700,META
2020-02-18,215.90402221679688,217.8000030517578,217.97999572753906,213.39999389648438,213.5500030517578,15609200,META
2020-02-19,215.59674072265625,217.49000549316406,218.32000732421875,216.11000061035156,217.99000549316406,12135100,META
2020-02-20,212.71205139160156,214.5800018310547,218.77000427246094,212.9499969482422,216.52000427246094,13109200,META
2020-02-21,208.350341796875,210.17999267578125,214.24000549316406,208.8300018310547,213.47999572753906,14092300,META
2020-02-24,198.9727020263672,200.72000122070312,203.64999389648438,198.1699981689453,201.8000030517578,23080100,META
2020-02-25,195.05709838867188,196.77000427246094,203.5,195.9499969482422,202.25,21433500,META
2020-02-26,195.4833221435547,197.1999969482422,201.2100067138672,195.49000549316406,197.19000244140625,16524500,META
2020-02-27,188.09820556640625,189.75,195.8800048828125,189.5,191.82000732421875,21682600,META
2020-02-28,190.79454040527344,192.47000122070312,192.74000549316406,181.82000732421875,182.6999969482422,32568900,META
2020-03-02,194.72996520996094,196.44000244140625,196.57000732421875,188.85000610351562,194.02999877929688,24949000,META
2020-03-03,184.2718048095703,185.88999938964844,197.24000549316406,183.97000122070312,196.22000122070312,27984100,META
2020-03-04,190.0906982421875,191.75999450683594,191.8300018310547,186.38999938964844,189.1699981689453,23062500,META
2020-03-05,183.55809020996094,185.1699981689453,188.99000549316406,183.88999938964844,186.77999877929688,19333400,META
2020-03-06,179.51358032226562,181.08999633789062,183.77999877929688,176.25999450683594,178.3300018310547,24559600,META
2020-03-09,168.0244598388672,169.5,175.0,165.19000244140625,169.60000610351562,29949000,META
2020-03-10,176.63880920410156,178.19000244140625,178.2899932861328,169.5,174.6699981689453,24517800,META
2020-03-11,168.75804138183594,170.24000549316406,175.8800048828125,167.66000366210938,174.00999450683594,20373900,META
2020-03-12,153.12530517578125,154.47000122070312,166.60000610351562,154.33999633789062,159.5399932861328,43266300,META
2020-03-13,168.7976837158203,170.27999877929688,170.7899932861328,157.60000610351562,163.52999877929688,35028600,META
2020-03-16,144.73895263671875,146.00999450683594,159.1300048828125,143.10000610351562,152.32000732421875,39120400,META
2020-03-17,148.11929321289062,149.4199981689453,153.94000244140625,140.0,150.74000549316406,34255600,META
2020-03-18,145.6807098388672,146.9600067138672,148.17999267578125,137.10000610351562,139.75,37553100,META
2020-03-19,151.79698181152344,153.1300048828125,159.92999267578125,144.8000030517578,146.6199951171875,39862300,META
2020-03-20,148.4265899658203,149.72999572753906,159.27000427246094,148.0,156.02000427246094,32568400,META
2020-03-23,146.81077575683594,148.10000610351562,152.30999755859375,142.25,149.66000366210938,29830800,META
2020-03-24,159.57867431640625,160.97999572753906,161.30999755859375,152.57000732421875,155.2100067138672,30440400,META
2020-03-25,154.85018920898438,156.2100067138672,162.99000549316406,153.05999755859375,158.9199981689453,35184300,META
2020-03-26,161.9180908203125,163.33999633789062,164.0,157.02000427246094,158.25,26556800,META
2020-03-27,155.42514038085938,156.7899932861328,160.08999633789062,154.75,158.1999969482422,24879900,META
2020-03-30,164.50537109375,165.9499969482422,166.75,158.05999755859375,159.17999267578125,22515200,META
2020-03-31,165.3480224609375,166.8000030517578,170.92999267578125,164.1999969482422,165.47999572753906,23676300,META
2020-04-01,158.21066284179688,159.60000610351562,164.14999389648438,158.0399932861328,161.6199951171875,19507600,META
2020-04-02,156.81292724609375,158.19000244140625,161.35000610351562,155.9199981689453,159.10000610351562,20886300,META
2020-04-03,152.8378143310547,154.17999267578125,157.91000366210938,150.8300018310547,157.14999389648438,25983300,META
2020-04-06,164.10888671875,165.5500030517578,166.1999969482422,158.50999450683594,160.14999389648438,28453600,META
2020-04-07,167.36033630371094,168.8300018310547,173.38999938964844,166.00999450683594,171.7899932861328,31411900,META
2020-04-08,172.76284790039062,174.27999877929688,175.0,167.74000549316406,171.25,21664200,META
2020-04-09,173.66493225097656,175.19000244140625,177.0800018310547,171.57000732421875,175.89999389648438,23534300,META
2020-04-13,173.26844787597656,174.7899932861328,175.0,169.4499969482422,173.6699981689453,19355400,META
2020-04-14,176.61898803710938,178.1699981689453,181.22999572753906,176.6199951171875,178.97999572753906,21011800,META
2020-04-15,175.4294891357422,176.97000122070312,178.19000244140625,172.82000732421875,175.19000244140625,17423000,META
2020-04-16,174.71571350097656,176.25,178.0500030517578,172.50999450683594,177.9499969482422,23593200,META
2020-04-17,177.67967224121094,179.24000549316406,180.27999877929688,176.66000366210938,179.1999969482422,20974800,META
2020-04-20,176.6884002685547,178.24000549316406,180.5,176.77000427246094,177.41000366210938,16110700,META
2020-04-21,169.3131866455078,170.8000030517578,175.3800048828125,168.33999633789062,175.25,24850500,META
2020-04-22,180.69322204589844,182.27999877929688,184.77999877929688,178.13999938964844,178.4499969482422,33242000,META
2020-04-23,183.51841735839844,185.1300048828125,187.0500030517578,183.14999389648438,184.0800018310547,21426600,META
2020-04-24,188.41543579101562,190.07000732421875,190.41000366210938,180.8300018310547,183.22999572753906,28792000,META
2020-04-27,185.86778259277344,187.5,193.75,187.41000366210938,192.66000366210938,29197800,META
2020-04-28,181.3177490234375,182.91000366210938,189.1999969482422,182.55999755859375,188.66000366210938,21731000,META
2020-04-29,192.49954223632812,194.19000244140625,196.91000366210938,190.0,190.92999267578125,45954500,META
2020-04-30,202.927978515625,204.7100067138672,209.69000244140625,201.57000732421875,206.9199981689453,46230100,META
2020-05-01,200.50921630859375,202.27000427246094,207.27999877929688,199.0500030517578,201.60000610351562,30415600,META
2020-05-04,203.47317504882812,205.25999450683594,205.91000366210938,198.75999450683594,200.1999969482422,19250700,META
2020-05-05,205.26744079589844,207.07000732421875,210.3800048828125,206.5,207.02000427246094,21071200,META
2020-05-06,206.65524291992188,208.47000122070312,211.60000610351562,206.66000366210938,208.1199951171875,21857000,META
2020-05-07,209.42092895507812,211.25999450683594,211.60000610351562,209.0399932861328,211.16000366210938,15152000,META
2020-05-08,210.50149536132812,212.35000610351562,213.2100067138672,210.85000610351562,212.24000549316406,12506000,META
2020-05-11,211.32424926757812,213.17999267578125,215.0,210.3699951171875,210.88999938964844,12911900,META
2020-05-12,208.27105712890625,210.10000610351562,215.27999877929688,210.0,213.2899932861328,14704600,META
2020-05-13,203.31459045410156,205.10000610351562,210.77999877929688,202.11000061035156,209.42999267578125,20684600,META
2020-05-14,205.00970458984375,206.80999755859375,206.92999267578125,200.69000244140625,202.55999755859375,17178900,META
2020-05-15,209.04428100585938,210.8800048828125,211.33999633789062,204.1199951171875,205.27000427246094,19383200,META
2020-05-18,211.33416748046875,213.19000244140625,214.63999938964844,210.94000244140625,212.14999389648438,20151900,META
2020-05-19,214.99203491210938,216.8800048828125,220.49000549316406,212.8300018310547,213.27000427246094,31843200,META
2020-05-20,227.9680633544922,229.97000122070312,231.33999633789062,223.19000244140625,223.5,50162900,META
2020-05-21,229.375732421875,231.38999938964844,237.1999969482422,231.1999969482422,234.72000122070312,47782600,META
2020-05-22,232.86508178710938,234.91000366210938,235.99000549316406,228.74000549316406,231.50999450683594,33925600,META
2020-05-26,230.1786651611328,232.1999969482422,240.89999389648438,231.6699981689453,239.77000427246094,33178300,META
2020-05-27,227.1453094482422,229.13999938964844,230.55999755859375,221.1300048828125,229.07000732421875,34697600,META
2020-05-28,223.49732971191406,225.4600067138672,231.6300048828125,224.0,224.3000030517578,29377200,META
2020-05-29,223.13055419921875,225.08999633789062,227.49000549316406,222.8800048828125,225.1999969482422,23241500,META
2020-06-01,229.8911895751953,231.91000366210938,232.44000244140625,223.5,224.58999633789062,18223800,META
2020-06-02,230.69415283203125,232.72000122070312,233.0,226.55999755859375,230.94000244140625,20919000,META
2020-06-03,228.15643310546875,230.16000366210938,232.64999389648438,228.52999877929688,232.11000061035156,15380300,META
2020-06-04,224.32012939453125,226.2899932861328,231.6300048828125,224.61000061035156,229.55999755859375,17041500,META
2020-06-05,228.76109313964844,230.77000427246094,231.35000610351562,225.30999755859375,226.7100067138672,16750400,META
2020-06-08,229.3856201171875,231.39999389648438,231.5500030517578,227.41000366210938,229.02999877929688,15466500,META
2020-06-09,236.5923614501953,238.6699981689453,239.77000427246094,230.41000366210938,231.52000427246094,27462900,META
2020-06-10,234.66921997070312,236.72999572753906,241.2100067138672,235.27999877929688,240.9600067138672,20720700,META
2020-06-11,222.47630310058594,224.42999267578125,232.88999938964844,223.5500030517578,229.94000244140625,26708200,META
2020-06-12,226.5901641845703,228.5800018310547,231.66000366210938,224.5,229.89999389648438,22091400,META
2020-06-15,230.47604370117188,232.5,233.77000427246094,224.8000030517578,225.08999633789062,15340300,META
2020-06-16,233.5986328125,235.64999389648438,238.4600067138672,233.0,237.13999938964844,15236700,META
2020-06-17,233.47967529296875,235.52999877929688,237.58999633789062,231.72999572753906,235.0,19578100,META
2020-06-18,233.88612365722656,235.94000244140625,236.13999938964844,232.14999389648438,234.99000549316406,15782500,META
2020-06-19,236.7113037109375,238.7899932861328,240.8300018310547,235.5500030517578,237.7899932861328,30081300,META
2020-06-22,237.13758850097656,239.22000122070312,240.6999969482422,236.91000366210938,238.55999755859375,18917800,META
2020-06-23,240.13128662109375,242.24000549316406,245.19000244140625,239.86000061035156,241.27999877929688,24017900,META
2020-06-24,231.9828338623047,234.02000427246094,243.22000122070312,232.67999267578125,241.1999969482422,20834900,META
2020-06-25,233.62838745117188,235.67999267578125,237.3000030517578,232.74000549316406,234.6199951171875,18704300,META
2020-06-26,214.19900512695312,216.0800018310547,233.08999633789062,215.39999389648438,232.63999938964844,76343900,META
2020-06-29,218.7193145751953,220.63999938964844,220.75,207.11000061035156,209.75,58514300,META
2020-06-30,225.0933380126953,227.07000732421875,227.5,218.47000122070312,220.58999633789062,33927100,META
2020-07-01,235.4821014404297,237.5500030517578,239.0,227.55999755859375,228.5,43399700,META
2020-07-02,231.3880615234375,233.4199981689453,240.0,232.61000061035156,239.0,30633600,META
2020-07-06,238.18832397460938,240.27999877929688,240.39999389648438,232.27000427246094,233.75999450683594,26206200,META
2020-07-07,238.76327514648438,240.86000061035156,247.64999389648438,238.82000732421875,239.41000366210938,27887800,META
2020-07-08,241.45960998535156,243.5800018310547,246.99000549316406,236.58999633789062,238.11000061035156,29791300,META
2020-07-09,242.37159729003906,244.5,246.52999877929688,239.24000549316406,245.0,22174900,META
2020-07-10,242.93663024902344,245.07000732421875,245.49000549316406,239.32000732421875,243.69000244140625,22982700,META
2020-07-13,236.9194793701172,239.0,250.14999389648438,238.4199981689453,247.00999450683594,24674900,META
2020-07-14,237.6431121826172,239.72999572753906,240.3300018310547,232.02999877929688,236.75999450683594,23378100,META
2020-07-15,238.18832397460938,240.27999877929688,244.82000732421875,238.0500030517578,241.5500030517578,19133600,META
2020-07-16,238.8326873779297,240.92999267578125,241.75999450683594,236.3300018310547,238.0,18880700,META
2020-07-17,239.92308044433594,242.02999877929688,244.16000366210938,237.86000061035156,241.0,18152400,META
2020-07-20,243.28358459472656,245.4199981689453,246.0500030517578,235.63999938964844,240.05999755859375,20872200,META
2020-07-21,239.6455078125,241.75,246.91000366210938,240.0800018310547,246.22000122070312,19364200,META
2020-07-22,237.7819061279297,239.8699951171875,241.89999389648438,238.1199951171875,240.25999450683594,15427900,META
2020-07-23,230.5751953125,232.60000610351562,242.4199981689453,231.75,239.6300048828125,21771800,META
2020-07-24,228.70164489746094,230.7100067138672,233.49000549316406,226.89999389648438,230.19000244140625,18325800,META
2020-07-27,231.4673614501953,233.5,234.9499969482422,230.8300018310547,231.4600067138672,13163100,META
2020-07-28,228.11676025390625,230.1199951171875,234.9600067138672,229.8300018310547,234.6300048828125,14170100,META
2020-07-29,231.25918579101562,233.2899932861328,233.6999969482422,230.30999755859375,231.13999938964844,13588300,META
2020-07-30,232.45864868164062,234.5,234.88999938964844,229.0,230.22000122070312,20615300,META
2020-07-31,251.46177673339844,253.6699981689453,255.85000610351562,249.0,255.82000732421875,53005100,META
2020-08-03,249.76666259765625,251.9600067138672,255.39999389648438,250.3300018310547,252.64999389648438,23124900,META
2020-08-04,247.6551971435547,249.8300018310547,252.8000030517578,247.42999267578125,251.55999755859375,17183500,META
2020-08-05,246.9513702392578,249.1199951171875,252.27000427246094,247.77000427246094,250.19000244140625,13050100,META
2020-08-06,262.970703125,265.2799987792969,266.6000061035156,248.6699981689453,249.0399932861328,45241600,META
2020-08-07,266.1031799316406,268.44000244140625,278.8900146484375,263.42999267578125,264.0799865722656,72766400,META
2020-08-10,260.7105712890625,263.0,273.8599853515625,259.69000244140625,268.0400085449219,30248800,META
2020-08-11,253.90032958984375,256.1300048828125,265.9200134277344,255.1300048828125,260.19000244140625,28238300,META
2020-08-12,257.6275939941406,259.8900146484375,263.8999938964844,258.1099853515625,258.9700012207031,21415700,META
2020-08-13,259.0253601074219,261.29998779296875,265.1600036621094,259.57000732421875,261.54998779296875,17374000,META
2020-08-14,258.9658203125,261.239990234375,262.6499938964844,258.67999267578125,262.30999755859375,14792700,META
2020-08-17,258.88653564453125,261.1600036621094,264.1000061035156,259.3999938964844,262.5,13351100,META
2020-08-18,260.0562744140625,262.3399963378906,265.1499938964844,259.260009765625,260.95001220703125,18690400,META
2020-08-19,260.3040771484375,262.5899963378906,267.9100036621094,261.3500061035156,261.3900146484375,23291500,META
2020-08-20,266.6683044433594,269.010009765625,269.6300048828125,261.4599914550781,261.5,20299700,META
2020-08-21,264.6856689453125,267.010009765625,270.489990234375,266.4200134277344,268.69000244140625,15538600,META
2020-08-24,269.0275573730469,271.3900146484375,277.25,268.7699890136719,271.07000732421875,23685600,META
2020-08-25,278.37542724609375,280.82000732421875,283.0899963378906,270.260009765625,272.4100036621094,42127200,META
2020-08-26,301.2644348144531,303.9100036621094,304.6700134277344,284.0,284.0,69015200,META
2020-08-27,290.6675109863281,293.2200012207031,301.2300109863281,292.0199890136719,300.1600036621094,30301300,META
2020-08-28,291.10357666015625,293.6600036621094,297.2300109863281,290.9800109863281,295.0,17157400,META
2020-08-31,290.64764404296875,293.20001220703125,296.8800048828125,291.54998779296875,293.95001220703125,17345100,META
2020-09-01,292.8681640625,295.44000244140625,301.489990234375,292.7099914550781,294.7099914550781,17295900,META
2020-09-02,299.86669921875,302.5,303.6000061035156,293.04998779296875,298.8800048828125,24341400,META
2020-09-03,288.5857849121094,291.1199951171875,297.6000061035156,283.6300048828125,295.989990234375,32294100,META
2020-09-04,280.2688293457031,282.7300109863281,289.0,271.1400146484375,287.25,30333700,META
2020-09-08,268.7994689941406,271.1600036621094,279.29998779296875,269.4200134277344,271.2799987792969,24864000,META
2020-09-09,271.33721923828125,273.7200012207031,278.4800109863281,271.3500061035156,275.7699890136719,22918800,META
2020-09-10,265.7562255859375,268.0899963378906,279.1600036621094,267.0299987792969,275.510009765625,24814700,META
2020-09-11,264.28912353515625,266.6099853515625,271.3900146484375,262.6400146484375,270.05999755859375,18913900,META
2020-09-14,263.8331298828125,266.1499938964844,276.6400146484375,265.70001220703125,270.95001220703125,24093800,META
2020-09-15,270.0485534667969,272.4200134277344,274.5199890136719,269.29998779296875,270.6700134277344,18478500,META
2020-09-16,261.2260437011719,263.5199890136719,272.44000244140625,261.7900085449219,267.2900085449219,29183400,META
2020-09-17,252.60174560546875,254.82000732421875,261.5,250.19000244140625,258.2799987792969,31281400,META
2020-09-18,250.3317108154297,252.52999877929688,259.20001220703125,250.0500030517578,258.3999938964844,28130800,META
2020-09-21,245.98980712890625,248.14999389648438,249.9499969482422,244.1300048828125,247.5399932861328,24709400,META
2020-09-22,252.53236389160156,254.75,255.32000732421875,248.22000122070312,253.30999755859375,30293100,META
2020-09-23,246.8522491455078,249.02000427246094,257.989990234375,248.14999389648438,255.25999450683594,19641300,META
2020-09-24,247.3577880859375,249.52999877929688,252.24000549316406,245.6199951171875,246.5,20006800,META
2020-09-25,252.60174560546875,254.82000732421875,255.75,246.61000061035156,249.39999389648438,18351300,META
2020-09-28,254.5843505859375,256.82000732421875,259.6000061035156,254.82000732421875,259.3999938964844,18826300,META
2020-09-29,259.51104736328125,261.7900085449219,263.3299865722656,256.8999938964844,257.80999755859375,20200200,META
2020-09-30,259.6201477050781,261.8999938964844,266.0799865722656,260.1000061035156,261.9800109863281,20142500,META
2020-10-01,264.3089599609375,266.6300048828125,268.3299865722656,264.79998779296875,265.3500061035156,20009800,META
2020-10-02,257.6772155761719,259.94000244140625,265.1499938964844,259.17999267578125,261.2099914550781,16367600,META
2020-10-05,262.3462219238281,264.6499938964844,264.8699951171875,260.8399963378906,262.20001220703125,12822300,META
2020-10-06,256.4083251953125,258.6600036621094,265.69000244140625,258.239990234375,261.7799987792969,18696900,META
2020-10-07,255.873046875,258.1199951171875,260.17999267578125,254.82000732421875,259.2099914550781,23133400,META
2020-10-08,261.4638977050781,263.760009765625,264.6199951171875,259.1499938964844,259.75,16312800,META
2020-10-09,262.1479797363281,264.45001220703125,264.75,262.1700134277344,264.5199890136719,14107800,META
2020-10-12,273.349609375,275.75,280.17999267578125,267.8699951171875,270.20001220703125,31019300,META
2020-10-13,273.73614501953125,276.1400146484375,279.1000061035156,273.3900146484375,277.5799865722656,18063300,META
2020-10-14,269.4538269042969,271.82000732421875,278.75,271.5,277.6199951171875,15577800,META
2020-10-15,264.398193359375,266.7200012207031,269.0400085449219,263.6700134277344,267.6000061035156,15416100,META
2020-10-16,263.6150817871094,265.92999267578125,271.3699951171875,265.29998779296875,267.3800048828125,16622700,META
2020-10-19,259.1244812011719,261.3999938964844,268.54998779296875,259.8800048828125,265.5299987792969,13587000,META
2020-10-20,265.2308654785156,267.55999755859375,269.70001220703125,262.8800048828125,263.05999755859375,18763200,META
2020-10-21,276.3036193847656,278.7300109863281,283.04998779296875,276.3699951171875,279.55999755859375,28998600,META
2020-10-22,275.698974609375,278.1199951171875,282.45001220703125,275.0400085449219,279.8699951171875,16720000,META
2020-10-23,282.3108825683594,284.7900085449219,285.239990234375,276.82000732421875,278.79998779296875,17535200,META
2020-10-26,274.6976623535156,277.1099853515625,285.2300109863281,274.260009765625,283.1600036621094,21322900,META
2020-10-27,280.8238830566406,283.2900085449219,284.510009765625,276.30999755859375,278.760009765625,16287200,META
2020-10-28,265.3398742675781,267.6700134277344,278.7900085449219,267.260009765625,278.7900085449219,23121800,META
2020-10-29,278.3853454589844,280.8299865722656,283.6000061035156,273.7799987792969,276.54998779296875,32368100,META
2020-10-30,260.819580078125,263.1099853515625,276.70001220703125,259.1000061035156,274.5,47247800,META
2020-11-02,259.0848388671875,261.3599853515625,270.4700012207031,257.3399963378906,264.6000061035156,27165700,META
2020-11-03,262.9905090332031,265.29998779296875,270.04998779296875,260.8800048828125,263.1600036621094,17961900,META
2020-11-04,284.8783264160156,287.3800048828125,288.94000244140625,278.6199951171875,281.0,35364400,META
2020-11-05,292.11474609375,294.67999267578125,297.3800048828125,288.95001220703125,291.8999938964844,23823600,META
2020-11-06,290.8558654785156,293.4100036621094,294.6000061035156,288.05999755859375,293.95001220703125,13891000,META
2020-11-09,276.34326171875,278.7699890136719,292.5799865722656,278.5299987792969,289.8699951171875,25117700,META
2020-11-10,270.0584716796875,272.42999267578125,274.0,264.0,273.1000061035156,29067700,META
2020-11-11,274.0732116699219,276.4800109863281,278.3999938964844,272.4800109863281,273.4700012207031,14957000,META
2020-11-12,272.6853332519531,275.0799865722656,279.75,274.42999267578125,277.17999267578125,12899500,META
2020-11-13,274.5391540527344,276.95001220703125,277.760009765625,273.1000061035156,277.7200012207031,10391200,META
2020-11-16,276.5316162109375,278.9599914550781,279.4100036621094,274.6300048828125,275.04998779296875,12970400,META
2020-11-17,272.6060791015625,275.0,277.67999267578125,273.2900085449219,277.67999267578125,15040300,META
2020-11-18,269.60247802734375,271.9700012207031,277.3900146484375,271.8399963378906,274.5199890136719,12152900,META
2020-11-19,270.56402587890625,272.94000244140625,273.4700012207031,269.19000244140625,271.0199890136719,12963700,META
2020-11-20,267.352294921875,269.70001220703125,273.0,269.4100036621094,272.55999755859375,18114700,META
2020-11-23,266.09326171875,268.42999267578125,270.95001220703125,264.5299987792969,270.8900146484375,20990800,META
2020-11-24,274.5093688964844,276.9200134277344,277.82000732421875,267.8699951171875,268.489990234375,16930400,META
2020-11-25,273.1909484863281,275.5899963378906,280.17999267578125,272.6499938964844,278.1400146484375,12467000,META
2020-11-27,275.3916320800781,277.80999755859375,279.1300048828125,274.82000732421875,277.3900146484375,7808400,META
2020-11-30,274.5589294433594,276.9700012207031,277.70001220703125,271.010009765625,276.0299987792969,16693300,META
2020-12-01,284.0555114746094,286.54998779296875,289.29998779296875,278.9599914550781,279.1600036621094,20738900,META
2020-12-02,285.01708984375,287.5199890136719,291.7799987792969,280.8299865722656,285.3599853515625,17361600,META
2020-12-03,279.39642333984375,281.8500061035156,286.6499938964844,281.07000732421875,286.25,12921700,META
2020-12-04,277.26519775390625,279.70001220703125,283.4599914550781,279.29998779296875,280.29998779296875,10880300,META
2020-12-07,283.0939636230469,285.5799865722656,288.489990234375,278.20001220703125,279.19000244140625,13007700,META
2020-12-08,280.9329833984375,283.3999938964844,286.42999267578125,281.54998779296875,286.010009765625,10747700,META
2020-12-09,275.5007019042969,277.9200134277344,287.6300048828125,271.75,283.6600036621094,25189700,META
2020-12-10,274.7076110839844,277.1199951171875,278.7300109863281,271.8599853515625,275.5400085449219,20065100,META
2020-12-11,271.1686706542969,273.54998779296875,276.4800109863281,270.25,274.5299987792969,14391400,META
2020-12-14,271.8031311035156,274.19000244140625,277.2200012207031,271.55999755859375,273.3699951171875,16376900,META
2020-12-15,273.1512756347656,275.54998779296875,276.0799865722656,267.4700012207031,274.8299865722656,23979500,META
2020-12-16,273.270263671875,275.6700134277344,277.8599853515625,272.510009765625,274.760009765625,15885000,META
2020-12-17,272.09063720703125,274.4800109863281,280.44000244140625,273.6099853515625,277.07000732421875,16377800,META
2020-12-18,273.993896484375,276.3999938964844,278.0,271.1400146484375,275.7699890136719,26693200,META
2020-12-21,270.4153137207031,272.7900085449219,274.6700134277344,267.7900085449219,272.9800109863281,16553700,META
2020-12-22,264.7649841308594,267.0899963378906,271.5,264.6300048828125,271.5,17312900,META
2020-12-23,265.7760925292969,268.1099853515625,272.1700134277344,266.2300109863281,266.8900146484375,14329000,META
2020-12-24,265.07220458984375,267.3999938964844,270.3999938964844,266.20001220703125,268.8800048828125,6702000,META
2020-12-28,274.588623046875,277.0,277.29998779296875,265.6600036621094,268.739990234375,23299700,META
2020-12-29,274.37060546875,276.7799987792969,280.510009765625,276.2799987792969,276.95001220703125,16383000,META
2020-12-30,269.50335693359375,271.8699951171875,278.0799865722656,271.7099914550781,277.95001220703125,11803800,META
2020-12-31,270.78216552734375,273.1600036621094,277.0899963378906,269.80999755859375,272.0,12900400,META
2021-01-04,266.5988464355469,268.94000244140625,275.0,265.20001220703125,274.7799987792969,15106100,META
2021-01-05,268.61114501953125,270.9700012207031,272.3999938964844,268.2099914550781,268.2900085449219,9871600,META
2021-01-06,261.0178527832031,263.30999755859375,267.75,260.010009765625,262.0,24354100,META
2021-01-07,266.40057373046875,268.739990234375,271.6099853515625,264.7799987792969,265.8999938964844,15789800,META
2021-01-08,265.24078369140625,267.57000732421875,268.95001220703125,263.17999267578125,268.30999755859375,18528300,META
2021-01-11,254.60415649414062,256.8399963378906,263.4700012207031,255.89999389648438,260.4800109863281,30412300,META
2021-01-12,248.9042205810547,251.08999633789062,259.7200012207031,250.3000030517578,256.6300048828125,26383500,META
2021-01-13,249.44944763183594,251.63999938964844,253.9499969482422,249.1999969482422,251.5500030517578,19528900,META
2021-01-14,243.5016632080078,245.63999938964844,255.02999877929688,244.61000061035156,253.39999389648438,29739400,META
2021-01-15,249.17189025878906,251.36000061035156,253.86000061035156,247.16000366210938,247.89999389648438,24942900,META
2021-01-19,258.82708740234375,261.1000061035156,262.20001220703125,252.72000122070312,256.8999938964844,28028500,META
2021-01-20,265.15155029296875,267.4800109863281,270.32000732421875,263.6000061035156,268.92999267578125,25199900,META
2021-01-21,270.49462890625,272.8699951171875,273.6000061035156,267.489990234375,269.260009765625,20838700,META
2021-01-22,272.1103820800781,274.5,278.4700012207031,272.0,272.010009765625,21954000,META
2021-01-25,275.58984375,278.010009765625,280.1000061035156,271.510009765625,278.1400146484375,19087000,META
2021-01-26,279.5946960449219,282.04998779296875,285.3900146484375,277.80999755859375,278.1400146484375,19373600,META
2021-01-27,269.77105712890625,272.1400146484375,283.45001220703125,268.1199951171875,282.5299987792969,35346200,META
2021-01-28,262.69317626953125,265.0,286.7900085449219,264.70001220703125,277.17999267578125,37758800,META
2021-01-29,256.08123779296875,258.3299865722656,266.55999755859375,254.85000610351562,265.29998779296875,30389500,META
2021-02-01,259.72918701171875,262.010009765625,264.1700134277344,254.91000366210938,259.5199890136719,22914300,META
2021-02-02,264.7549743652344,267.0799865722656,268.8500061035156,263.2699890136719,264.0,17320800,META
2021-02-03,264.3287658691406,266.6499938964844,269.20001220703125,263.8399963378906,265.6199951171875,14223400,META
2021-02-04,264.1701965332031,266.489990234375,268.1600036621094,264.0,267.010009765625,16060000,META
2021-02-05,265.7661437988281,268.1000061035156,269.1700134277344,265.6700134277344,266.79998779296875,12454400,META
2021-02-08,264.25933837890625,266.5799865722656,269.8599853515625,265.0,268.75,13755200,META
2021-02-09,267.1043701171875,269.45001220703125,273.3900146484375,265.75,266.44000244140625,14613400,META
2021-02-10,269.50335693359375,271.8699951171875,273.79998779296875,267.7200012207031,272.45001220703125,14687200,META
2021-02-11,268.0362548828125,270.3900146484375,273.5799865722656,268.489990234375,271.8900146484375,12828600,META
2021-02-12,268.1452941894531,270.5,271.17999267578125,268.3399963378906,270.5199890136719,9097600,META
2021-02-16,271.5850524902344,273.9700012207031,276.6000061035156,270.04998779296875,270.79998779296875,15417200,META
2021-02-17,271.1885986328125,273.57000732421875,273.9700012207031,269.5799865722656,271.239990234375,12763200,META
2021-02-18,267.04498291015625,269.3900146484375,271.95001220703125,266.0299987792969,269.57000732421875,15249100,META
2021-02-19,259.28302001953125,261.55999755859375,270.2699890136719,260.1499938964844,269.8599853515625,25622600,META
2021-02-22,258.0638122558594,260.3299865722656,263.07000732421875,257.5299987792969,257.95001220703125,17434900,META
2021-02-23,263.5456848144531,265.8599853515625,267.4599914550781,254.9600067138672,259.5,21924600,META
2021-02-24,262.0091857910156,264.30999755859375,266.3800048828125,258.3900146484375,262.3299865722656,15736100,META
2021-02-25,252.472900390625,254.69000244140625,266.94000244140625,254.0399932861328,262.29998779296875,19053100,META
2021-02-26,255.37738037109375,257.6199951171875,265.54998779296875,256.4700012207031,256.4700012207031,26619500,META
2021-03-01,262.60394287109375,264.9100036621094,266.6499938964844,257.8999938964844,260.82000732421875,22157300,META
2021-03-02,256.74542236328125,259.0,266.7099914550781,258.6499938964844,265.7799987792969,15191700,META
2021-03-03,253.18663024902344,255.41000366210938,260.989990234375,255.10000610351562,260.2900085449219,15513500,META
2021-03-04,255.39723205566406,257.6400146484375,266.489990234375,253.5,256.4700012207031,31626500,META
2021-03-05,261.9794616699219,264.2799987792969,265.45001220703125,255.61000061035156,260.6700134277344,26820100,META
2021-03-08,253.0874786376953,255.30999755859375,265.5799865722656,255.0500030517578,265.54998779296875,18391800,META
2021-03-09,263.4267272949219,265.739990234375,268.5299987792969,259.80999755859375,261.17999267578125,22039700,META
2021-03-10,262.5940246582031,264.8999938964844,268.9700012207031,262.8699951171875,268.6400146484375,14210300,META
2021-03-11,271.4958801269531,273.8800048828125,277.8999938964844,267.82000732421875,268.1099853515625,21834000,META
2021-03-12,266.06353759765625,268.3999938964844,269.739990234375,264.0199890136719,269.1400146484375,20600200,META
2021-03-15,271.366943359375,273.75,275.9599914550781,268.5,269.0799865722656,16844800,META
2021-03-16,276.84881591796875,279.2799987792969,282.1400146484375,274.79998779296875,276.0799865722656,22437700,META
2021-03-17,281.5376892089844,284.010009765625,286.2300109863281,275.4100036621094,275.7099914550781,21315000,META
2021-03-18,276.1946105957031,278.6199951171875,285.19000244140625,278.2799987792969,279.8699951171875,18728300,META
2021-03-19,287.5845031738281,290.1099853515625,292.79998779296875,281.20001220703125,281.2200012207031,38930500,META
2021-03-22,290.9847106933594,293.5400085449219,299.7099914550781,286.75,290.45001220703125,28273100,META
2021-03-23,288.10003662109375,290.6300048828125,298.0,289.80999755859375,293.1499938964844,23000900,META
2021-03-24,279.6839599609375,282.1400146484375,291.7200012207031,281.1600036621094,291.0,18675000,META
2021-03-25,276.31353759765625,278.739990234375,288.05999755859375,277.75,280.9800109863281,24505600,META
2021-03-26,280.5563049316406,283.0199890136719,284.5,277.7699890136719,278.29998779296875,17629200,META
2021-03-29,288.28839111328125,290.82000732421875,293.17999267578125,284.70001220703125,285.7699890136719,21718800,META
2021-03-30,285.4929504394531,288.0,292.4700012207031,286.70001220703125,289.8299865722656,17474500,META
2021-03-31,291.9660339355469,294.5299987792969,296.5,288.6099853515625,289.989990234375,19498200,META
2021-04-01,296.06011962890625,298.6600036621094,302.3999938964844,296.6000061035156,298.3999938964844,17616000,META
2021-04-05,306.22088623046875,308.9100036621094,310.7699890136719,300.67999267578125,300.8900146484375,28237000,META
2021-04-06,303.5939636230469,306.260009765625,311.3500061035156,305.25,308.8399963378906,17335200,META
2021-04-07,310.3644714355469,313.0899963378906,314.25,305.5,306.3399963378906,22855200,META
2021-04-08,310.2951354980469,313.0199890136719,315.8800048828125,310.04998779296875,314.8500061035156,20894100,META
2021-04-09,309.7399597167969,312.4599914550781,314.739990234375,310.3299865722656,311.3999938964844,15988600,META
2021-04-12,308.8280029296875,311.5400085449219,312.1499938964844,307.92999267578125,311.04998779296875,10881900,META
2021-04-13,307.0635070800781,309.760009765625,314.42999267578125,309.32000732421875,312.2099914550781,14036900,META
2021-04-14,300.18389892578125,302.82000732421875,308.0299987792969,301.95001220703125,307.29998779296875,17421400,META
2021-04-15,305.1404113769531,307.82000732421875,310.1400146484375,304.1000061035156,306.3399963378906,14558300,META
2021-04-16,303.5146789550781,306.17999267578125,308.95001220703125,304.6099853515625,308.1700134277344,13059200,META
2021-04-19,299.6089782714844,302.239990234375,307.70001220703125,300.55999755859375,305.010009765625,14553500,META
2021-04-20,300.0153503417969,302.6499938964844,305.1000061035156,297.2099914550781,301.989990234375,16796400,META
2021-04-21,298.84564208984375,301.4700012207031,301.9800109863281,297.3900146484375,301.95001220703125,14863500,META
2021-04-22,293.9387512207031,296.5199890136719,302.9200134277344,296.0400085449219,301.3299865722656,16375400,META
2021-04-23,298.50860595703125,301.1300048828125,302.5899963378906,297.1499938964844,298.760009765625,17536800,META
2021-04-26,300.40203857421875,303.0400085449219,305.79998779296875,301.55999755859375,303.3399963378906,16172600,META
2021-04-27,300.9274597167969,303.57000732421875,305.3399963378906,301.1099853515625,304.2799987792969,15309300,META
2021-04-28,304.4267272949219,307.1000061035156,310.9200134277344,305.3699951171875,307.3599853515625,33907200,META
2021-04-29,326.6415710449219,329.510009765625,331.80999755859375,321.6099853515625,330.1199951171875,56526800,META
2021-04-30,322.2501525878906,325.0799865722656,329.82000732421875,324.5,326.1400146484375,26332400,META
2021-05-03,319.7718811035156,322.5799865722656,328.54998779296875,321.8399963378906,326.1700134277344,18719500,META
2021-05-04,315.5886535644531,318.3599853515625,322.19000244140625,313.1199951171875,320.0199890136719,24032600,META
2021-05-05,312.2777099609375,315.0199890136719,321.05999755859375,314.489990234375,318.19000244140625,15577600,META
2021-05-06,317.2342224121094,320.0199890136719,320.239990234375,313.2699890136719,314.5199890136719,19012200,META
2021-05-07,316.3023681640625,319.0799865722656,322.94000244140625,318.75,322.3800048828125,15916700,META
2021-05-10,303.3064880371094,305.9700012207031,314.5799865722656,304.8299865722656,314.3500061035156,24239200,META
2021-05-11,303.8616638183594,306.5299987792969,306.8399963378906,299.69000244140625,300.75,18920100,META
2021-05-12,299.9162292480469,302.54998779296875,304.9599914550781,298.19000244140625,301.1300048828125,24645500,META
2021-05-13,302.6026611328125,305.260009765625,308.8599853515625,302.7699890136719,306.0799865722656,18079200,META
2021-05-14,313.1897277832031,315.94000244140625,316.8500061035156,309.0799865722656,309.5400085449219,19245700,META
2021-05-17,312.7138671875,315.4599914550781,315.67999267578125,311.5799865722656,313.54998779296875,15401300,META
2021-05-18,307.26171875,309.9599914550781,316.5,309.80999755859375,315.5899963378906,14522400,META
2021-05-19,310.8601379394531,313.5899963378906,314.6600036621094,303.57000732421875,304.19000244140625,19106200,META
2021-05-20,315.83642578125,318.6099853515625,319.25,313.1600036621094,313.5799865722656,17320200,META
2021-05-21,313.4771728515625,316.2300109863281,319.92999267578125,315.80999755859375,319.2900085449219,13600900,META
2021-05-24,321.8040466308594,324.6300048828125,325.95001220703125,318.0299987792969,318.2099914550781,16445400,META
2021-05-25,324.93658447265625,327.7900085449219,329.17999267578125,324.79998779296875,327.0799865722656,16437000,META
2021-05-26,324.8076171875,327.6600036621094,329.8299865722656,325.82000732421875,328.3500061035156,9686900,META
2021-05-27,329.8533935546875,332.75,333.7799987792969,326.760009765625,328.0,20477700,META
2021-05-28,325.86834716796875,328.7300109863281,332.8699951171875,328.3299865722656,331.0,12037400,META
2021-06-01,326.2648620605469,329.1300048828125,331.4200134277344,326.6400146484375,330.1499938964844,11765900,META
2021-06-02,326.28472900390625,329.1499938964844,331.8699951171875,327.1199951171875,330.3800048828125,11654300,META
2021-06-03,323.2018127441406,326.0400085449219,327.3800048828125,323.4800109863281,325.7799987792969,12610800,META
2021-06-04,327.4742736816406,330.3500061035156,332.4599914550781,325.17999267578125,325.8999938964844,13289400,META
2021-06-07,333.6499938964844,336.5799865722656,337.69000244140625,328.92999267578125,329.4800109863281,20136700,META
2021-06-08,330.7752990722656,333.67999267578125,338.29998779296875,332.239990234375,336.70001220703125,14580500,META
2021-06-09,327.3751220703125,330.25,336.79998779296875,330.0,335.739990234375,13727900,META
2021-06-10,329.56591796875,332.4599914550781,333.94000244140625,328.54998779296875,330.7900085449219,13240200,META
2021-06-11,328.3763427734375,331.260009765625,332.8299865722656,328.92999267578125,332.5799865722656,13587900,META
2021-06-14,333.8383483886719,336.7699890136719,336.82000732421875,329.80999755859375,331.8999938964844,12250800,META
2021-06-15,333.81854248046875,336.75,339.9200134277344,335.0299987792969,336.989990234375,15795200,META
2021-06-16,328.1978454589844,331.0799865722656,337.54998779296875,328.7200012207031,336.70001220703125,17232200,META
2021-06-17,333.5805969238281,336.510009765625,337.9800109863281,330.1499938964844,330.489990234375,17794100,META
2021-06-18,326.7902526855469,329.6600036621094,336.1499938964844,329.0,334.5299987792969,23039500,META
2021-06-21,329.3973693847656,332.2900085449219,332.9200134277344,327.6499938964844,331.0899963378906,11337500,META
2021-06-22,336.0787048339844,339.0299987792969,339.9200134277344,332.6000061035156,332.69000244140625,15345300,META
2021-06-23,337.6251525878906,340.5899963378906,343.4200134277344,338.20001220703125,339.3500061035156,14817800,META
2021-06-24,340.19256591796875,343.17999267578125,344.8999938964844,341.7900085449219,341.8500061035156,12329100,META
2021-06-25,338.3983154296875,341.3699951171875,344.1199951171875,339.67999267578125,342.5899963378906,14594400,META
2021-06-28,352.54412841796875,355.6400146484375,358.1400146484375,341.7699890136719,342.4599914550781,29156100,META
2021-06-29,348.8267517089844,351.8900146484375,356.739990234375,349.04998779296875,356.2699890136719,21417300,META
2021-06-30,344.6831359863281,347.7099914550781,352.9200134277344,347.1700134277344,352.1700134277344,15107500,META
2021-07-01,351.30499267578125,354.3900146484375,354.6700134277344,346.5,346.82000732421875,17137000,META
2021-07-02,351.6123352050781,354.70001220703125,356.44000244140625,352.6199951171875,355.1000061035156,11521300,META
2021-07-06,349.7090148925781,352.7799987792969,358.7900085449219,349.17999267578125,356.5,13488500,META
2021-07-07,347.43890380859375,350.489990234375,356.489990234375,350.0,355.260009765625,14218900,META
2021-07-08,342.6410217285156,345.6499938964844,348.3299865722656,342.55999755859375,345.7300109863281,14406500,META
2021-07-09,347.3695068359375,350.4200134277344,350.7099914550781,345.2699890136719,345.32000732421875,13018700,META
2021-07-12,350.08563232421875,353.1600036621094,354.19000244140625,349.6400146484375,351.2300109863281,10018600,META
2021-07-13,349.0249938964844,352.0899963378906,358.489990234375,348.79998779296875,351.5,11456000,META
2021-07-14,344.60382080078125,347.6300048828125,355.20001220703125,346.7300109863281,354.55999755859375,13894200,META
2021-07-15,341.46142578125,344.4599914550781,349.2300109863281,340.2200012207031,349.2300109863281,14781600,META
2021-07-16,338.190185546875,341.1600036621094,345.989990234375,340.1400146484375,344.9100036621094,11026100,META
2021-07-19,334.01678466796875,336.95001220703125,339.7900085449219,334.5400085449219,337.57000732421875,14372300,META
2021-07-20,338.68585205078125,341.6600036621094,343.45001220703125,334.5,338.79998779296875,11024300,META
2021-07-21,343.216064453125,346.2300109863281,346.5199890136719,341.25,341.5,9279700,META
2021-07-22,348.1328430175781,351.19000244140625,351.5400085449219,345.2099914550781,346.67999267578125,12385400,META
2021-07-23,366.5709228515625,369.7900085449219,375.3299865722656,357.19000244140625,360.9100036621094,33694300,META
2021-07-26,369.2176513671875,372.4599914550781,374.44000244140625,368.2200012207031,369.5799865722656,14925200,META
2021-07-27,364.6081848144531,367.80999755859375,373.1499938964844,364.54998779296875,371.9100036621094,15705400,META
2021-07-28,370.0305480957031,373.2799987792969,377.54998779296875,366.92999267578125,374.55999755859375,29676900,META
2021-07-29,355.2007751464844,358.32000732421875,365.5199890136719,356.739990234375,361.0,33413200,META
2021-07-30,353.1982727050781,356.29998779296875,360.7300109863281,352.94000244140625,354.0,15976200,META
2021-08-02,348.88623046875,351.95001220703125,359.3999938964844,350.739990234375,358.1000061035156,13180400,META
2021-08-03,348.18243408203125,351.239990234375,353.7699890136719,347.70001220703125,352.7300109863281,12406100,META
2021-08-04,355.79559326171875,358.9200134277344,360.4800109863281,351.510009765625,352.4200134277344,14180600,META
2021-08-05,359.8102722167969,362.9700012207031,363.8999938964844,356.8999938964844,359.6400146484375,10247200,META
2021-08-06,360.3456115722656,363.510009765625,365.1499938964844,361.3999938964844,361.3999938964844,8925000,META
2021-08-09,358.462158203125,361.6099853515625,365.7799987792969,360.75,363.760009765625,7798900,META
2021-08-10,357.9863586425781,361.1300048828125,364.1000061035156,359.0400085449219,361.8299865722656,7469900,META
2021-08-11,356.8265075683594,359.9599914550781,362.3599853515625,357.80999755859375,362.1000061035156,8400300,META
2021-08-12,359.4930725097656,362.6499938964844,363.0,357.1099853515625,358.45001220703125,7170700,META
2021-08-13,360.0184631347656,363.17999267578125,364.6600036621094,361.4800109863281,362.9700012207031,7195700,META
2021-08-16,363.36907958984375,366.55999755859375,366.95001220703125,357.3800048828125,362.5199890136719,11222100,META
2021-08-17,355.32965087890625,358.45001220703125,364.6700134277344,355.07000732421875,362.9800109863281,12328700,META
2021-08-18,352.3558044433594,355.45001220703125,359.8599853515625,355.1499938964844,356.25,10042400,META
2021-08-19,352.02862548828125,355.1199951171875,357.57000732421875,351.0,351.3500061035156,12004500,META
2021-08-20,356.24163818359375,359.3699951171875,359.989990234375,353.30999755859375,354.6000061035156,8697700,META
2021-08-23,360.1869812011719,363.3500061035156,365.69000244140625,359.1000061035156,359.44000244140625,10942000,META
2021-08-24,362.32818603515625,365.510009765625,367.9599914550781,361.8399963378906,363.6600036621094,9235100,META
2021-08-25,365.1832275390625,368.3900146484375,370.8599853515625,365.3999938964844,365.6000061035156,9684500,META
2021-08-26,361.20806884765625,364.3800048828125,369.44000244140625,364.1300048828125,368.3800048828125,7888700,META
2021-08-27,369.38623046875,372.6300048828125,373.739990234375,364.0799865722656,365.1000061035156,11219100,META
2021-08-30,377.3463134765625,380.6600036621094,381.489990234375,370.5199890136719,372.55999755859375,13547300,META
2021-08-31,376.0774841308594,379.3800048828125,382.760009765625,378.79998779296875,379.95001220703125,12345400,META
2021-09-01,378.72418212890625,382.04998779296875,384.3299865722656,378.80999755859375,379.5899963378906,11567200,META
2021-09-02,372.01312255859375,375.2799987792969,381.75,374.05999755859375,381.5,14832900,META
2021-09-03,372.984619140625,376.260009765625,377.1600036621094,373.1099853515625,374.75,7509600,META
2021-09-07,378.85308837890625,382.17999267578125,382.9599914550781,373.1499938964844,375.8800048828125,10793800,META
2021-09-08,374.283203125,377.57000732421875,380.8699951171875,374.7900085449219,380.1600036621094,11067200,META
2021-09-09,374.70947265625,378.0,379.8299865722656,376.57000732421875,377.6400146484375,9098900,META
2021-09-10,375.39349365234375,378.69000244140625,383.7900085449219,378.260009765625,381.3599853515625,11549600,META
2021-09-13,373.23248291015625,376.510009765625,381.75,374.3500061035156,381.67999267578125,13026300,META
2021-09-14,373.2522277832031,376.5299987792969,378.5899963378906,375.1099853515625,377.3999938964844,8711600,META
2021-09-15,370.6650390625,373.9200134277344,377.55999755859375,367.6700134277344,377.0,17940300,META
2021-09-16,369.8124084472656,373.05999755859375,373.55999755859375,369.7099914550781,372.7900085449219,11934200,META
2021-09-17,361.5450439453125,364.7200012207031,371.4100036621094,361.5899963378906,371.4100036621094,26299000,META
2021-09-20,352.6036071777344,355.70001220703125,361.0299987792969,349.79998779296875,359.29998779296875,19822800,META
2021-09-21,354.36810302734375,357.4800109863281,360.0400085449219,355.19000244140625,358.5,11751900,META
2021-09-22,340.2222900390625,343.2099914550781,349.8399963378906,340.69000244140625,347.2300109863281,43692900,META
2021-09-23,342.9483337402344,345.9599914550781,349.6700134277344,343.0,345.3599853515625,21806300,META
2021-09-24,349.887451171875,352.9599914550781,354.3500061035156,342.3699951171875,343.239990234375,18801900,META
2021-09-27,350.50201416015625,353.5799865722656,355.1499938964844,347.0799865722656,349.80999755859375,15205800,META
2021-09-28,337.6845703125,340.6499938964844,349.6000061035156,338.9200134277344,347.9700012207031,21710300,META
2021-09-29,336.6535949707031,339.6099853515625,345.2300109863281,338.8800048828125,343.1499938964844,14452200,META
2021-09-30,336.4355773925781,339.3900146484375,342.79998779296875,338.1499938964844,340.45001220703125,16547100,META
2021-10-01,340.0240783691406,343.010009765625,345.0199890136719,338.6400146484375,341.6099853515625,14905300,META
2021-10-04,323.3901062011719,326.2300109863281,335.94000244140625,322.70001220703125,335.5299987792969,42885000,META
2021-10-05,330.06158447265625,332.9599914550781,335.17999267578125,326.1600036621094,328.5799865722656,35377900,META
2021-10-06,330.7356262207031,333.6400146484375,334.3800048828125,325.79998779296875,329.739990234375,26443000,META
2021-10-07,326.3541259765625,329.2200012207031,338.8399963378906,328.9800109863281,337.0,28307500,META
2021-10-08,327.1768493652344,330.04998779296875,333.3999938964844,328.7099914550781,331.510009765625,15946100,META
2021-10-11,322.6169128417969,325.45001220703125,330.4599914550781,325.30999755859375,327.6300048828125,14708200,META
2021-10-12,320.9515075683594,323.7699890136719,324.3800048828125,317.3699951171875,323.0299987792969,31658700,META
2021-10-13,321.7148742675781,324.5400085449219,327.0,322.6600036621094,326.9700012207031,14761500,META
2021-10-14,325.67010498046875,328.5299987792969,330.5199890136719,327.1000061035156,328.3599853515625,14302200,META
2021-10-15,321.9329528808594,324.760009765625,329.07000732421875,322.510009765625,328.67999267578125,21596400,META
2021-10-18,332.42083740234375,335.3399963378906,335.8900146484375,327.5,328.95001220703125,21585000,META
2021-10-19,337.0303649902344,339.989990234375,342.4599914550781,337.2799987792969,339.6499938964844,18786300,META
2021-10-20,337.8134765625,340.7799987792969,343.9800109863281,339.45001220703125,343.45001220703125,13639500,META
2021-10-21,338.90386962890625,341.8800048828125,342.30999755859375,337.79998779296875,340.2799987792969,16354400,META
2021-10-22,321.78424072265625,324.6099853515625,329.6300048828125,321.1099853515625,326.3500061035156,35224500,META
2021-10-25,325.8287048339844,328.69000244140625,329.55999755859375,319.7200012207031,320.29998779296875,38409000,META
2021-10-26,313.0608215332031,315.80999755859375,330.2099914550781,309.6000061035156,328.260009765625,65654000,META
2021-10-27,309.5021057128906,312.2200012207031,319.25,312.05999755859375,314.19000244140625,29971800,META
2021-10-28,314.1611633300781,316.9200134277344,325.5199890136719,308.1099853515625,312.989990234375,50806800,META
2021-10-29,320.7532653808594,323.57000732421875,326.0,319.6000061035156,320.19000244140625,37059400,META
2021-11-01,327.10748291015625,329.9800109863281,333.45001220703125,326.0,326.0400085449219,31518900,META
2021-11-02,325.22406005859375,328.0799865722656,334.7900085449219,323.79998779296875,331.3800048828125,28353000,META
2021-11-03,328.7331848144531,331.6199951171875,332.1499938964844,323.20001220703125,327.489990234375,20786500,META
2021-11-04,332.9263916015625,335.8500061035156,337.2699890136719,332.6499938964844,334.010009765625,22495300,META
2021-11-05,338.160400390625,341.1300048828125,346.7900085449219,339.6400146484375,340.30999755859375,26872800,META
2021-11-08,335.67230224609375,338.6199951171875,344.7900085449219,338.3399963378906,344.4200134277344,18342500,META
2021-11-09,332.4505310058594,335.3699951171875,341.30999755859375,334.4700012207031,340.0,17556700,META
2021-11-10,324.7878723144531,327.6400146484375,333.19000244140625,325.510009765625,332.489990234375,21872600,META
2021-11-11,324.8869934082031,327.739990234375,332.4599914550781,327.0,329.82000732421875,12376600,META
2021-11-12,337.92254638671875,340.8900146484375,341.8599853515625,329.7799987792969,330.17999267578125,25414300,META
2021-11-15,344.53436279296875,347.55999755859375,353.6499938964844,343.20001220703125,344.3399963378906,25076600,META
2021-11-16,339.97442626953125,342.9599914550781,346.6499938964844,340.8699951171875,343.8299865722656,18181100,META
2021-11-17,337.80352783203125,340.7699890136719,347.29998779296875,340.1000061035156,344.239990234375,13602800,META
2021-11-18,335.7416687011719,338.69000244140625,342.4599914550781,335.29998779296875,339.7200012207031,17487200,META
2021-11-19,342.2940979003906,345.29998779296875,352.1000061035156,339.8999938964844,342.20001220703125,26488500,META
2021-11-22,338.04144287109375,341.010009765625,353.8299865722656,340.510009765625,349.04998779296875,27116800,META
2021-11-23,334.3141784667969,337.25,341.3999938964844,333.5,338.92999267578125,17225000,META
2021-11-24,338.09100341796875,341.05999755859375,341.7799987792969,332.80999755859375,336.0,13566200,META
2021-11-26,330.2201232910156,333.1199951171875,337.75,331.8999938964844,335.79998779296875,14750700,META
2021-11-29,335.0874328613281,338.0299987792969,340.6700134277344,335.30999755859375,336.8900146484375,16650900,META
2021-11-30,321.63555908203125,324.4599914550781,335.80999755859375,323.42999267578125,335.0,25390000,META
2021-12-01,307.89617919921875,310.6000061035156,330.5,310.2900085449219,330.2900085449219,30329600,META
2021-12-02,307.68804931640625,310.3900146484375,314.6000061035156,307.20001220703125,311.3999938964844,24396200,META
2021-12-03,304.1689453125,306.8399963378906,313.75,299.5,313.7300109863281,27471000,META
2021-12-06,315.1029357910156,317.8699951171875,320.1000061035156,306.3399963378906,308.1300048828125,21758300,META
2021-12-07,319.99981689453125,322.80999755859375,326.5400085449219,321.0,321.57000732421875,18794000,META
2021-12-08,327.68243408203125,330.55999755859375,332.75,323.07000732421875,325.0,19937700,META
2021-12-09,326.94891357421875,329.82000732421875,336.1300048828125,328.0,329.5400085449219,16879200,META
2021-12-10,326.87945556640625,329.75,335.0299987792969,326.3699951171875,332.55999755859375,14528000,META
2021-12-13,331.5782165527344,334.489990234375,341.0899963378906,329.5899963378906,330.95001220703125,22948700,META
2021-12-14,330.8347473144531,333.739990234375,335.70001220703125,327.6499938964844,328.04998779296875,20461000,META
2021-12-15,338.68585205078125,341.6600036621094,342.1099853515625,323.9800109863281,332.489990234375,24681300,META
2021-12-16,331.9846496582031,334.8999938964844,344.4599914550781,333.739990234375,338.9800109863281,22635000,META
2021-12-17,330.88433837890625,333.7900085449219,337.1099853515625,330.75,332.79998779296875,40012600,META
2021-12-20,322.6169128417969,325.45001220703125,329.8999938964844,322.5299987792969,329.7799987792969,17901800,META
2021-12-21,331.2908020019531,334.20001220703125,336.0,323.75,326.4100036621094,16116800,META
2021-12-22,327.5733947753906,330.45001220703125,334.510009765625,328.260009765625,333.79998779296875,16764600,META
2021-12-23,332.32171630859375,335.239990234375,336.6700134277344,328.3599853515625,330.1000061035156,13987700,META
2021-12-27,343.16644287109375,346.17999267578125,347.8699951171875,338.010009765625,338.8500061035156,17795000,META
2021-12-28,343.2061462402344,346.2200012207031,352.7099914550781,345.20001220703125,346.6300048828125,16637600,META
2021-12-29,339.9547119140625,342.94000244140625,349.69000244140625,341.6400146484375,346.9100036621094,10747000,META
2021-12-30,341.3623046875,344.3599853515625,347.2300109863281,343.2200012207031,344.0,10593300,META
2021-12-31,333.4219970703125,336.3500061035156,343.44000244140625,336.2699890136719,343.0199890136719,12870500,META
2022-01-03,335.59295654296875,338.5400085449219,341.0799865722656,337.19000244140625,338.29998779296875,14537900,META
2022-01-04,333.60052490234375,336.5299987792969,343.0899963378906,331.8699951171875,339.95001220703125,15998000,META
2022-01-05,321.34808349609375,324.1700134277344,335.760009765625,323.8399963378906,333.0199890136719,20564500,META
2022-01-06,329.56591796875,332.4599914550781,339.1700134277344,322.7200012207031,322.82000732421875,27962800,META
2022-01-07,328.9017333984375,331.7900085449219,337.0,328.8800048828125,332.739990234375,14722000,META
2022-01-10,325.2141418457031,328.07000732421875,328.3399963378906,315.42999267578125,325.30999755859375,24942400,META
2022-01-11,331.4592590332031,334.3699951171875,334.6300048828125,325.2799987792969,326.7799987792969,16226800,META
2022-01-12,330.35894775390625,333.260009765625,336.3699951171875,330.0299987792969,335.17999267578125,14104900,META
2022-01-13,323.637939453125,326.4800109863281,335.6300048828125,325.760009765625,334.9800109863281,14797100,META
2022-01-14,329.0107421875,331.8999938964844,332.7300109863281,321.2099914550781,321.7900085449219,16868500,META
2022-01-18,315.38043212890625,318.1499938964844,324.2099914550781,317.6400146484375,323.2900085449219,22645600,META
2022-01-19,316.8078918457031,319.5899963378906,327.1000061035156,319.3299865722656,319.5799865722656,20814700,META
2022-01-20,313.8043212890625,316.55999755859375,327.82000732421875,315.9800109863281,323.8999938964844,16925000,META
2022-01-21,300.5308837890625,303.1700134277344,318.30999755859375,303.0400085449219,314.80999755859375,28710700,META
2022-01-24,306.0226135253906,308.7099914550781,309.5299987792969,289.010009765625,297.8399963378906,38878100,META
2022-01-25,297.5371398925781,300.1499938964844,306.2300109863281,297.5799865722656,299.95001220703125,25108500,META
2022-01-26,292.0652160644531,294.6300048828125,307.510009765625,290.8500061035156,307.010009765625,28348800,META
2022-01-27,292.07513427734375,294.6400146484375,301.7099914550781,294.260009765625,297.75,21629900,META
2022-01-28,299.0835876464844,301.7099914550781,301.8999938964844,293.0299987792969,295.6199951171875,21871600,META
2022-01-31,310.5330505371094,313.260009765625,313.7900085449219,299.32000732421875,300.67999267578125,21579500,META
2022-02-01,316.22308349609375,319.0,319.6600036621094,312.1199951171875,314.55999755859375,18023800,META
2022-02-02,320.1882629394531,323.0,328.0,316.8699951171875,327.82000732421875,58458300,META
2022-02-03,235.69024658203125,237.75999450683594,248.0,235.75,244.64999389648438,188119900,META
2022-02-04,235.02609252929688,237.08999633789062,242.61000061035156,230.11000061035156,234.97000122070312,89342200,META
2022-02-07,222.95213317871094,224.91000366210938,238.3000030517578,224.00999450683594,237.6999969482422,88613800,META
2022-02-08,218.26327514648438,220.17999267578125,225.77000427246094,216.14999389648438,220.85000610351562,94729700,META
2022-02-09,229.98043823242188,232.0,233.3699951171875,222.2100067138672,224.1999969482422,86563300,META
2022-02-10,226.08462524414062,228.07000732421875,235.0,226.6999969482422,228.27000427246094,49310400,META
2022-02-11,217.63877868652344,219.5500030517578,230.4199981689453,218.77000427246094,228.4600067138672,46156900,META
2022-02-14,215.8048858642578,217.6999969482422,221.0,214.77999877929688,219.30999755859375,38184000,META
2022-02-15,219.07615661621094,221.0,221.14999389648438,215.05999755859375,220.47000122070312,42685500,META
2022-02-16,214.6549835205078,216.5399932861328,217.4600067138672,212.36000061035156,212.41000366210938,45817500,META
2022-02-17,205.90187072753906,207.7100067138672,217.5,207.16000366210938,214.02000427246094,38747500,META
2022-02-18,204.36537170410156,206.16000366210938,210.75,205.17999267578125,209.38999938964844,37128400,META
2022-02-22,200.32089233398438,202.0800018310547,207.47999572753906,200.05999755859375,202.33999633789062,39852400,META
2022-02-23,196.7224578857422,198.4499969482422,206.94000244140625,198.0500030517578,204.16000366210938,44481400,META
2022-02-24,205.7928009033203,207.60000610351562,208.35000610351562,190.22000122070312,191.05999755859375,49957200,META
2022-02-25,208.6477508544922,210.47999572753906,211.32000732421875,203.17999267578125,204.94000244140625,37627600,META
2022-02-28,209.19296264648438,211.02999877929688,213.14999389648438,206.8300018310547,207.67999267578125,34239800,META
2022-03-01,201.71861267089844,203.49000549316406,211.75,202.22000122070312,209.8699951171875,27094900,META
2022-03-02,206.29837036132812,208.11000061035156,209.14999389648438,202.02000427246094,204.77999877929688,29452100,META
2022-03-03,201.20310974121094,202.97000122070312,209.0800018310547,201.4199981689453,209.02000427246094,27263500,META
2022-03-04,198.31845092773438,200.05999755859375,205.88999938964844,198.7899932861328,202.3699951171875,32130900,META
2022-03-07,185.8380584716797,187.47000122070312,200.88999938964844,187.27999877929688,200.7899932861328,38560600,META
2022-03-08,188.6334991455078,190.2899932861328,196.6999969482422,186.11000061035156,187.85000610351562,37508100,META
2022-03-09,196.7720489501953,198.5,199.10000610351562,193.9199981689453,195.74000549316406,31894700,META
2022-03-10,193.51068115234375,195.2100067138672,196.27999877929688,191.07000732421875,194.83999633789062,24853000,META
2022-03-11,185.97682189941406,187.61000061035156,193.55999755859375,186.6699981689453,192.63999938964844,34694500,META
2022-03-14,185.00537109375,186.6300048828125,192.2899932861328,185.82000732421875,187.02999877929688,31010500,META
2022-03-15,190.35833740234375,192.02999877929688,192.27999877929688,185.91000366210938,190.8000030517578,31721700,META
2022-03-16,201.85740661621094,203.6300048828125,203.72999572753906,194.52000427246094,194.6999969482422,40640300,META
2022-03-17,206.03073120117188,207.83999633789062,208.0399932861328,201.11000061035156,201.6999969482422,29499700,META
2022-03-18,214.60540771484375,216.49000549316406,216.8000030517578,206.0,206.6999969482422,52128000,META
2022-03-21,209.64894104003906,211.49000549316406,214.7100067138672,207.6300048828125,214.5,30142300,META
2022-03-22,214.7640380859375,216.64999389648438,219.4600067138672,210.17999267578125,211.3699951171875,31998800,META
2022-03-23,211.601806640625,213.4600067138672,216.8000030517578,212.16000366210938,213.3300018310547,23717300,META
2022-03-24,217.6586151123047,219.57000732421875,220.6699981689453,214.7899932861328,215.0,31502300,META
2022-03-25,219.8890380859375,221.82000732421875,225.5,218.88999938964844,220.50999450683594,40039000,META
2022-03-28,221.64361572265625,223.58999633789062,224.0399932861328,219.5399932861328,222.1300048828125,26224100,META
2022-03-29,227.8590087890625,229.86000061035156,230.88999938964844,225.2899932861328,226.07000732421875,31417900,META
2022-03-30,225.86654663085938,227.85000610351562,231.14999389648438,226.7100067138672,228.91000366210938,25588000,META
2022-03-31,220.42433166503906,222.36000061035156,228.49000549316406,222.25999450683594,228.4499969482422,24192300,META
2022-04-01,222.8926544189453,224.85000610351562,227.27999877929688,222.6999969482422,224.5500030517578,19544800,META
2022-04-04,231.85394287109375,233.88999938964844,234.35000610351562,225.86000061035156,225.97999572753906,28054800,META
2022-04-05,229.82177734375,231.83999633789062,236.86000061035156,231.02000427246094,234.0800018310547,29727200,META
2022-04-06,221.3561248779297,223.3000030517578,228.99000549316406,221.41000366210938,226.91000366210938,28995100,META
2022-04-07,221.00918579101562,222.9499969482422,225.52000427246094,218.55999755859375,223.92999267578125,21037200,META
2022-04-08,220.3946075439453,222.3300018310547,225.1300048828125,220.02999877929688,222.3800048828125,18375700,META
2022-04-11,214.57569885253906,216.4600067138672,220.61000061035156,215.22000122070312,218.4199981689453,20516600,META
2022-04-12,212.27587890625,214.13999938964844,222.02999877929688,213.1300048828125,220.24000549316406,20128800,META
2022-04-13,213.11851501464844,214.99000549316406,216.61000061035156,211.3300018310547,211.82000732421875,19231800,META
2022-04-14,208.350341796875,210.17999267578125,214.99000549316406,210.0,214.88999938964844,18379500,META
2022-04-18,208.9352264404297,210.77000427246094,213.3800048828125,208.3000030517578,210.0,16580800,META
2022-04-19,215.41830444335938,217.30999755859375,218.42999267578125,209.0,210.52000427246094,20089900,META
2022-04-20,198.67532348632812,200.4199981689453,214.16000366210938,198.9199981689453,213.61000061035156,43036500,META
2022-04-21,186.43280029296875,188.07000732421875,202.97000122070312,185.5800018310547,201.60000610351562,49954100,META
2022-04-22,182.5072784423828,184.11000061035156,192.72000122070312,183.27000427246094,190.3699951171875,36426800,META
2022-04-25,185.36224365234375,186.99000549316406,187.17999267578125,181.66000366210938,182.72999572753906,29281100,META
2022-04-26,179.37478637695312,180.9499969482422,187.19000244140625,179.5,186.6300048828125,31747400,META
2022-04-27,173.42703247070312,174.9499969482422,181.2100067138672,169.0,174.42999267578125,71062900,META
2022-04-28,203.93910217285156,205.72999572753906,208.52999877929688,192.89999389648438,202.9199981689453,100890600,META
2022-04-29,198.72488403320312,200.47000122070312,212.47999572753906,199.89999389648438,204.4600067138672,49193400,META
2022-05-02,209.29209899902344,211.1300048828125,211.8800048828125,200.99000549316406,201.1699981689453,49915300,META
2022-05-03,210.18426513671875,212.02999877929688,214.89999389648438,208.08999633789062,210.4499969482422,41556300,META
2022-05-04,221.46519470214844,223.41000366210938,224.3000030517578,206.9600067138672,210.64999389648438,41375900,META
2022-05-05,206.46688842773438,208.27999877929688,220.1699981689453,206.16000366210938,218.74000549316406,41129200,META
2022-05-06,201.9961700439453,203.77000427246094,209.3800048828125,201.02000427246094,207.33999633789062,34747200,META
2022-05-09,194.50196838378906,196.2100067138672,202.57000732421875,195.5800018310547,199.83999633789062,36303200,META
2022-05-10,195.92942810058594,197.64999389648438,202.9600067138672,194.19000244140625,199.50999450683594,34452500,META
2022-05-11,187.0970001220703,188.74000549316406,200.6699981689453,188.27000427246094,196.3300018310547,31153400,META
2022-05-12,189.5752410888672,191.24000549316406,198.0500030517578,184.77999877929688,187.05999755859375,38262200,META
2022-05-13,196.89097595214844,198.6199951171875,199.88999938964844,191.27999877929688,192.5800018310547,24549800,META
2022-05-16,198.29861450195312,200.0399932861328,205.3699951171875,195.92999267578125,197.0500030517578,27112600,META
2022-05-17,200.85617065429688,202.6199951171875,205.4600067138672,198.36000061035156,202.1199951171875,24872700,META
2022-05-18,190.56654357910156,192.24000549316406,201.0,191.6300048828125,200.0,23960000,META
2022-05-19,189.62478637695312,191.2899932861328,195.2899932861328,189.60000610351562,191.1999969482422,24446900,META
2022-05-20,191.85520935058594,193.5399932861328,197.91000366210938,187.8699951171875,194.97000122070312,31465600,META
2022-05-23,194.52178955078125,196.22999572753906,196.99000549316406,191.24000549316406,195.19000244140625,25059200,META
2022-05-24,179.70193481445312,181.27999877929688,183.67999267578125,176.11000061035156,180.5500030517578,50406300,META
2022-05-25,182.22975158691406,183.8300018310547,185.4499969482422,179.32000732421875,180.39999389648438,28030200,META
2022-05-26,189.96182250976562,191.6300048828125,192.8300018310547,182.25999450683594,182.8800048828125,23056500,META
2022-05-27,193.43138122558594,195.1300048828125,195.3300018310547,189.8000030517578,191.36000061035156,22562700,META
2022-05-31,191.95433044433594,193.63999938964844,197.60000610351562,192.00999450683594,194.88999938964844,26131100,META
2022-06-01,186.99783325195312,188.63999938964844,199.52999877929688,185.0,196.50999450683594,36623500,META
2022-06-02,197.12890625,198.86000061035156,200.94000244140625,187.72999572753906,188.4499969482422,31951600,META
2022-06-03,189.1192169189453,190.77999877929688,196.61000061035156,189.77999877929688,195.97999572753906,19465000,META
2022-06-06,192.55902099609375,194.25,196.9199981689453,188.39999389648438,193.99000549316406,30574200,META
2022-06-07,193.94680786132812,195.64999389648438,196.52999877929688,191.49000549316406,191.92999267578125,18828700,META
2022-06-08,194.92822265625,196.63999938964844,202.02999877929688,194.41000366210938,194.6699981689453,22267200,META
2022-06-09,182.3982391357422,184.0,199.4499969482422,183.67999267578125,194.27999877929688,23501600,META
2022-06-10,174.04165649414062,175.57000732421875,183.10000610351562,175.02000427246094,183.0399932861328,27450800,META
2022-06-13,162.83009338378906,164.25999450683594,172.5800018310547,164.02999877929688,170.58999633789062,31749300,META
2022-06-14,162.30471801757812,163.72999572753906,166.75,161.36000061035156,166.02999877929688,27244300,META
2022-06-15,167.8757781982422,169.35000610351562,172.16000366210938,163.97999572753906,167.1999969482422,30008300,META
2022-06-16,159.4696044921875,160.8699951171875,165.0800018310547,159.61000061035156,163.72000122070312,26944100,META
2022-06-17,162.3146209716797,163.74000549316406,165.89999389648438,159.89999389648438,161.67999267578125,31374200,META
2022-06-21,155.682861328125,157.0500030517578,167.75999450683594,155.97000122070312,165.92999267578125,50724900,META
2022-06-22,154.49331665039062,155.85000610351562,160.7899932861328,155.44000244140625,158.3800048828125,47267800,META
2022-06-23,157.36805725097656,158.75,159.75,154.25,156.27000427246094,40499200,META
2022-06-24,168.67874145507812,170.16000366210938,170.25,161.3000030517578,161.72999572753906,68736000,META
2022-06-27,168.01455688476562,169.49000549316406,171.75,168.00999450683594,171.32000732421875,29174600,META
2022-06-28,159.28125,160.67999267578125,171.3000030517578,160.61000061035156,169.89999389648438,27744500,META
2022-06-29,162.51292419433594,163.94000244140625,166.3300018310547,160.32000732421875,163.57000732421875,28595200,META
2022-06-30,159.8463134765625,161.25,165.22999572753906,158.49000549316406,162.14999389648438,35250600,META
2022-07-01,158.63690185546875,160.02999877929688,160.6199951171875,155.0,160.30999755859375,31423900,META
2022-07-05,166.72592163085938,168.19000244140625,168.25,157.02000427246094,158.13999938964844,28618600,META
2022-07-06,168.29212951660156,169.77000427246094,171.58999633789062,165.4600067138672,168.1999969482422,23085900,META
2022-07-07,170.69105529785156,172.19000244140625,172.72000122070312,167.77999877929688,169.4499969482422,24083400,META
2022-07-08,169.39248657226562,170.8800048828125,172.39999389648438,168.14999389648438,169.97999572753906,19249200,META
2022-07-11,161.46214294433594,162.8800048828125,167.49000549316406,161.91000366210938,167.07000732421875,21885600,META
2022-07-12,161.8487091064453,163.27000427246094,165.91000366210938,162.10000610351562,164.8000030517578,16639700,META
2022-07-13,162.06680297851562,163.49000549316406,164.97999572753906,159.61000061035156,160.16000366210938,16555100,META
2022-07-14,156.6741485595703,158.0500030517578,162.58999633789062,157.27999877929688,161.22000122070312,23765200,META
2022-07-15,163.2662811279297,164.6999969482422,164.97999572753906,159.82000732421875,160.5399932861328,23342800,META
2022-07-18,165.7742462158203,167.22999572753906,171.69000244140625,165.63999938964844,166.75,23574300,META
2022-07-19,174.2498016357422,175.77999877929688,176.49000549316406,169.50999450683594,170.3699951171875,25933700,META
2022-07-20,181.49618530273438,183.08999633789062,183.60000610351562,176.6999969482422,177.49000549316406,24784300,META
2022-07-21,181.57550048828125,183.1699981689453,183.85000610351562,178.8699951171875,180.6300048828125,27195800,META
2022-07-22,167.79647827148438,169.27000427246094,175.60000610351562,168.41000366210938,173.07000732421875,42583900,META
2022-07-25,165.19927978515625,166.64999389648438,170.57000732421875,164.80999755859375,169.0,26166300,META
2022-07-26,157.76458740234375,159.14999389648438,166.0,157.9499969482422,165.94000244140625,28468400,META
2022-07-27,168.10379028320312,169.5800018310547,170.8699951171875,162.02000427246094,162.58999633789062,43846600,META
2022-07-28,159.32095336914062,160.72000122070312,161.50999450683594,154.85000610351562,161.05999755859375,73214300,META
2022-07-29,157.71502685546875,159.10000610351562,160.13999938964844,155.1699981689453,157.69000244140625,42065400,META
2022-08-01,158.5377960205078,159.92999267578125,165.19000244140625,155.22999572753906,157.25,40596700,META
2022-08-02,158.79550170898438,160.19000244140625,162.24000549316406,158.00999450683594,158.30999755859375,27374500,META
2022-08-03,167.33056640625,168.8000030517578,169.5399932861328,161.57000732421875,162.69000244140625,31721900,META
2022-08-04,169.0851593017578,170.57000732421875,172.14999389648438,166.8000030517578,168.3000030517578,23938200,META
2022-08-05,165.65528869628906,167.11000061035156,171.61000061035156,165.8000030517578,166.99000549316406,25832700,META
2022-08-08,168.7679443359375,170.25,177.50999450683594,167.1300048828125,168.0,27299100,META
2022-08-09,167.06295776367188,168.52999877929688,169.52999877929688,166.60000610351562,168.9499969482422,18655100,META
2022-08-10,176.7875213623047,178.33999633789062,180.47999572753906,173.9499969482422,175.99000549316406,30262100,META
2022-08-11,175.94493103027344,177.49000549316406,183.10000610351562,176.3699951171875,179.7100067138672,24079100,META
2022-08-12,178.9287109375,180.5,181.4600067138672,178.91000366210938,180.80999755859375,21274000,META
2022-08-15,179.31533813476562,180.88999938964844,181.44000244140625,178.1999969482422,178.9600067138672,15878700,META
2022-08-16,177.90769958496094,179.47000122070312,180.99000549316406,177.0399932861328,179.44000244140625,21156700,META
2022-08-17,173.327880859375,174.85000610351562,178.13999938964844,174.1699981689453,176.75999450683594,20118100,META
2022-08-18,173.1395721435547,174.66000366210938,175.75999450683594,171.86000061035156,174.33999633789062,18844500,META
2022-08-19,166.49790954589844,167.9600067138672,172.32000732421875,167.0500030517578,170.1999969482422,26240800,META
2022-08-22,161.63064575195312,163.0500030517578,165.49000549316406,162.25999450683594,165.49000549316406,19499700,META
2022-08-23,159.70751953125,161.11000061035156,165.0500030517578,160.6999969482422,162.47999572753906,18111800,META
2022-08-24,161.83880615234375,163.25999450683594,165.4600067138672,159.77000427246094,160.60000610351562,20891500,META
2022-08-25,167.31072998046875,168.77999877929688,168.8800048828125,164.02000427246094,165.17999267578125,15550500,META
2022-08-26,160.3716583251953,161.77999877929688,170.9199981689453,161.6699981689453,168.47999572753906,24023600,META
2022-08-29,157.78440856933594,159.1699981689453,163.0500030517578,159.00999450683594,160.66000366210938,20052700,META
2022-08-30,155.79188537597656,157.16000366210938,161.66000366210938,155.91000366210938,160.35000610351562,19567900,META
2022-08-31,161.5116729736328,162.92999267578125,167.83999633789062,162.13999938964844,167.07000732421875,40953000,META
2022-09-01,163.9205322265625,165.36000061035156,167.36000061035156,160.35000610351562,163.5800018310547,30145700,META
2022-09-02,158.92442321777344,160.32000732421875,167.92999267578125,159.22000122070312,167.4499969482422,22634200,META
2022-09-06,157.15989685058594,158.5399932861328,161.69000244140625,157.69000244140625,160.10000610351562,19339800,META
2022-09-07,158.99378967285156,160.38999938964844,160.9600067138672,156.80999755859375,157.75999450683594,16831200,META
2022-09-08,160.6492462158203,162.05999755859375,162.22999572753906,157.74000549316406,158.7100067138672,22530800,META
2022-09-09,167.67752075195312,169.14999389648438,169.5399932861328,163.02000427246094,163.25,22086800,META
2022-09-12,167.4892120361328,168.9600067138672,171.38999938964844,167.27999877929688,167.38999938964844,23220400,META
2022-09-13,151.79698181152344,153.1300048828125,161.6300048828125,152.6699981689453,161.5399932861328,44444100,META
2022-09-14,150.15142822265625,151.47000122070312,153.5399932861328,149.0500030517578,153.3300018310547,43064200,META
2022-09-15,148.2481689453125,149.5500030517578,154.1999969482422,148.6999969482422,149.8000030517578,34606300,META
2022-09-16,145.01651000976562,146.2899932861328,148.5800018310547,144.2899932861328,148.0500030517578,40122800,META
2022-09-19,146.73146057128906,148.02000427246094,148.5800018310547,145.10000610351562,145.24000549316406,22169500,META
2022-09-20,144.81825256347656,146.08999633789062,148.83999633789062,145.22000122070312,145.77999877929688,23217400,META
2022-09-21,140.88282775878906,142.1199951171875,149.60000610351562,142.0,146.38999938964844,38338600,META
2022-09-22,141.5767364501953,142.82000732421875,144.5800018310547,140.8699951171875,141.5500030517578,34418500,META
2022-09-23,139.18771362304688,140.41000366210938,142.6199951171875,138.88999938964844,141.4199981689453,31710700,META
2022-09-26,135.1829071044922,136.3699951171875,142.24000549316406,136.19000244140625,140.1199951171875,30497000,META
2022-09-27,133.2300262451172,134.39999389648438,139.4199981689453,134.1199951171875,137.9199981689453,30826500,META
2022-09-28,140.3772735595703,141.61000061035156,142.02999877929688,134.27000427246094,134.6199951171875,32658500,META
2022-09-29,135.2225341796875,136.41000366210938,139.83999633789062,135.1999969482422,139.36000061035156,38985400,META
2022-09-30,134.49887084960938,135.67999267578125,140.99000549316406,135.5,136.0500030517578,33166400,META
2022-10-03,137.4033660888672,138.61000061035156,139.6199951171875,136.10000610351562,137.13999938964844,27723100,META
2022-10-04,139.05885314941406,140.27999877929688,142.38999938964844,139.33999633789062,140.49000549316406,34670700,META
2022-10-05,137.77015686035156,138.97999572753906,140.2100067138672,134.77999877929688,138.24000549316406,27979300,META
2022-10-06,137.85935974121094,139.07000732421875,141.4499969482422,136.60000610351562,137.72000122070312,36231100,META
2022-10-07,132.28829956054688,133.4499969482422,138.2899932861328,132.44000244140625,136.75999450683594,33214800,META
2022-10-10,132.62533569335938,133.7899932861328,136.11000061035156,131.8699951171875,133.5500030517578,24024000,META
2022-10-11,127.42105865478516,128.5399932861328,132.66000366210938,126.98999786376953,131.6199951171875,38481400,META
2022-10-12,126.39010620117188,127.5,129.6699981689453,126.25,128.32000732421875,34605200,META
2022-10-13,129.1558074951172,130.2899932861328,131.13999938964844,122.52999877929688,123.52999877929688,34325700,META
2022-10-14,125.65653228759766,126.76000213623047,131.7899932861328,126.5199966430664,131.0,23559400,META
2022-10-17,132.87315368652344,134.0399932861328,134.7899932861328,130.17999267578125,130.3000030517578,29612200,META
2022-10-18,131.64395141601562,132.8000030517578,137.83999633789062,131.39999389648438,137.08999633789062,25445000,META
2022-10-19,132.0702362060547,133.22999572753906,137.0,132.22000122070312,132.88999938964844,30691000,META
2022-10-20,130.38502502441406,131.52999877929688,136.77000427246094,131.30999755859375,132.92999267578125,26356300,META
2022-10-21,128.87823486328125,130.00999450683594,130.1199951171875,125.44000244140625,126.30999755859375,46348600,META
2022-10-24,128.5907440185547,129.72000122070312,133.47999572753906,124.56999969482422,127.25,63563400,META
2022-10-25,136.31295776367188,137.50999450683594,138.35000610351562,130.58999633789062,130.8800048828125,38433200,META
2022-10-26,128.68991088867188,129.82000732421875,135.5500030517578,128.52999877929688,131.67999267578125,82791500,META
2022-10-27,97.08740997314453,97.94000244140625,102.5,96.37999725341797,97.9800033569336,232316600,META
2022-10-28,98.3364486694336,99.19999694824219,100.8499984741211,97.51000213623047,99.58000183105469,95928300,META
2022-10-31,92.34902954101562,93.16000366210938,99.31999969482422,92.5999984741211,98.22000122070312,121361400,META
2022-11-01,94.37128448486328,95.19999694824219,97.48999786376953,93.55000305175781,94.33000183105469,110189600,META
2022-11-02,89.75184631347656,90.54000091552734,95.19999694824219,90.4800033569336,94.20999908447266,71821100,META
2022-11-03,88.13603210449219,88.91000366210938,90.45999908447266,88.41000366210938,90.08000183105469,60664000,META
2022-11-04,89.99967193603516,90.79000091552734,91.38999938964844,88.08999633789062,90.3499984741211,55638100,META
2022-11-07,95.8780517578125,96.72000122070312,96.87999725341797,93.0999984741211,94.77999877929688,81987300,META
2022-11-08,95.63021850585938,96.47000122070312,97.80000305175781,94.79000091552734,95.91999816894531,52088300,META
2022-11-09,100.58668518066406,101.47000122070312,104.9000015258789,100.73999786376953,101.72000122070312,107677300,META
2022-11-10,110.89617156982422,111.87000274658203,112.75,104.61000061035156,107.12000274658203,80671000,META
2022-11-11,112.0361328125,113.0199966430664,114.9000015258789,108.80999755859375,109.2300033569336,59961700,META
2022-11-14,113.2257080078125,114.22000122070312,116.2699966430664,110.80000305175781,110.98999786376953,53395000,META
2022-11-15,116.06082153320312,117.08000183105469,118.73999786376953,114.41000366210938,116.06999969482422,50670500,META
2022-11-16,112.24432373046875,113.2300033569336,116.08000183105469,112.66000366210938,114.5,33287800,META
2022-11-17,110.47979736328125,111.44999694824219,112.33000183105469,109.80000305175781,110.41000366210938,35093800,META
2022-11-18,111.07460021972656,112.05000305175781,114.31999969482422,110.62000274658203,113.80000305175781,33357700,META
2022-11-21,108.9036636352539,109.86000061035156,112.37000274658203,109.19000244140625,111.5199966430664,24351100,META
2022-11-22,110.46989440917969,111.44000244140625,111.62000274658203,108.31999969482422,109.86000061035156,29029000,META
2022-11-23,111.262939453125,112.23999786376953,112.66999816894531,110.7300033569336,111.72000122070312,21343100,META
2022-11-25,110.4401626586914,111.41000366210938,112.7300033569336,111.0199966430664,111.30000305175781,12007600,META
2022-11-28,107.83305358886719,108.77999877929688,112.04000091552734,108.37999725341797,110.77999877929688,23309400,META
2022-11-29,108.50712585449219,109.45999908447266,110.94000244140625,108.54000091552734,109.54000091552734,23899200,META
2022-11-30,117.07192993164062,118.0999984741211,118.16000366210938,109.37999725341797,109.51000213623047,43348600,META
2022-12-01,119.39154815673828,120.44000244140625,121.19999694824219,118.4000015258789,119.19999694824219,36551400,META
2022-12-02,122.41500854492188,123.48999786376953,124.04000091552734,117.61000061035156,117.83000183105469,39950500,META
2022-12-05,121.3642349243164,122.43000030517578,124.66999816894531,121.3499984741211,121.75,35474900,META
2022-12-06,113.12657165527344,114.12000274658203,120.55000305175781,113.73999786376953,119.91000366210938,43689200,META
2022-12-07,112.938232421875,113.93000030517578,115.87999725341797,112.87999725341797,113.76000213623047,29461100,META
2022-12-08,114.32604217529297,115.33000183105469,117.33999633789062,114.58999633789062,116.38999938964844,30619400,META
2022-12-09,114.89107513427734,115.9000015258789,117.54000091552734,113.87000274658203,115.30000305175781,26033400,META
2022-12-12,113.71144104003906,114.70999908447266,115.72000122070312,113.13999938964844,115.18000030517578,24747100,META
2022-12-13,119.10407257080078,120.1500015258789,123.30000305175781,118.63999938964844,122.12999725341797,44701100,META
2022-12-14,120.53153991699219,121.58999633789062,124.13999938964844,119.38999938964844,119.38999938964844,36922000,META
2022-12-15,115.13890075683594,116.1500015258789,118.62999725341797,114.01000213623047,118.33000183105469,34531000,META
2022-12-16,118.39035034179688,119.43000030517578,123.30999755859375,118.81999969482422,120.2300033569336,67064000,META
2022-12-19,113.48344421386719,114.4800033569336,117.80000305175781,114.33000183105469,116.83000183105469,29769900,META
2022-12-20,116.07071685791016,117.08999633789062,117.33000183105469,112.45999908447266,113.26000213623047,28742500,META
2022-12-21,118.71746826171875,119.76000213623047,120.33999633789062,115.62000274658203,116.69999694824219,20392800,META
2022-12-22,116.1004638671875,117.12000274658203,118.62000274658203,114.37999725341797,117.19999694824219,23618100,META
2022-12-23,117.012451171875,118.04000091552734,118.18000030517578,115.54000091552734,116.02999877929688,17796600,META
2022-12-27,115.862548828125,116.87999725341797,118.5999984741211,116.05000305175781,117.93000030517578,21392300,META
2022-12-28,114.61353302001953,115.62000274658203,118.1500015258789,115.51000213623047,116.25,19612500,META
2022-12-29,119.21311950683594,120.26000213623047,121.02999877929688,115.7699966430664,116.4000015258789,22366200,META
2022-12-30,119.29241180419922,120.33999633789062,120.41999816894531,117.73999786376953,118.16000366210938,19583800,META
2023-01-03,123.65412139892578,124.73999786376953,126.37000274658203,122.27999877929688,122.81999969482422,35528500,META
2023-01-04,126.26122283935547,127.37000274658203,129.0500030517578,125.8499984741211,127.37999725341797,32397100,META
2023-01-05,125.83497619628906,126.94000244140625,128.52000427246094,124.54000091552734,126.12999725341797,25447100,META
2023-01-06,128.88816833496094,130.02000427246094,130.3300018310547,126.04000091552734,128.97000122070312,27584500,META
2023-01-09,128.34295654296875,129.47000122070312,132.9499969482422,129.27999877929688,131.16000366210938,26649100,META
2023-01-10,131.83229064941406,132.99000549316406,133.44000244140625,127.1500015258789,127.2699966430664,28684400,META
2023-01-11,131.73318481445312,132.88999938964844,133.85000610351562,130.33999633789062,130.9600067138672,25423000,META
2023-01-12,135.51995849609375,136.7100067138672,137.67999267578125,131.75999450683594,133.44000244140625,30757700,META
2023-01-13,135.78756713867188,136.97999572753906,137.38999938964844,134.83999633789062,134.97000122070312,22423800,META
2023-01-17,134.18167114257812,135.36000061035156,136.75,134.25,136.17999267578125,21147600,META
2023-01-18,131.86204528808594,133.02000427246094,137.25,132.8000030517578,135.80999755859375,20215500,META
2023-01-19,134.9647674560547,136.14999389648438,137.4499969482422,132.13999938964844,132.49000549316406,28625200,META
2023-01-20,138.15676879882812,139.3699951171875,139.94000244140625,134.61000061035156,135.88999938964844,28688600,META
2023-01-23,142.02281188964844,143.27000427246094,143.75999450683594,138.66000366210938,139.2899932861328,27470100,META
2023-01-24,141.89395141601562,143.13999938964844,145.0,141.36000061035156,141.69000244140625,21970200,META
2023-01-25,140.26821899414062,141.5,143.1699981689453,140.30999755859375,141.22000122070312,26622000,META
2023-01-26,146.01773071289062,147.3000030517578,147.50999450683594,143.3000030517578,144.39999389648438,25482100,META
2023-01-27,150.41908264160156,151.74000549316406,153.19000244140625,147.38999938964844,148.24000549316406,35771900,META
2023-01-30,145.77981567382812,147.05999755859375,151.1199951171875,146.9499969482422,149.41000366210938,28040100,META
2023-01-31,147.67320251464844,148.97000122070312,149.8800048828125,147.52000427246094,147.9499969482422,29842100,META
2023-02-01,151.78707885742188,153.1199951171875,153.5800018310547,147.05999755859375,148.02999877929688,55661000,META
2023-02-02,187.12673950195312,188.77000427246094,197.16000366210938,180.16000366210938,183.3800048828125,150475700,META
2023-02-03,184.9062042236328,186.52999877929688,196.77000427246094,182.88999938964844,183.47000122070312,76809700,META
2023-02-06,184.44032287597656,186.05999755859375,190.6999969482422,185.52000427246094,186.52999877929688,42483800,META
2023-02-07,189.95191955566406,191.6199951171875,193.77999877929688,184.39999389648438,185.5800018310547,47080700,META
2023-02-08,181.83319091796875,183.42999267578125,190.8300018310547,182.9199981689453,190.0,36139100,META
2023-02-09,176.37115478515625,177.9199981689453,186.64999389648438,177.27000427246094,186.1300048828125,37118800,META
2023-02-10,172.63401794433594,174.14999389648438,178.88999938964844,173.35000610351562,176.35000610351562,33433600,META
2023-02-13,177.86802673339844,179.42999267578125,181.0,175.82000732421875,178.22000122070312,31463200,META
2023-02-14,177.91758728027344,179.47999572753906,181.50999450683594,175.8800048828125,177.16000366210938,24034600,META
2023-02-15,175.61781311035156,177.16000366210938,178.19000244140625,175.3300018310547,176.4199981689453,25308900,META
2023-02-16,170.93890380859375,172.44000244140625,175.85000610351562,171.7899932861328,172.75,25827500,META
2023-02-17,171.3750457763672,172.8800048828125,173.17999267578125,169.6999969482422,170.22000122070312,24171300,META
2023-02-21,170.58204650878906,172.0800018310547,178.1699981689453,171.8800048828125,174.30999755859375,34592600,META
2023-02-22,169.63038635253906,171.1199951171875,172.75999450683594,169.69000244140625,171.07000732421875,22433200,META
2023-02-23,170.54237365722656,172.0399932861328,173.69000244140625,169.3800048828125,172.0,20017800,META
2023-02-24,168.90673828125,170.38999938964844,170.72000122070312,167.66000366210938,168.63999938964844,19791300,META
2023-02-27,168.06414794921875,169.5399932861328,173.1199951171875,169.05999755859375,171.8800048828125,19277000,META
2023-02-28,173.41712951660156,174.94000244140625,177.5500030517578,171.8699951171875,171.89999389648438,46051100,META
2023-03-01,171.9103546142578,173.4199981689453,177.85000610351562,173.0500030517578,174.58999633789062,30998400,META
2023-03-02,173.0106964111328,174.52999877929688,175.00999450683594,171.42999267578125,172.3800048828125,17352000,META
2023-03-03,183.6373748779297,185.25,186.6199951171875,177.0500030517578,178.9199981689453,45877700,META
2023-03-06,183.2904052734375,184.89999389648438,189.66000366210938,184.63999938964844,188.0,33209400,META
2023-03-07,182.90380859375,184.50999450683594,190.36000061035156,184.00999450683594,189.0,36701500,META
2023-03-08,183.35983276367188,184.97000122070312,185.25999450683594,181.33999633789062,182.8699951171875,19432400,META
2023-03-09,180.10838317871094,181.69000244140625,188.92999267578125,180.3000030517578,186.35000610351562,26582800,META
2023-03-10,177.9473419189453,179.50999450683594,184.77000427246094,178.8000030517578,181.00999450683594,25665000,META
2023-03-13,179.32522583007812,180.89999389648438,183.77999877929688,174.82000732421875,177.9600067138672,24728000,META
2023-03-14,192.33102416992188,194.02000427246094,194.32000732421875,186.55999755859375,187.5800018310547,41642600,META
2023-03-15,196.02857971191406,197.75,197.77999877929688,190.83999633789062,192.9499969482422,42123600,META
2023-03-16,203.1460418701172,204.92999267578125,205.75999450683594,196.08999633789062,198.25999450683594,50447100,META
2023-03-17,193.90721130371094,195.61000061035156,201.89999389648438,195.42999267578125,200.55999755859375,50141100,META
2023-03-20,196.0880584716797,197.80999755859375,199.36000061035156,193.63999938964844,198.47999572753906,25186300,META
2023-03-21,200.40016174316406,202.16000366210938,203.5500030517578,197.9499969482422,203.1999969482422,31827000,META
2023-03-22,198.07061767578125,199.80999755859375,207.3699951171875,199.6699981689453,202.5,28477800,META
2023-03-23,202.50172424316406,204.27999877929688,207.8800048828125,202.14999389648438,202.83999633789062,27389700,META
2023-03-24,204.21665954589844,206.00999450683594,207.5800018310547,203.5500030517578,205.17999267578125,27716400,META
2023-03-27,201.07424926757812,202.83999633789062,205.86000061035156,201.36000061035156,204.80999755859375,18527200,META
2023-03-28,198.93304443359375,200.67999267578125,201.02999877929688,197.89999389648438,200.14999389648438,19127300,META
2023-03-29,203.5624237060547,205.35000610351562,205.72000122070312,202.5399932861328,203.55999755859375,18851100,META
2023-03-30,206.03073120117188,207.83999633789062,208.08999633789062,202.82000732421875,203.3800048828125,22608300,META
2023-03-31,210.0950164794922,211.94000244140625,212.1699981689453,206.77000427246094,207.24000549316406,25440300,META
2023-04-03,211.2152099609375,213.07000732421875,213.49000549316406,208.1999969482422,208.83999633789062,17924600,META
2023-04-04,212.85081481933594,214.72000122070312,216.24000549316406,212.5399932861328,213.38999938964844,21026400,META
2023-04-05,209.63905334472656,211.47999572753906,215.19000244140625,209.94000244140625,214.14999389648438,19396600,META
2023-04-06,214.21884155273438,216.10000610351562,216.94000244140625,208.64999389648438,209.25,26104400,META
2023-04-10,212.88058471679688,214.75,215.66000366210938,210.66000366210938,214.7100067138672,16106100,META
2023-04-11,211.98843383789062,213.85000610351562,216.02000427246094,213.41000366210938,215.47999572753906,16710100,META
2023-04-12,212.13710021972656,214.0,216.83999633789062,212.5800018310547,214.83999633789062,18972200,META
2023-04-13,218.4318389892578,220.35000610351562,221.14999389648438,215.69000244140625,215.72999572753906,23310400,META
2023-04-14,219.56192016601562,221.49000549316406,222.11000061035156,217.5500030517578,217.8800048828125,21591200,META
2023-04-17,216.95480346679688,218.86000061035156,220.97999572753906,217.1300048828125,219.7899932861328,15481900,META
2023-04-18,215.99327087402344,217.88999938964844,220.44000244140625,216.2100067138672,219.91000366210938,12281000,META
2023-04-19,213.8223114013672,215.6999969482422,217.3300018310547,212.92999267578125,213.47000122070312,15898100,META
2023-04-20,211.2152099609375,213.07000732421875,216.75,212.77000427246094,213.47999572753906,16475400,META
2023-04-21,211.03675842285156,212.88999938964844,213.41000366210938,209.5800018310547,210.2100067138672,17717200,META
2023-04-24,210.93760681152344,212.7899932861328,213.9199981689453,210.7100067138672,213.67999267578125,15750900,META
2023-04-25,205.74327087402344,207.5500030517578,211.25999450683594,207.1300048828125,210.82000732421875,19198200,META
2023-04-26,207.57713317871094,209.39999389648438,214.11000061035156,208.8800048828125,212.5,41992700,META
2023-04-27,236.48330688476562,238.55999755859375,241.69000244140625,236.77000427246094,239.88999938964844,71196500,META
2023-04-28,238.22799682617188,240.32000732421875,240.42999267578125,235.75,239.00999450683594,39554000,META
2023-05-01,241.06307983398438,243.17999267578125,244.0,236.4600067138672,238.6199951171875,29143900,META
2023-05-02,237.15740966796875,239.24000549316406,244.9199981689453,238.99000549316406,243.17999267578125,24350100,META
2023-05-03,234.9666290283203,237.02999877929688,241.75,232.75,239.47000122070312,34463900,META
2023-05-04,231.48719787597656,233.52000427246094,238.1999969482422,232.92999267578125,236.05999755859375,17889400,META
2023-05-05,230.75360107421875,232.77999877929688,234.67999267578125,229.85000610351562,232.24000549316406,27000500,META
2023-05-08,231.23936462402344,233.27000427246094,235.6199951171875,230.27000427246094,231.4199981689453,16400500,META
2023-05-09,231.33848571777344,233.3699951171875,235.8800048828125,231.0800018310547,231.4600067138672,16865600,META
2023-05-10,231.051025390625,233.0800018310547,236.75,230.72000122070312,236.1699981689453,19119000,META
2023-05-11,233.73739624023438,235.7899932861328,238.2100067138672,232.3000030517578,233.0500030517578,20449000,META
2023-05-12,231.77464294433594,233.80999755859375,236.9600067138672,231.4499969482422,236.74000549316406,16161400,META
2023-05-15,236.78070068359375,238.86000061035156,240.25999450683594,235.3300018310547,236.9199981689453,20653200,META
2023-05-16,236.74105834960938,238.82000732421875,239.63999938964844,235.52000427246094,235.7899932861328,18163800,META
2023-05-17,240.3791046142578,242.49000549316406,243.83999633789062,238.13999938964844,238.4499969482422,21193100,META
2023-05-18,244.70115661621094,246.85000610351562,247.08999633789062,241.19000244140625,241.3000030517578,22943300,META
2023-05-19,243.5016632080078,245.63999938964844,248.69000244140625,243.41000366210938,247.47000122070312,21733600,META
2023-05-22,246.15835571289062,248.32000732421875,253.57000732421875,245.1199951171875,245.41000366210938,27738500,META
2023-05-23,244.59210205078125,246.74000549316406,251.61000061035156,246.64999389648438,246.80999755859375,17748100,META
2023-05-24,247.0406036376953,249.2100067138672,249.58999633789062,244.9499969482422,245.27999877929688,17724300,META
2023-05-25,250.49029541015625,252.69000244140625,255.6199951171875,249.1699981689453,253.39999389648438,22371400,META
2023-05-26,259.75897216796875,262.0400085449219,262.30999755859375,252.7100067138672,252.92999267578125,25727200,META
2023-05-30,260.23468017578125,262.5199890136719,268.6499938964844,261.2900085449219,265.25,23816500,META
2023-05-31,262.4156188964844,264.7200012207031,265.0,258.45001220703125,260.0,25473700,META
2023-06-01,270.23687744140625,272.6099853515625,274.0,265.8900146484375,265.8999938964844,25609500,META
2023-06-02,270.23687744140625,272.6099853515625,275.3500061035156,271.1199951171875,272.6600036621094,19416900,META
2023-06-05,269.0275573730469,271.3900146484375,275.57000732421875,269.55999755859375,270.29998779296875,20742900,META
2023-06-06,268.7598571777344,271.1199951171875,276.57000732421875,269.69000244140625,270.1400146484375,19419000,META
2023-06-07,261.30535888671875,263.6000061035156,274.25,262.79998779296875,271.6700134277344,26163600,META
2023-06-08,262.27679443359375,264.5799865722656,267.6499938964844,258.8800048828125,260.6199951171875,20899400,META
2023-06-09,262.6435852050781,264.95001220703125,267.95001220703125,261.70001220703125,262.4800109863281,16949800,META
2023-06-12,268.69049072265625,271.04998779296875,271.75,265.3299865722656,267.1700134277344,15442500,META
2023-06-13,268.9581298828125,271.32000732421875,275.7200012207031,269.0899963378906,274.8800048828125,16164000,META
2023-06-14,270.9704284667969,273.3500061035156,274.989990234375,268.32000732421875,271.8900146484375,19175100,META
2023-06-15,279.3766784667969,281.8299865722656,283.989990234375,271.4200134277344,272.29998779296875,25973500,META
2023-06-16,278.5538635253906,281.0,287.8500061035156,280.1300048828125,284.75,43127700,META
2023-06-20,281.8548583984375,284.3299865722656,284.79998779296875,276.2200012207031,278.7300109863281,20701600,META
2023-06-21,279.18829345703125,281.6400146484375,284.0,278.3599853515625,283.5299987792969,20556200,META
2023-06-22,282.4000549316406,284.8800048828125,285.260009765625,277.7900085449219,279.0799865722656,17563100,META
2023-06-23,286.2165832519531,288.7300109863281,289.6700134277344,278.95001220703125,281.510009765625,51092000,META
2023-06-26,276.0458984375,278.4700012207031,289.7900085449219,277.6000061035156,288.70001220703125,24232700,META
2023-06-27,284.5511779785156,287.04998779296875,289.3500061035156,280.6499938964844,282.010009765625,26108300,META
2023-06-28,282.80657958984375,285.2900085449219,289.54998779296875,284.05999755859375,284.82000732421875,16722100,META
2023-06-29,279.0792236328125,281.5299987792969,286.57000732421875,280.69000244140625,284.5,15395700,META
2023-06-30,284.4818420410156,286.9800109863281,289.04998779296875,284.4200134277344,284.760009765625,19694900,META
2023-07-03,283.5301513671875,286.0199890136719,289.3999938964844,284.8500061035156,286.70001220703125,8629300,META
2023-07-05,291.8074645996094,294.3699951171875,298.1199951171875,286.3599853515625,287.6499938964844,33865500,META
2023-07-06,289.4482116699219,291.989990234375,298.1199951171875,291.30999755859375,295.8900146484375,47600500,META
2023-07-07,288.00091552734375,290.5299987792969,296.20001220703125,288.6600036621094,292.17999267578125,25586000,META
2023-07-10,291.5398254394531,294.1000061035156,298.1300048828125,287.04998779296875,295.54998779296875,37058300,META
2023-07-11,295.6933898925781,298.2900085449219,300.17999267578125,291.8999938964844,293.8999938964844,27585900,META
2023-07-12,306.647216796875,309.3399963378906,309.45001220703125,300.1000061035156,301.75,36677100,META
2023-07-13,310.68170166015625,313.4100036621094,316.239990234375,310.2900085449219,313.6199951171875,30281000,META
2023-07-14,306.1812438964844,308.8699951171875,314.8800048828125,307.3599853515625,311.7900085449219,23054100,META
2023-07-17,307.916015625,310.6199951171875,311.7099914550781,304.7099914550781,307.5400085449219,25323100,META
2023-07-18,309.3335266113281,312.04998779296875,314.20001220703125,307.6199951171875,310.8800048828125,20731900,META
2023-07-19,313.25909423828125,316.010009765625,318.67999267578125,310.5199890136719,313.0299987792969,21763700,META
2023-07-20,299.8865051269531,302.5199890136719,315.5400085449219,302.2200012207031,313.5,23836900,META
2023-07-21,291.6983947753906,294.260009765625,305.4599914550781,291.20001220703125,304.57000732421875,42139300,META
2023-07-24,289.071533203125,291.6099853515625,297.5199890136719,288.29998779296875,295.7799987792969,24915700,META
2023-07-25,291.9066162109375,294.4700012207031,298.29998779296875,291.8599853515625,295.19000244140625,19585600,META
2023-07-26,295.9709167480469,298.57000732421875,301.7699890136719,291.8999938964844,301.19000244140625,47256900,META
2023-07-27,308.9964904785156,311.7099914550781,325.3500061035156,309.8399963378906,325.1199951171875,64229200,META
2023-07-28,322.6466064453125,325.4800109863281,326.20001220703125,314.25,316.8800048828125,39220300,META
2023-07-31,315.8265380859375,318.6000061035156,325.6600036621094,317.5899963378906,323.69000244140625,25799600,META
2023-08-01,319.9007568359375,322.7099914550781,324.1400146484375,314.6600036621094,317.5400085449219,22817900,META
2023-08-02,311.5738830566406,314.30999755859375,318.3900146484375,310.6499938964844,318.0,20461100,META
2023-08-03,310.4635925292969,313.19000244140625,315.95001220703125,309.92999267578125,309.92999267578125,15180200,META
2023-08-04,308.0251159667969,310.7300109863281,318.4100036621094,310.20001220703125,314.9599914550781,17612800,META
2023-08-07,313.8043212890625,316.55999755859375,317.07000732421875,310.4599914550781,313.2300109863281,16236500,META
2023-08-08,309.9184265136719,312.6400146484375,317.8900146484375,310.1099853515625,314.3999938964844,15183500,META
2023-08-09,302.5530700683594,305.2099914550781,313.6300048828125,302.8500061035156,312.8800048828125,19955800,META
2023-08-10,303.0784912109375,305.739990234375,312.3399963378906,303.8699951171875,307.94000244140625,14358900,META
2023-08-11,299.01422119140625,301.6400146484375,304.7200012207031,300.3599853515625,302.57000732421875,14046300,META
2023-08-14,303.52459716796875,306.19000244140625,306.2099914550781,298.25,300.9800109863281,15641900,META
2023-08-15,299.3215026855469,301.95001220703125,307.2300109863281,300.0299987792969,306.1400146484375,11623600,META
2023-08-16,291.7281494140625,294.2900085449219,301.0799865722656,294.2799987792969,300.20001220703125,18547700,META
2023-08-17,282.6082458496094,285.0899963378906,296.04998779296875,284.95001220703125,293.04998779296875,23950100,META
2023-08-18,280.7843017578125,283.25,285.69000244140625,274.3800048828125,279.0299987792969,35347900,META
2023-08-21,287.3763732910156,289.8999938964844,290.5,281.8500061035156,283.45001220703125,20181500,META
2023-08-22,285.096435546875,287.6000061035156,292.8999938964844,286.75,292.54998779296875,12980200,META
2023-08-23,291.6786193847656,294.239990234375,297.3999938964844,287.6700134277344,288.5,18287000,META
2023-08-24,284.2537841796875,286.75,299.4599914550781,286.6400146484375,298.5,18360900,META
2023-08-25,283.0146484375,285.5,288.3900146484375,276.0299987792969,286.1300048828125,23701400,META
2023-08-28,287.7333068847656,290.260009765625,291.45001220703125,285.79998779296875,288.0,14239300,META
2023-08-29,295.39593505859375,297.989990234375,299.1499938964844,288.17999267578125,288.5799865722656,20844500,META
2023-08-30,292.5311279296875,295.1000061035156,298.2900085449219,293.42999267578125,297.1700134277344,17717000,META
2023-08-31,293.3142395019531,295.8900146484375,301.1000061035156,295.6600036621094,295.79998779296875,17229900,META
2023-09-01,293.7999572753906,296.3800048828125,301.739990234375,294.4700012207031,299.3699951171875,12842300,META
2023-09-05,297.5371398925781,300.1499938964844,301.3900146484375,295.510009765625,297.0199890136719,14956000,META
2023-09-06,296.5657043457031,299.1700134277344,303.29998779296875,295.6600036621094,301.7099914550781,15418100,META
2023-09-07,296.0700378417969,298.6700134277344,307.04998779296875,292.2200012207031,298.0,33748700,META
2023-09-08,295.29681396484375,297.8900146484375,305.25,296.7799987792969,299.2200012207031,17548000,META
2023-09-11,304.88262939453125,307.55999755859375,309.0400085449219,301.2799987792969,301.4100036621094,19489300,META
2023-09-12,299.0340270996094,301.6600036621094,308.6600036621094,300.2300109863281,306.3299865722656,13480400,META
2023-09-13,302.4043884277344,305.05999755859375,307.17999267578125,301.32000732421875,302.3599853515625,13210900,META
2023-09-14,309.0064392089844,311.7200012207031,312.8699951171875,305.0299987792969,306.739990234375,19343100,META
2023-09-15,297.6957702636719,300.30999755859375,312.0,298.75,311.6099853515625,28131100,META
2023-09-18,299.9162292480469,302.54998779296875,303.6000061035156,297.79998779296875,298.19000244140625,14234200,META
2023-09-19,302.41436767578125,305.07000732421875,306.1700134277344,299.80999755859375,302.4800109863281,15924400,META
2023-09-20,297.0614013671875,299.6700134277344,308.05999755859375,299.42999267578125,305.04998779296875,19379500,META
2023-09-21,293.1556396484375,295.7300109863281,300.260009765625,293.2699890136719,295.70001220703125,21319600,META
2023-09-22,296.4764404296875,299.0799865722656,305.3800048828125,298.2699890136719,299.29998779296875,25369600,META
2023-09-25,298.2112121582031,300.8299865722656,300.95001220703125,293.70001220703125,295.6400146484375,18987000,META
2023-09-26,296.35748291015625,298.9599914550781,300.29998779296875,296.010009765625,297.6600036621094,19417200,META
2023-09-27,295.1480712890625,297.739990234375,301.29998779296875,286.7900085449219,300.45001220703125,36429800,META
2023-09-28,301.31402587890625,303.9599914550781,306.3299865722656,296.70001220703125,298.94000244140625,22167100,META
2023-09-29,297.5965881347656,300.2099914550781,310.6400146484375,299.3599853515625,307.3800048828125,25373700,META
2023-10-02,304.14910888671875,306.82000732421875,307.17999267578125,301.6300048828125,302.739990234375,16265600,META
2023-10-03,298.3202819824219,300.94000244140625,306.7699890136719,299.6400146484375,304.260009765625,17362300,META
2023-10-04,302.91986083984375,305.5799865722656,306.8999938964844,298.5,298.7300109863281,16880500,META
2023-10-05,302.1368103027344,304.7900085449219,306.2099914550781,299.5,304.6300048828125,19130000,META
2023-10-06,312.6841735839844,315.42999267578125,316.30999755859375,300.9100036621094,301.44000244140625,21803900,META
2023-10-09,315.5886535644531,318.3599853515625,320.3299865722656,311.82000732421875,312.5,22503700,META
2023-10-10,319.0383605957031,321.8399963378906,324.6600036621094,318.1600036621094,319.1199951171875,19038000,META
2023-10-11,324.96630859375,327.82000732421875,328.8399963378906,322.95001220703125,323.010009765625,22036300,META
2023-10-12,321.33807373046875,324.1600036621094,330.5400085449219,322.69000244140625,328.0,20530500,META
2023-10-13,311.9505615234375,314.69000244140625,325.04998779296875,312.3699951171875,323.5299987792969,21341000,META
2023-10-16,318.3543395996094,321.1499938964844,321.82000732421875,315.5199890136719,318.6400146484375,16536100,META
2023-10-17,321.1795349121094,324.0,324.3999938964844,317.29998779296875,318.17999267578125,16387800,META
2023-10-18,314.2107238769531,316.9700012207031,325.94000244140625,315.55999755859375,321.3900146484375,16851000,META
2023-10-19,310.0869445800781,312.80999755859375,321.8900146484375,311.75,319.8800048828125,18709200,META
2023-10-20,305.9631652832031,308.6499938964844,315.29998779296875,306.4700012207031,314.1400146484375,22312300,META
2023-10-23,311.2765197753906,314.010009765625,317.3599853515625,307.260009765625,309.5,17796800,META
2023-10-24,309.8292236328125,312.54998779296875,318.3500061035156,310.6300048828125,316.7799987792969,19525500,META
2023-10-25,296.92254638671875,299.5299987792969,310.8800048828125,298.8399963378906,310.0,42192500,META
2023-10-26,285.8398742675781,288.3500061035156,295.0,279.3999938964844,295.0,66684100,META
2023-10-27,294.14697265625,296.7300109863281,299.30999755859375,292.9700012207031,294.4800109863281,29596300,META
2023-10-30,300.02532958984375,302.6600036621094,309.3999938964844,299.04998779296875,299.0899963378906,28435100,META
2023-10-31,298.6473693847656,301.2699890136719,303.67999267578125,296.8599853515625,303.30999755859375,19434200,META
2023-11-01,309.1352844238281,311.8500061035156,312.739990234375,301.8500061035156,301.8500061035156,20434600,META
2023-11-02,308.1638488769531,310.8699951171875,318.82000732421875,308.3299865722656,317.29998779296875,21631800,META
2023-11-03,311.86138916015625,314.6000061035156,315.54998779296875,311.0199890136719,312.54998779296875,16764300,META
2023-11-06,313.0509033203125,315.79998779296875,318.3299865722656,314.45001220703125,315.9800109863281,12887700,META
2023-11-07,316.0446472167969,318.82000732421875,321.0,315.1199951171875,317.05999755859375,14055600,META
2023-11-08,316.99627685546875,319.7799987792969,321.3299865722656,314.8800048828125,318.1400146484375,13609700,META
2023-11-09,317.75958251953125,320.54998779296875,324.17999267578125,318.79998779296875,319.4200134277344,16103100,META
2023-11-10,325.9079895019531,328.7699890136719,329.1000061035156,319.4599914550781,319.94000244140625,19096200,META
2023-11-13,326.32440185546875,329.19000244140625,332.3299865722656,325.70001220703125,326.20001220703125,16908900,META
2023-11-14,333.3823547363281,336.30999755859375,338.1000061035156,333.3299865722656,334.5400085449219,17179400,META
2023-11-15,329.8136901855469,332.7099914550781,338.3999938964844,330.0199890136719,337.92999267578125,14531200,META
2023-11-16,331.2808532714844,334.19000244140625,334.5799865722656,326.3800048828125,329.3699951171875,18932600,META
2023-11-17,332.1233825683594,335.0400085449219,335.5,329.3500061035156,330.260009765625,14494400,META
2023-11-20,337.010498046875,339.9700012207031,341.8699951171875,334.19000244140625,334.8900146484375,16960500,META
2023-11-21,334.04656982421875,336.9800109863281,339.8999938964844,335.8999938964844,338.3299865722656,12027900,META
2023-11-22,338.517333984375,341.489990234375,342.9200134277344,338.5799865722656,339.2099914550781,10702700,META
2023-11-24,335.28564453125,338.2300109863281,341.8599853515625,336.7699890136719,340.1300048828125,5467500,META
2023-11-27,331.7864074707031,334.70001220703125,339.8999938964844,334.20001220703125,336.17999267578125,15684500,META
2023-11-28,336.0390319824219,338.989990234375,339.3800048828125,333.3999938964844,333.3999938964844,12637200,META
2023-11-29,329.3082275390625,332.20001220703125,339.8999938964844,330.7799987792969,339.69000244140625,16024500,META
2023-11-30,324.30218505859375,327.1499938964844,333.5,322.3999938964844,331.8900146484375,23146400,META
2023-12-01,321.9924011230469,324.82000732421875,326.8599853515625,320.760009765625,325.4800109863281,15276400,META
2023-12-04,317.2342224121094,320.0199890136719,320.8599853515625,313.6600036621094,317.2900085449219,19037100,META
2023-12-05,315.519287109375,318.2900085449219,321.8800048828125,315.3900146484375,318.9800109863281,16952100,META
2023-12-06,314.6865539550781,317.45001220703125,322.25,317.0400085449219,321.92999267578125,11294300,META
2023-12-07,323.74700927734375,326.5899963378906,328.239990234375,317.7699890136719,317.7699890136719,15905100,META
2023-12-08,329.8533935546875,332.75,333.1700134277344,323.0,323.0899963378906,14087400,META
2023-12-11,322.4483947753906,325.2799987792969,329.8900146484375,320.0,329.3999938964844,25802500,META
2023-12-12,331.3105773925781,334.2200012207031,334.4700012207031,324.55999755859375,324.6000061035156,18485500,META
2023-12-13,331.8260498046875,334.739990234375,338.3699951171875,332.6400146484375,333.92999267578125,16353300,META
2023-12-14,330.2697448730469,333.1700134277344,334.70001220703125,328.6400146484375,333.8500061035156,19607300,META
2023-12-15,332.0044860839844,334.9200134277344,338.6600036621094,331.2200012207031,331.989990234375,31776900,META
2023-12-18,341.62005615234375,344.6199951171875,347.55999755859375,337.0199890136719,337.4800109863281,18993900,META
2023-12-19,347.31005859375,350.3599853515625,353.6000061035156,345.1199951171875,345.5799865722656,17729400,META
2023-12-20,346.23944091796875,349.2799987792969,354.9599914550781,347.7900085449219,348.6499938964844,16369900,META
2023-12-21,351.0075988769531,354.0899963378906,356.4100036621094,349.2099914550781,352.9800109863281,15289600,META
2023-12-22,350.3137512207031,353.3900146484375,357.20001220703125,351.2200012207031,355.5799865722656,11772800,META
2023-12-26,351.7411804199219,354.8299865722656,356.9800109863281,353.45001220703125,354.989990234375,9898600,META
2023-12-27,354.7150573730469,357.8299865722656,359.0,355.30999755859375,356.07000732421875,13207900,META
2023-12-28,355.2007751464844,358.32000732421875,361.8999938964844,357.80999755859375,359.70001220703125,11798800,META
2023-12-29,350.87872314453125,353.9599914550781,360.0,351.82000732421875,358.989990234375,14987100,META
2024-01-02,343.2754821777344,346.2900085449219,353.1600036621094,340.010009765625,351.32000732421875,19042200,META
2024-01-03,341.47137451171875,344.4700012207031,347.95001220703125,343.17999267578125,344.9800109863281,15451100,META
2024-01-04,344.0982666015625,347.1199951171875,348.1499938964844,343.3999938964844,344.5,12099900,META
2024-01-05,348.88623046875,351.95001220703125,353.5,346.260009765625,346.989990234375,13920700,META
2024-01-08,355.5378112792969,358.6600036621094,358.9800109863281,352.04998779296875,354.70001220703125,13890200,META
2024-01-09,354.31854248046875,357.42999267578125,360.6400146484375,355.3599853515625,356.3999938964844,13463900,META
2024-01-10,367.2450256347656,370.4700012207031,372.94000244140625,359.0799865722656,360.1700134277344,22117200,META
2024-01-11,366.4520568847656,369.6700134277344,372.7799987792969,362.92999267578125,372.1300048828125,17205400,META
2024-01-12,371.2300109863281,374.489990234375,377.05999755859375,369.5400085449219,370.1600036621094,19310000,META
2024-01-16,364.2611999511719,367.4599914550781,375.6099853515625,367.2300109863281,373.6499938964844,15306900,META
2024-01-17,365.1632385253906,368.3699951171875,368.5400085449219,358.6099853515625,366.29998779296875,12724800,META
2024-01-18,372.85577392578125,376.1300048828125,376.8500061035156,370.95001220703125,371.489990234375,16354300,META
2024-01-19,380.1120300292969,383.45001220703125,384.3599853515625,377.9700012207031,379.0,21670800,META
2024-01-22,378.4565734863281,381.7799987792969,390.3500061035156,381.1600036621094,387.95001220703125,17680500,META
2024-01-23,381.8467712402344,385.20001220703125,388.3800048828125,382.0799865722656,384.6199951171875,15506100,META
2024-01-24,387.29888916015625,390.70001220703125,396.1499938964844,387.80999755859375,390.0,15698500,META
2024-01-25,389.7572937011719,393.17999267578125,395.489990234375,385.6600036621094,390.1700134277344,15091100,META
2024-01-26,390.7090148925781,394.1400146484375,396.7900085449219,391.5899963378906,394.3500061035156,13163700,META
2024-01-29,397.5290832519531,401.0199890136719,402.92999267578125,393.1000061035156,394.989990234375,18742400,META
2024-01-30,396.57745361328125,400.05999755859375,406.3599853515625,399.57000732421875,403.5899963378906,18614700,META
2024-01-31,386.7437744140625,390.1400146484375,398.0,387.1000061035156,389.0,20180800,META
2024-02-01,391.3434143066406,394.7799987792969,400.5,393.04998779296875,393.94000244140625,29727100,META
2024-02-02,470.85516357421875,474.989990234375,485.9599914550781,453.010009765625,459.6000061035156,84707600,META
2024-02-05,455.4107971191406,459.4100036621094,471.8999938964844,459.2200012207031,469.8800048828125,40832400,META
2024-02-06,450.7615661621094,454.7200012207031,467.1199951171875,453.0,464.0,21655200,META
2024-02-07,465.502197265625,469.5899963378906,471.5199890136719,456.17999267578125,458.0,23066000,META
2024-02-08,465.9085693359375,470.0,470.5899963378906,465.0299987792969,468.32000732421875,18815100,META
2024-02-09,464.0350341796875,468.1099853515625,473.5899963378906,467.4700012207031,472.95001220703125,18413100,META
2024-02-12,464.8181457519531,468.8999938964844,479.1499938964844,466.5799865722656,468.19000244140625,19382000,META
2024-02-13,456.1145935058594,460.1199951171875,467.8900146484375,455.0899963378906,456.8699951171875,20916600,META
2024-02-14,469.1600646972656,473.2799987792969,474.1099853515625,466.0899963378906,467.92999267578125,16858400,META
2024-02-15,479.81640625,484.0299987792969,488.6199951171875,472.2200012207031,475.2799987792969,24212300,META
2024-02-16,469.19970703125,473.32000732421875,478.9599914550781,469.2099914550781,478.1099853515625,23324600,META
2024-02-20,467.643310546875,471.75,476.17999267578125,466.55999755859375,469.7200012207031,18015500,META
2024-02-21,464.4480285644531,468.0299987792969,469.0,461.7900085449219,466.5,12921800,META
2024-02-22,482.4094543457031,486.1300048828125,489.989990234375,476.05999755859375,480.239990234375,21625800,META
2024-02-23,480.32550048828125,484.0299987792969,494.3599853515625,482.3500061035156,488.04998779296875,18374300,META
2024-02-26,478.0531005859375,481.739990234375,486.1400146484375,480.6000061035156,483.4700012207031,12101400,META
2024-02-27,483.32244873046875,487.04998779296875,487.2699890136719,479.9200134277344,479.9800109863281,10809600,META
2024-02-28,480.31561279296875,484.0199890136719,491.04998779296875,482.75,485.0,12715500,META
2024-02-29,486.37890625,490.1300048828125,491.70001220703125,482.6099853515625,488.44000244140625,17732000,META
2024-03-01,498.4557189941406,502.29998779296875,504.25,491.8500061035156,492.1099853515625,16273600,META
2024-03-04,494.3771667480469,498.19000244140625,504.4200134277344,496.4200134277344,503.0,12324100,META
2024-03-05,486.4681396484375,490.2200012207031,495.5799865722656,487.8900146484375,495.0,15325300,META
2024-03-06,492.2932434082031,496.0899963378906,502.9700012207031,494.2900085449219,497.6300048828125,11757900,META
2024-03-07,508.27001953125,512.1900024414062,519.8499755859375,501.3800048828125,503.2799987792969,18586400,META
2024-03-08,502.0777893066406,505.95001220703125,523.5700073242188,499.3500061035156,514.1900024414062,18597100,META
2024-03-11,479.888916015625,483.5899963378906,497.32000732421875,476.0,497.010009765625,20428300,META
2024-03-12,495.92523193359375,499.75,502.30999755859375,484.7300109863281,493.260009765625,15448200,META
2024-03-13,491.7772521972656,495.57000732421875,500.9800109863281,491.0299987792969,495.3900146484375,12090700,META
2024-03-14,488.0658264160156,491.8299865722656,501.3500061035156,488.1600036621094,500.260009765625,12620000,META
2024-03-15,480.39501953125,484.1000061035156,491.8299865722656,481.29998779296875,489.010009765625,29153600,META
2024-03-18,493.1764221191406,496.9800109863281,497.4200134277344,486.80999755859375,491.9100036621094,11755300,META
2024-03-19,492.4421081542969,496.239990234375,496.6300048828125,481.2799987792969,488.1700134277344,10903100,META
2024-03-20,501.6510925292969,505.5199890136719,508.20001220703125,495.1700134277344,499.5,11711100,META
2024-03-21,503.87396240234375,507.760009765625,515.0399780273438,506.010009765625,514.7100219726562,9712500,META
2024-03-22,505.6800231933594,509.5799865722656,509.9700012207031,504.3399963378906,507.0,8120600,META
2024-03-25,499.17022705078125,503.0199890136719,507.2200012207031,500.239990234375,505.7900085449219,8380600,META
2024-03-26,492.0948486328125,495.8900146484375,510.0,495.2099914550781,505.1300048828125,11205400,META
2024-03-27,490.080322265625,493.8599853515625,499.8900146484375,488.07000732421875,499.29998779296875,9989700,META
2024-03-28,481.8636779785156,485.5799865722656,492.8900146484375,485.1499938964844,492.8399963378906,15212800,META
2024-04-01,487.58953857421875,491.3500061035156,497.42999267578125,481.7799987792969,487.20001220703125,9247000,META
2024-04-02,493.5634460449219,497.3699951171875,497.5299987792969,484.6499938964844,485.1000061035156,11081000,META
2024-04-03,502.8617248535156,506.739990234375,507.239990234375,498.75,498.92999267578125,12099200,META
2024-04-04,507.0097351074219,510.9200134277344,530.0,510.5799865722656,516.4199829101562,26476300,META
2024-04-05,523.3041381835938,527.3400268554688,530.7000122070312,514.4099731445312,516.8599853515625,19263300,META
2024-04-08,515.2760009765625,519.25,531.489990234375,518.8900146484375,529.280029296875,13260600,META
2024-04-09,512.9439697265625,516.9000244140625,525.8699951171875,506.739990234375,522.22998046875,10863800,META
2024-04-10,515.8516845703125,519.8300170898438,522.5599975585938,505.79998779296875,509.2900085449219,11418500,META
2024-04-11,519.1561279296875,523.1599731445312,523.8599853515625,517.2899780273438,521.1099853515625,10369500,META
2024-04-12,507.9822692871094,511.8999938964844,520.1900024414062,509.3299865722656,517.75,11984500,META
2024-04-15,496.40155029296875,500.2300109863281,518.530029296875,497.2799987792969,516.719970703125,13512900,META
2024-04-16,495.9351806640625,499.760009765625,504.7699890136719,497.1099853515625,498.1099853515625,9847900,META
2024-04-17,490.387939453125,494.1700134277344,503.1600036621094,487.1400146484375,503.1000061035156,12193700,META
2024-04-18,497.95953369140625,501.79998779296875,512.2100219726562,499.0400085449219,499.82000732421875,14808700,META
2024-04-19,477.3882141113281,481.07000732421875,502.79998779296875,475.7300109863281,502.79998779296875,25215400,META
2024-04-22,478.0431823730469,481.7300109863281,492.010009765625,473.3999938964844,489.7200012207031,17271100,META
2024-04-23,492.30316162109375,496.1000061035156,498.760009765625,488.9700012207031,491.25,15079200,META
2024-04-24,489.72308349609375,493.5,510.0,484.5799865722656,508.05999755859375,37772700,META
2024-04-25,438.0019836425781,441.3800048828125,445.7699890136719,414.5,421.3999938964844,82890700,META
2024-04-26,439.8973693847656,443.2900085449219,446.44000244140625,431.9599914550781,441.4599914550781,32691400,META
2024-04-29,429.3089904785156,432.6199951171875,439.760009765625,428.55999755859375,439.55999755859375,21502600,META
2024-04-30,426.8778076171875,430.1700134277344,439.6199951171875,429.7200012207031,431.04998779296875,18429500,META
2024-05-01,435.8287353515625,439.19000244140625,449.9599914550781,427.1099853515625,428.6000061035156,20344900,META
2024-05-02,438.2996520996094,441.67999267578125,443.9599914550781,432.2799987792969,438.8399963378906,15221300,META
2024-05-03,448.5010070800781,451.9599914550781,454.1700134277344,443.8500061035156,445.92999267578125,16489100,META
2024-05-06,462.1159973144531,465.67999267578125,466.1600036621094,453.3399963378906,455.5799865722656,15094600,META
2024-05-07,464.6564025878906,468.239990234375,471.5299987792969,461.30999755859375,466.2900085449219,13406800,META
2024-05-08,468.9830627441406,472.6000061035156,475.5799865722656,463.0,463.5,11683900,META
2024-05-09,471.7814636230469,475.4200134277344,476.0799865722656,467.6300048828125,470.0,9437700,META
2024-05-10,472.55548095703125,476.20001220703125,477.5,469.6000061035156,477.0899963378906,10750000,META
2024-05-13,464.42816162109375,468.010009765625,473.3500061035156,462.8500061035156,472.75,14668800,META
2024-05-14,468.23876953125,471.8500061035156,472.5400085449219,460.0799865722656,463.3699951171875,10478600,META
2024-05-15,477.8546142578125,481.5400085449219,482.5,471.20001220703125,474.9800109863281,13100500,META
2024-05-16,469.6082458496094,473.2300109863281,477.69000244140625,472.75,475.0,16608200,META
2024-05-17,468.2983093261719,471.9100036621094,472.79998779296875,468.4200134277344,470.8299865722656,10807300,META
2024-05-20,465.2518005371094,468.8399963378906,473.20001220703125,467.0400085449219,469.95001220703125,11745100,META
2024-05-21,461.07403564453125,464.6300048828125,470.70001220703125,462.2699890136719,467.1199951171875,11742200,META
2024-05-22,464.19989013671875,467.7799987792969,473.7200012207031,465.6499938964844,467.8699951171875,10078600,META
2024-05-23,462.2152099609375,465.7799987792969,474.3599853515625,461.5400085449219,472.8800048828125,11747900,META
2024-05-24,474.55999755859375,478.2200012207031,479.8500061035156,466.29998779296875,467.6199951171875,12024300,META
2024-05-28,476.2470397949219,479.9200134277344,480.8599853515625,474.8399963378906,476.5799865722656,10175800,META
2024-05-29,470.72955322265625,474.3599853515625,479.8500061035156,473.70001220703125,474.6600036621094,9226200,META
2024-05-30,463.4754638671875,467.04998779296875,471.7300109863281,464.7099914550781,471.6700134277344,10719600,META
2024-05-31,463.2571716308594,466.8299865722656,469.1199951171875,454.4599914550781,465.79998779296875,16919800,META
2024-06-03,473.8356018066406,477.489990234375,479.6000061035156,468.239990234375,470.8599853515625,11279400,META
2024-06-04,473.3393859863281,476.989990234375,478.8900146484375,473.2300109863281,477.0,7088700,META
2024-06-05,491.2711486816406,495.05999755859375,496.6499938964844,483.9100036621094,484.45001220703125,15690500,META
2024-06-06,489.9811096191406,493.760009765625,502.82000732421875,490.8900146484375,492.9800109863281,10667300,META
2024-06-07,489.1872253417969,492.9599914550781,498.9100036621094,490.1700134277344,495.9100036621094,9380700,META
2024-06-10,498.75341796875,502.6000061035156,502.6600036621094,493.4100036621094,493.8599853515625,11220900,META
2024-06-11,503.586181640625,507.4700012207031,507.6000061035156,498.2699890136719,500.1600036621094,9673700,META
2024-06-12,504.9456481933594,508.8399963378906,514.010009765625,504.4700012207031,513.989990234375,11983200,META
2024-06-13,500.2419738769531,504.1000061035156,509.3599853515625,501.3599853515625,505.7099914550781,9954600,META
2024-06-14,500.7981872558594,504.1600036621094,507.1499938964844,500.75,502.6499938964844,10243300,META
2024-06-17,503.2518005371094,506.6300048828125,510.75,496.010009765625,501.6700134277344,11266600,META
2024-06-18,496.1593933105469,499.489990234375,506.0,495.0199890136719,504.55999755859375,13060400,META
2024-06-20,498.3546447753906,501.70001220703125,503.6700134277344,496.7699890136719,502.0,11801200,META
2024-06-21,491.48077392578125,494.7799987792969,503.45001220703125,492.3900146484375,503.45001220703125,22359200,META
2024-06-24,495.583251953125,498.9100036621094,507.79998779296875,494.2900085449219,499.20001220703125,13525300,META
2024-06-25,507.1952819824219,510.6000061035156,510.7099914550781,495.5,497.04998779296875,12063200,META
2024-06-26,509.6984558105469,513.1199951171875,513.8099975585938,504.67999267578125,506.6499938964844,8882300,META
2024-06-27,516.0955200195312,519.5599975585938,522.8800048828125,513.9000244140625,514.25,10121200,META
2024-06-28,500.85784912109375,504.2200012207031,521.8800048828125,503.8399963378906,517.1500244140625,15855100,META
2024-07-01,501.3147277832031,504.67999267578125,506.5799865722656,493.1700134277344,504.95001220703125,10328200,META
2024-07-02,506.10260009765625,509.5,510.5,499.45001220703125,500.760009765625,7739500,META
2024-07-03,506.55950927734375,509.9599914550781,511.2799987792969,506.0199890136719,506.3699951171875,6005600,META
2024-07-05,536.3098754882812,539.9099731445312,540.8699951171875,511.6000061035156,511.6000061035156,21354100,META
2024-07-08,525.7904663085938,529.3200073242188,542.8099975585938,526.6500244140625,542.3499755859375,14917500,META
2024-07-09,526.4658813476562,530.0,537.47998046875,528.1900024414062,533.75,8753200,META
2024-07-10,531.1245727539062,534.6900024414062,538.8800048828125,528.3599853515625,530.7899780273438,10983300,META
2024-07-11,509.28125,512.7000122070312,535.4600219726562,508.3699951171875,530.8900146484375,16458300,META
2024-07-12,495.5434875488281,498.8699951171875,508.0899963378906,494.2300109863281,497.760009765625,19750500,META
2024-07-15,492.8515625,496.1600036621094,506.67999267578125,493.3699951171875,498.6300048828125,12539200,META
2024-07-16,486.5240478515625,489.7900085449219,503.95001220703125,485.7900085449219,501.5,14075800,META
2024-07-17,458.909423828125,461.989990234375,479.1700134277344,459.1199951171875,479.1700134277344,28076600,META
2024-07-18,472.677001953125,475.8500061035156,479.239990234375,464.5400085449219,475.0,19267200,META
2024-07-19,473.6107177734375,476.7900085449219,486.7099914550781,475.7099914550781,476.05999755859375,15149400,META
2024-07-22,484.1500244140625,487.3999938964844,492.05999755859375,483.8999938964844,486.5799865722656,12023100,META
2024-07-23,485.4313659667969,488.69000244140625,495.2200012207031,487.7200012207031,489.8399963378906,9455500,META
2024-07-24,458.1941833496094,461.2699890136719,476.29998779296875,460.5799865722656,472.30999755859375,17649700,META
2024-07-25,450.3866271972656,453.4100036621094,463.54998779296875,442.6499938964844,463.260009765625,18240500,META
2024-07-26,462.5946960449219,465.70001220703125,469.7699890136719,459.4200134277344,464.20001220703125,14222400,META
2024-07-29,462.6046142578125,465.7099914550781,473.9599914550781,465.0199890136719,469.8800048828125,11339600,META
2024-07-30,460.1014404296875,463.19000244140625,472.7300109863281,456.70001220703125,467.0,11390400,META
2024-07-31,471.663818359375,474.8299865722656,476.5,466.75,471.0199890136719,24285800,META
2024-08-01,494.4209899902344,497.739990234375,527.1699829101562,492.1000061035156,521.0,43083100,META
2024-08-02,484.8851013183594,488.1400146484375,501.1499938964844,476.1499938964844,489.0,24044700,META
2024-08-05,472.5578308105469,475.7300109863281,483.4800109863281,450.79998779296875,451.3500061035156,21396200,META
2024-08-06,490.7953796386719,494.0899963378906,502.55999755859375,478.6499938964844,479.0,20955000,META
2024-08-07,485.65985107421875,488.9200134277344,510.1499938964844,486.8599853515625,503.1300048828125,20105300,META
2024-08-08,506.2317199707031,509.6300048828125,509.9599914550781,494.7200012207031,497.5,16156800,META
2024-08-09,514.3174438476562,517.77001953125,518.3400268554688,505.70001220703125,507.7099914550781,13696600,META
2024-08-12,512.5096435546875,515.9500122070312,518.02001953125,509.1000061035156,516.8599853515625,9767400,META
2024-08-13,525.015625,528.5399780273438,531.5,518.1500244140625,520.010009765625,13743800,META
2024-08-14,523.24755859375,526.760009765625,534.0,523.1300048828125,528.0599975585938,11444200,META
2024-08-15,533.7470092773438,537.3300170898438,539.77001953125,526.7000122070312,531.7899780273438,13482100,META
2024-08-16,523.9031372070312,527.4199829101562,533.6599731445312,524.6599731445312,531.9000244140625,14776700,META
2024-08-19,525.7507934570312,529.280029296875,531.6599731445312,522.760009765625,526.8699951171875,9879700,META
2024-08-20,523.2177124023438,526.72998046875,531.0900268554688,525.8800048828125,528.3499755859375,7944400,META
2024-08-21,531.5914916992188,535.1599731445312,539.4000244140625,526.9299926757812,527.1500244140625,13423300,META
2024-08-22,528.383056640625,531.9299926757812,544.22998046875,528.5900268554688,537.0,15708300,META
2024-08-23,524.479248046875,528.0,539.8699951171875,525.0599975585938,536.9199829101562,11323900,META
2024-08-26,517.6451416015625,521.1199951171875,528.0,514.9500122070312,527.5999755859375,9584000,META
2024-08-27,515.6385498046875,519.0999755859375,524.010009765625,515.3099975585938,518.97998046875,6282700,META
2024-08-28,513.3340454101562,516.780029296875,521.0900268554688,512.4500122070312,517.6699829101562,9106100,META
2024-08-29,514.7645263671875,518.219970703125,527.2000122070312,515.6799926757812,519.0499877929688,8317400,META
2024-08-30,517.8339233398438,521.3099975585938,523.5399780273438,515.2000122070312,521.3499755859375,9157500,META
2024-09-03,508.3475341796875,511.760009765625,525.489990234375,508.6199951171875,519.6400146484375,12459100,META
2024-09-04,509.3210144042969,512.739990234375,516.5900268554688,504.07000732421875,506.07000732421875,8335200,META
2024-09-05,513.4135131835938,516.8599853515625,521.6300048828125,511.1499938964844,511.7200012207031,8640900,META
2024-09-06,496.93414306640625,500.2699890136719,524.5800170898438,498.25,521.8800048828125,14744500,META
2024-09-09,501.4240417480469,504.7900085449219,511.3299865722656,502.0799865722656,506.1600036621094,11047800,META
2024-09-10,501.4240417480469,504.7900085449219,514.1799926757812,500.0299987792969,508.1600036621094,9899000,META
2024-09-11,508.41705322265625,511.8299865722656,513.1199951171875,495.6000061035156,507.010009765625,10782500,META
2024-09-12,522.0952758789062,525.5999755859375,526.7100219726562,515.219970703125,517.0499877929688,11970500,META
2024-09-13,521.1217651367188,524.6199951171875,527.5800170898438,517.1099853515625,520.3400268554688,10321400,META
2024-09-16,530.2293701171875,533.280029296875,534.0999755859375,517.4000244140625,524.5399780273438,9527600,META
2024-09-17,533.251953125,536.3200073242188,542.0999755859375,530.5700073242188,537.5999755859375,11690800,META
2024-09-18,534.8726806640625,537.9500122070312,544.2000122070312,533.9000244140625,537.0700073242188,10323500,META
2024-09-19,555.9016723632812,559.0999755859375,562.0700073242188,546.52001953125,550.0,15647000,META
2024-09-20,558.138671875,561.3499755859375,564.5,556.2999877929688,560.0,22066800,META
2024-09-23,561.1812744140625,564.4099731445312,573.97998046875,562.4099731445312,569.5,12830700,META
2024-09-24,560.1076049804688,563.3300170898438,567.75,554.1900024414062,566.6799926757812,12993000,META
2024-09-25,565.0590209960938,568.3099975585938,576.8800048828125,563.719970703125,564.0499877929688,16543400,META
2024-09-26,564.5916748046875,567.8400268554688,577.4000244140625,562.3499755859375,575.72998046875,14400800,META
2024-09-27,564.1143798828125,567.3599853515625,570.8400268554688,564.510009765625,570.0999755859375,9398400,META
2024-09-30,569.1654052734375,572.4400024414062,574.6799926757812,564.7999877929688,567.7000122070312,12792300,META
2024-10-01,573.1723022460938,576.469970703125,583.0399780273438,570.0999755859375,577.97998046875,15259300,META
2024-10-02,569.5332641601562,572.8099975585938,576.0,569.3400268554688,574.8599853515625,6524700,META
2024-10-03,579.436279296875,582.77001953125,583.3599853515625,568.72998046875,570.1500244140625,11581000,META
2024-10-04,592.531005859375,595.9400024414062,596.8499755859375,581.4299926757812,583.72998046875,14169500,META
2024-10-07,581.434814453125,584.780029296875,602.9500122070312,584.0399780273438,598.219970703125,12014200,META
2024-10-08,589.4984130859375,592.8900146484375,593.5599975585938,585.969970703125,589.6900024414062,7857400,META
2024-10-09,587.132080078125,590.510009765625,594.3900146484375,581.6099853515625,593.989990234375,9529700,META
2024-10-10,580.490234375,583.8300170898438,590.22998046875,582.52001953125,587.5700073242188,7740400,META
2024-10-11,586.5752563476562,589.9500122070312,591.2100219726562,582.7100219726562,584.8300170898438,8587100,META
2024-10-14,587.0425415039062,590.4199829101562,600.0999755859375,589.9600219726562,594.219970703125,8252000,META
2024-10-15,582.916259765625,586.27001953125,590.6099853515625,580.1400146484375,590.1599731445312,9564200,META
2024-10-16,573.4906005859375,576.7899780273438,582.0800170898438,574.030029296875,581.4000244140625,11268400,META
2024-10-17,573.6297607421875,576.9299926757812,584.969970703125,575.2000122070312,583.3300170898438,8701200,META
2024-10-18,573.1723022460938,576.469970703125,583.969970703125,575.25,581.0999755859375,7694300,META
2024-10-21,571.8697509765625,575.1599731445312,577.239990234375,569.1099853515625,576.030029296875,8171900,META
2024-10-22,578.6806640625,582.010009765625,583.530029296875,572.1199951171875,574.2899780273438,8544500,META
2024-10-23,560.4654541015625,563.6900024414062,585.0,562.5,579.969970703125,14248400,META
2024-10-24,564.5321044921875,567.780029296875,568.8800048828125,561.52001953125,567.1300048828125,7184700,META
2024-10-25,569.9707641601562,573.25,581.2899780273438,571.719970703125,573.9299926757812,11337900,META
2024-10-28,574.8526611328125,578.1599731445312,583.75,574.1199951171875,582.0,10925100,META
2024-10-29,589.8861694335938,593.280029296875,593.6699829101562,575.4000244140625,580.1500244140625,13019100,META
2024-10-30,588.4146728515625,591.7999877929688,601.2000122070312,589.3800048828125,600.97998046875,26864900,META
2024-10-31,564.3331298828125,567.5800170898438,589.9000244140625,563.010009765625,585.0,26838400,META
2024-11-01,563.9156494140625,567.1599731445312,573.6699829101562,562.5599975585938,567.6099853515625,15303200,META
2024-11-04,557.47265625,560.6799926757812,568.6900024414062,557.8900146484375,564.0999755859375,12064600,META
2024-11-05,569.1554565429688,572.4299926757812,573.47998046875,566.6699829101562,567.2999877929688,9775400,META
2024-11-06,568.777587890625,572.0499877929688,573.0,555.1699829101562,562.75,18305400,META
2024-11-07,588.3151245117188,591.7000122070312,594.7999877929688,575.2100219726562,576.8900146484375,14653700,META
2024-11-08,585.96875,589.3400268554688,593.0999755859375,584.52001953125,591.5399780273438,9415700,META
2024-11-11,579.833984375,583.1699829101562,587.0,576.510009765625,586.3599853515625,10209100,META
2024-11-12,581.4745483398438,584.8200073242188,599.6599731445312,580.3800048828125,588.5399780273438,16287700,META
2024-11-13,576.6820678710938,580.0,585.6400146484375,575.1699829101562,582.6099853515625,10757600,META
2024-11-14,573.8583374023438,577.1599731445312,580.760009765625,573.010009765625,577.0,11053700,META
2024-11-15,550.910400390625,554.0800170898438,572.5700073242188,551.5,571.219970703125,17712900,META
2024-11-18,551.2286376953125,554.4000244140625,559.9000244140625,550.0900268554688,557.0399780273438,14327300,META
2024-11-19,557.8803100585938,561.0900268554688,561.4299926757812,550.5999755859375,551.8599853515625,9522400,META
2024-11-20,562.2849731445312,565.52001953125,566.3499755859375,554.2000122070312,562.9299926757812,9797300,META
2024-11-21,559.8688354492188,563.0900268554688,570.0,549.0499877929688,569.52001953125,11154700,META
2024-11-22,555.9415283203125,559.1400146484375,563.8300170898438,554.5900268554688,563.5499877929688,9164000,META
2024-11-25,561.8773803710938,565.1099853515625,572.5900268554688,556.3900146484375,562.0999755859375,13599800,META
2024-11-26,570.259033203125,573.5399780273438,577.5,565.2000122070312,566.0,10356600,META
2024-11-27,565.9439697265625,569.2000122070312,574.97998046875,564.0999755859375,574.8900146484375,7200200,META
2024-11-29,571.03466796875,574.3200073242188,578.4600219726562,566.9000244140625,569.0,7130500,META
2024-12-02,589.438720703125,592.8300170898438,594.5,575.5700073242188,577.5,12522400,META
2024-12-03,610.1396484375,613.6500244140625,614.2000122070312,591.25,595.0,14907200,META
2024-12-04,610.2688598632812,613.780029296875,617.780029296875,605.0999755859375,612.9600219726562,14697000,META
2024-12-05,605.4465942382812,608.9299926757812,619.9000244140625,607.0499877929688,617.0800170898438,8081200,META
2024-12-06,620.2017822265625,623.77001953125,629.7899780273438,608.530029296875,610.0999755859375,16935500,META
2024-12-09,610.06005859375,613.5700073242188,626.4000244140625,606.1699829101562,623.9199829101562,11426000,META
2024-12-10,615.7772216796875,619.3200073242188,625.5900268554688,612.739990234375,617.5599975585938,10938900,META
2024-12-11,629.0608520507812,632.6799926757812,638.4000244140625,621.530029296875,623.3699951171875,10837200,META
2024-12-12,627.1815795898438,630.7899780273438,636.6599731445312,627.2100219726562,631.5,7474700,META
2024-12-13,616.80126953125,620.3499755859375,631.0800170898438,616.8900146484375,627.219970703125,8453300,META
2024-12-16,621.1697387695312,624.239990234375,631.1500244140625,618.5800170898438,629.97998046875,10885600,META
2024-12-17,616.3933715820312,619.4400024414062,632.3699951171875,616.5399780273438,626.1699829101562,12897800,META
2024-12-18,594.2528076171875,597.1900024414062,627.3599853515625,596.3200073242188,621.0,17075500,META
2024-12-19,592.6406860351562,595.5700073242188,611.52001953125,595.0,610.3900146484375,14958100,META
2024-12-20,582.3714599609375,585.25,603.1099853515625,580.0,590.5800170898438,48989400,META
2024-12-23,596.8995971679688,599.8499755859375,601.0900268554688,586.25,589.5999755859375,10205800,META
2024-12-24,604.7608032226562,607.75,607.989990234375,599.280029296875,602.719970703125,4726100,META
2024-12-26,600.3825073242188,603.3499755859375,606.2999877929688,598.9400024414062,605.47998046875,6081400,META
2024-12-27,596.85986328125,599.8099975585938,601.8499755859375,589.7999877929688,599.4099731445312,8084200,META
2024-12-30,588.3319702148438,591.239990234375,596.9400024414062,585.5800170898438,588.75,7025900,META
2024-12-31,582.6301879882812,585.510009765625,593.969970703125,583.8499755859375,592.27001953125,6019500,META
2025-01-02,596.2926635742188,599.239990234375,604.9099731445312,587.8200073242188,589.719970703125,12682300,META
2025-01-03,601.6561889648438,604.6300048828125,609.5,596.4099731445312,604.760009765625,11436800,META
2025-01-06,627.100341796875,630.2000122070312,630.989990234375,605.6199951171875,611.8300170898438,14560800,META
2025-01-07,614.8509521484375,617.8900146484375,632.0999755859375,608.22998046875,631.7000122070312,12071500,META
2025-01-08,607.7162475585938,610.719970703125,616.4400024414062,602.7899780273438,613.4000244140625,10085800,META
2025-01-10,612.8308715820312,615.8599853515625,629.9099731445312,597.3400268554688,610.030029296875,19256600,META
2025-01-13,605.3380126953125,608.3300170898438,608.969970703125,598.4500122070312,607.0999755859375,10785000,META
2025-01-14,591.3272094726562,594.25,605.489990234375,588.5499877929688,605.0700073242188,13598000,META
2025-01-15,614.084716796875,617.1199951171875,622.4600219726562,606.5,610.2100219726562,15524300,META
2025-01-16,608.2932739257812,611.2999877929688,616.25,609.7100219726562,611.5,8355300,META
2025-01-17,609.7561645507812,612.77001953125,624.969970703125,603.6699829101562,624.0499877929688,17280600,META
2025-01-21,613.427978515625,616.4600219726562,621.5,609.010009765625,617.8300170898438,11674000,META
2025-01-22,620.433349609375,623.5,633.7000122070312,619.4299926757812,623.2999877929688,12274000,META
2025-01-23,633.3196411132812,636.4500122070312,636.5999755859375,621.1500244140625,627.3599853515625,9910200,META
2025-01-24,644.3053588867188,647.489990234375,652.0,634.2000122070312,636.4000244140625,19065300,META
2025-01-27,656.6343994140625,659.8800048828125,663.8699951171875,625.0999755859375,626.6099853515625,28399200,META
2025-01-28,671.0133666992188,674.3300170898438,682.5800170898438,659.469970703125,666.0,20950100,META
2025-01-29,673.1627807617188,676.489990234375,681.0499877929688,665.6699829101562,675.0,21377800,META
2025-01-30,683.6210327148438,687.0,710.7899780273438,676.0999755859375,696.8200073242188,29322900,META
2025-01-31,685.7903442382812,689.1799926757812,705.2999877929688,685.5800170898438,691.0,19303900,META
2025-02-03,694.0296630859375,697.4600219726562,704.0,675.25,675.9099731445312,21415700,META
2025-02-04,700.7264404296875,704.1900024414062,707.7100219726562,691.6099853515625,702.5,13826300,META
2025-02-05,701.4031982421875,704.8699951171875,718.1400146484375,699.010009765625,703.5499877929688,17778200,META
2025-02-06,708.4880981445312,711.989990234375,718.9000244140625,703.5,705.8800048828125,13080700,META
2025-02-07,711.0057373046875,714.52001953125,725.010009765625,711.75,716.7999877929688,16427100,META
2025-02-10,713.8715209960938,717.4000244140625,721.2000122070312,711.3300170898438,718.5599975585938,12904300,META
2025-02-11,716.2597045898438,719.7999877929688,723.6599731445312,710.0399780273438,713.3200073242188,12998000,META
2025-02-12,721.812255859375,725.3800048828125,727.0999755859375,712.5999755859375,715.2999877929688,12016500,META
2025-02-13,724.9765625,728.5599975585938,729.0,718.0399780273438,721.52001953125,12569100,META
2025-02-14,733.0466918945312,736.6699829101562,740.9099731445312,725.6199951171875,726.1400146484375,16901200,META
2025-02-18,712.8466186523438,716.3699951171875,737.0,706.4400024414062,736.0,21938700,META
2025-02-19,700.30859375,703.77001953125,707.0,695.3900146484375,704.0999755859375,17535500,META
2025-02-20,691.4224853515625,694.8400268554688,705.6300048828125,693.6400146484375,697.280029296875,12587400,META
2025-02-21,680.1880493164062,683.5499877929688,703.8699951171875,682.3599853515625,696.5800170898438,15660400,META
2025-02-24,664.8438110351562,668.1300048828125,687.27001953125,662.4500122070312,686.280029296875,15677000,META
2025-02-25,654.2661743164062,657.5,668.0,641.8599853515625,665.969970703125,20579700,META
2025-02-26,670.386474609375,673.7000122070312,683.010009765625,658.0,659.6500244140625,14488700,META
2025-02-27,655.0023803710938,658.239990234375,688.6500244140625,657.5700073242188,682.4500122070312,12500000,META
2025-02-28,664.9135131835938,668.2000122070312,669.6300048828125,642.5999755859375,658.0399780273438,17534200,META
2025-03-03,651.8281860351562,655.0499877929688,681.25,650.8400268554688,673.6799926757812,10843800,META
2025-03-04,636.8521728515625,640.0,649.75,623.6500244140625,645.510009765625,21495200,META
2025-03-05,653.2411499023438,656.469970703125,659.5,637.6599731445312,641.0,13770000,META
2025-03-06,624.841552734375,627.9299926757812,650.5599975585938,624.1099853515625,648.0,13446500,META
2025-03-07,622.582763671875,625.6599731445312,634.7899780273438,600.6099853515625,625.3699951171875,21375700,META
2025-03-10,595.048828125,597.989990234375,610.1099853515625,586.8699951171875,608.0700073242188,21999900,META
2025-03-11,602.7308959960938,605.7100219726562,614.9299926757812,593.3300170898438,595.0499877929688,17401500,META
2025-03-12,616.5126342773438,619.5599975585938,633.3300170898438,609.3499755859375,629.9000244140625,15747000,META
2025-03-13,587.7349853515625,590.6400146484375,620.5,586.510009765625,620.25,16480300,META
2025-03-14,605.1494140625,607.5999755859375,608.8599853515625,594.780029296875,602.7999877929688,12364500,META
2025-03-17,602.4603881835938,604.9000244140625,613.0999755859375,598.0,607.4600219726562,15473900,META
2025-03-18,580.0111694335938,582.3599853515625,600.25,574.6599731445312,600.0499877929688,20297700,META
2025-03-19,581.7044067382812,584.0599975585938,592.3200073242188,574.77001953125,584.280029296875,20537500,META
2025-03-20,583.6365966796875,586.0,610.2000122070312,579.510009765625,582.760009765625,24336500,META
2025-03-21,593.84521484375,596.25,597.5399780273438,580.9500122070312,583.4199829101562,25015900,META
2025-03-24,616.35400390625,618.8499755859375,622.5399780273438,612.2000122070312,614.969970703125,15741300,META
2025-03-25,623.7839965820312,626.3099975585938,633.8800048828125,621.1799926757812,626.760009765625,15312500,META
2025-03-26,608.5158081054688,610.97998046875,626.75,606.6099853515625,624.8900146484375,12609800,META
2025-03-27,600.149658203125,602.5800170898438,614.25,600.0999755859375,602.0,10436500,META
2025-03-28,574.4139404296875,576.739990234375,601.75,573.9199829101562,600.3099975585938,17602800,META
2025-03-31,574.035400390625,576.3599853515625,578.7000122070312,553.2999877929688,563.5,21124700,META
2025-04-01,583.6365966796875,586.0,589.9099731445312,570.0,570.8400268554688,12836600,META
2025-04-02,581.574951171875,583.9299926757812,592.6599731445312,573.3599853515625,574.9099731445312,13470800,META
2025-04-03,529.4758911132812,531.6199951171875,552.5599975585938,530.2999877929688,546.219970703125,34777500,META
2025-04-04,502.6943359375,504.7300109863281,518.0,494.20001220703125,506.6199951171875,38589800,META
2025-04-07,514.1679077148438,516.25,539.3699951171875,481.8999938964844,485.1000061035156,36606100,META
2025-04-08,508.3912658691406,510.45001220703125,547.4299926757812,502.8599853515625,543.25,28034200,META
2025-04-09,583.4075927734375,585.77001953125,587.8900146484375,502.1099853515625,509.2699890136719,39216600,META
2025-04-10,544.086669921875,546.2899780273438,581.2999877929688,535.2999877929688,575.489990234375,28173500,META
2025-04-11,541.3777465820312,543.5700073242188,547.4000244140625,528.5900268554688,535.510009765625,17642300,META
2025-04-14,529.33642578125,531.47998046875,557.77001953125,528.280029296875,556.1699829101562,14130900,META
2025-04-15,519.4166870117188,521.52001953125,537.9400024414062,517.5,532.1099853515625,15558700,META
2025-04-16,500.28411865234375,502.30999755859375,513.3699951171875,495.6300048828125,508.510009765625,18735100,META
2025-04-17,499.4574890136719,501.4800109863281,507.29998779296875,498.010009765625,505.25,14593500,META
2025-04-21,482.70526123046875,484.6600036621094,493.5,479.79998779296875,491.3299865722656,16166000,META
2025-04-22,498.2622985839844,500.2799987792969,506.8800048828125,486.3599853515625,491.8699951171875,17399400,META
2025-04-23,518.1716918945312,520.27001953125,535.3400268554688,516.52001953125,528.530029296875,18173900,META
2025-04-24,530.9998168945312,533.1500244140625,533.9000244140625,517.5,518.72998046875,13910000,META
2025-04-25,545.0628662109375,547.27001953125,549.8599853515625,536.25,546.7999877929688,17098900,META
2025-04-28,547.5227661132812,549.739990234375,558.489990234375,540.5900268554688,555.6400146484375,15179000,META
2025-04-29,552.203857421875,554.4400024414062,556.5700073242188,544.1199951171875,546.0,11835000,META
2025-04-30,546.7858276367188,549.0,549.0999755859375,529.5,538.4000244140625,29244000,META
2025-05-01,569.9022216796875,572.2100219726562,592.9500122070312,570.5,592.0800170898438,31159000,META
2025-05-02,594.6121215820312,597.02001953125,604.3400268554688,578.3300170898438,583.4600219726562,24739300,META
2025-05-05,596.8530883789062,599.27001953125,603.2100219726562,588.0499877929688,591.219970703125,13887700,META
2025-05-06,584.9412231445312,587.3099975585938,596.030029296875,586.5800170898438,592.530029296875,10600700,META
2025-05-07,594.4030151367188,596.8099975585938,603.0800170898438,586.6699829101562,590.3599853515625,13139100,META
2025-05-08,595.5982055664062,598.010009765625,611.2999877929688,596.6199951171875,606.2899780273438,14622800,META
2025-05-09,590.1004028320312,592.489990234375,606.969970703125,591.7100219726562,603.719970703125,10427300,META
2025-05-12,636.85107421875,639.4299926757812,640.3900146484375,621.030029296875,630.9199829101562,21965100,META
2025-05-13,653.3841552734375,656.030029296875,660.9199829101562,642.8300170898438,645.5399780273438,18570800,META
2025-05-14,656.70068359375,659.3599853515625,662.6699829101562,654.3099975585938,661.2100219726562,12348200,META
2025-05-15,641.283203125,643.8800048828125,657.3099975585938,638.5800170898438,654.280029296875,14341800,META
2025-05-16,637.7574462890625,640.3400268554688,640.4400024414062,626.1500244140625,637.9600219726562,18519000,META
2025-05-19,637.8471069335938,640.4299926757812,643.0,627.7999877929688,628.25,9592400,META
2025-05-20,634.5304565429688,637.0999755859375,639.3499755859375,632.260009765625,636.010009765625,6743500,META
2025-05-21,632.93701171875,635.5,646.6099853515625,630.1699829101562,631.7899780273438,11464600,META
2025-05-22,634.0025634765625,636.5700073242188,643.25,630.7100219726562,634.0499877929688,8228400,META
2025-05-23,624.5309448242188,627.0599975585938,632.4500122070312,622.6500244140625,624.0,8454100,META
2025-05-27,639.7294311523438,642.3200073242188,643.0800170898438,632.75,635.4099731445312,9508400,META
2025-05-28,640.984375,643.5800170898438,650.8800048828125,642.5499877929688,642.5999755859375,9042900,META
2025-05-29,642.4484252929688,645.0499877929688,653.3200073242188,639.5,651.6500244140625,8858800,META
2025-05-30,644.8786010742188,647.489990234375,649.4099731445312,632.780029296875,642.5,16241000,META
2025-06-02,668.1941528320312,670.9000244140625,673.260009765625,644.260009765625,644.3900146484375,15766300,META
2025-06-03,664.1605224609375,666.8499755859375,675.5800170898438,665.030029296875,671.4500122070312,11585000,META
2025-06-04,685.1754150390625,687.9500122070312,689.0,668.5700073242188,669.3200073242188,14031900,META
2025-06-05,681.85888671875,684.6199951171875,694.3800048828125,682.25,691.6599731445312,13083100,META
2025-06-06,694.8960571289062,697.7100219726562,702.8099975585938,691.8699951171875,696.1699829101562,11728000,META
2025-06-09,691.2608032226562,694.0599975585938,705.1900024414062,693.9400024414062,698.4600219726562,12773200,META
2025-06-10,699.567138671875,702.4000244140625,703.22998046875,691.5599975585938,701.3499755859375,10850100,META
2025-06-11,691.3404541015625,694.1400146484375,708.8699951171875,691.989990234375,703.7100219726562,9582500,META
2025-06-12,690.5635375976562,693.3599853515625,695.3800048828125,687.0,693.2999877929688,7322700,META
2025-06-13,680.1158447265625,682.8699951171875,694.5700073242188,681.010009765625,687.9500122070312,9274400,META
2025-06-16,699.8262329101562,702.1199951171875,707.1500244140625,693.510009765625,699.3300170898438,13720300,META
2025-06-17,694.9522094726562,697.22998046875,705.969970703125,696.0599975585938,702.0,10066100,META
2025-06-18,693.4970703125,695.77001953125,701.5900268554688,694.9000244140625,698.1799926757812,10068300,META
2025-06-20,680.120849609375,682.3499755859375,701.8200073242188,678.6699829101562,700.75,22538600,META
2025-06-23,696.2481079101562,698.530029296875,699.0499877929688,678.75,683.6900024414062,11080100,META
2025-06-24,709.8734130859375,712.2000122070312,713.1900024414062,702.1099853515625,704.8900146484375,13823200,META
2025-06-25,706.3648681640625,708.6799926757812,716.5800170898438,705.3800048828125,713.3200073242188,9320400,META
2025-06-26,723.718017578125,726.0900268554688,728.219970703125,711.0499877929688,714.3599853515625,13964800,META
2025-06-27,731.2333984375,733.6300048828125,735.4299926757812,725.8599853515625,726.52001953125,18775700,META
2025-06-30,735.6788330078125,738.0900268554688,747.9000244140625,734.25,744.5499877929688,15402100,META
2025-07-01,716.8704223632812,719.219970703125,737.75,715.3699951171875,736.8800048828125,13431200,META
2025-07-02,711.2389526367188,713.5700073242188,720.2999877929688,712.7999877929688,715.3300170898438,9336700,META
2025-07-03,716.6611328125,719.010009765625,729.030029296875,714.4199829101562,726.6099853515625,8601700,META
2025-07-07,716.0032348632812,718.3499755859375,727.0,713.510009765625,717.5999755859375,9457100,META
2025-07-08,718.315673828125,720.6699829101562,722.9099731445312,714.8099975585938,721.5700073242188,7770700,META
2025-07-09,730.38623046875,732.780029296875,737.530029296875,722.719970703125,722.719970703125,11418000,META
2025-07-10,724.8641967773438,727.239990234375,735.7999877929688,719.5999755859375,731.5499877929688,9913600,META
2025-07-11,715.1660766601562,717.510009765625,725.1599731445312,709.7000122070312,722.5,10873900,META
2025-07-14,718.5648803710938,720.9199829101562,728.0,716.5499877929688,717.5999755859375,8939400,META
2025-07-15,708.0692749023438,710.3900146484375,724.469970703125,709.8200073242188,723.9000244140625,11529500,META
2025-07-16,700.6136474609375,702.9099731445312,713.969970703125,699.27001953125,713.3699951171875,13067600,META
2025-07-17,699.1185913085938,701.4099731445312,705.9000244140625,697.1099853515625,704.3900146484375,11803300,META
2025-07-18,701.9793090820312,704.280029296875,704.7100219726562,691.6500244140625,702.1900024414062,12779800,META
2025-07-21,710.640869140625,712.969970703125,717.0,705.760009765625,706.7999877929688,9404400,META
2025-07-22,702.507568359375,704.8099975585938,716.5999755859375,701.4099731445312,716.1900024414062,8921100,META
2025-07-23,711.2489624023438,713.5800170898438,714.6300048828125,704.9299926757812,706.3699951171875,8771600,META
2025-07-24,712.46484375,714.7999877929688,723.6199951171875,714.0,717.0499877929688,10920800,META
2025-07-25,710.351806640625,712.6799926757812,720.6500244140625,711.9000244140625,716.9199829101562,8271700,META
2025-07-28,715.28564453125,717.6300048828125,724.739990234375,712.6799926757812,715.2000122070312,8715700,META
2025-07-29,697.7132568359375,700.0,724.469970703125,699.9099731445312,720.0,13267000,META
2025-07-30,692.9388427734375,695.2100219726562,708.5,691.2000122070312,708.0900268554688,27077300,META
2025-07-31,770.913330078125,773.4400024414062,784.75,765.510009765625,775.2000122070312,38831100,META
2025-08-01,747.559814453125,750.010009765625,766.0,745.3099975585938,760.72998046875,19028700,META
2025-08-04,773.8338012695312,776.3699951171875,776.8499755859375,758.4099731445312,760.0,15801700,META
2025-08-05,760.9660034179688,763.4600219726562,783.1300048828125,763.0,776.4500122070312,11640300,META
2025-08-06,769.468017578125,771.989990234375,773.6400146484375,760.4600219726562,770.0,9733900,META
2025-08-07,759.3411865234375,761.8300170898438,775.0,759.5499877929688,773.489990234375,9019700,META
2025-08-08,766.786865234375,769.2999877929688,769.9000244140625,758.5800170898438,762.75,7320800,META
2025-08-11,763.3680419921875,765.8699951171875,773.4600219726562,764.6699829101562,770.0800170898438,7612000,META
2025-08-12,787.4192504882812,790.0,793.6699829101562,772.4299926757812,773.0,14563100,META
2025-08-13,777.5316772460938,780.0800170898438,795.4600219726562,778.22998046875,791.1500244140625,8811800,META
2025-08-14,779.574951171875,782.1300048828125,787.8099975585938,772.510009765625,777.8800048828125,8116200,META
2025-08-15,782.6648559570312,785.22998046875,796.25,780.8200073242188,784.1500244140625,13375400,META
2025-08-18,764.8631591796875,767.3699951171875,775.8099975585938,756.5599975585938,775.0900268554688,16513700,META
2025-08-19,749.0250244140625,751.47998046875,767.1699829101562,749.3599853515625,767.1199951171875,12286700,META
2025-08-20,745.27734375,747.719970703125,750.2000122070312,731.0,747.5700073242188,11898200,META
2025-08-21,736.6854858398438,739.0999755859375,745.5,733.1099853515625,744.7100219726562,8876300,META
2025-08-22,752.32421875,754.7899780273438,756.9000244140625,734.3900146484375,739.22998046875,10612700,META
2025-08-25,750.839111328125,753.2999877929688,758.8800048828125,750.1300048828125,754.8200073242188,6861200,META
2025-08-26,751.636474609375,754.0999755859375,754.8699951171875,747.9400024414062,750.7999877929688,7601800,META
2025-08-27,744.9384155273438,747.3800048828125,754.1500244140625,742.8400268554688,752.2999877929688,8315400,META
2025-08-28,748.65625,751.1099853515625,753.0499877929688,740.7999877929688,744.0,7468000,META
2025-08-29,736.286865234375,738.7000122070312,747.1400146484375,735.3499755859375,745.280029296875,9070500,META
2025-09-02,732.7085571289062,735.1099853515625,736.0,721.72998046875,726.0399780273438,9350900,META
2025-09-03,734.6422119140625,737.0499877929688,740.25,733.989990234375,736.0,7699300,META
2025-09-04,746.2042846679688,748.6500244140625,761.1599731445312,745.8200073242188,748.5700073242188,11439100,META
2025-09-05,749.9918823242188,752.4500122070312,757.9500122070312,745.030029296875,752.6199951171875,9663400,META
2025-09-08,749.8424072265625,752.2999877929688,766.510009765625,752.02001953125,756.0,13087800,META
2025-09-09,763.1986083984375,765.7000122070312,766.2999877929688,753.4299926757812,757.489990234375,10999000,META
2025-09-10,749.5234985351562,751.97998046875,765.7000122070312,751.0,765.1300048828125,12478300,META
2025-09-11,748.4469604492188,750.9000244140625,757.0999755859375,748.3699951171875,754.6500244140625,7923300,META
2025-09-12,753.1217041015625,755.5900268554688,757.5700073242188,743.760009765625,748.72998046875,8248600,META
2025-09-15,762.2018432617188,764.7000122070312,774.0700073242188,751.989990234375,757.469970703125,10533800,META
2025-09-16,776.4552001953125,779.0,781.3599853515625,765.0999755859375,767.0,11782500,META
2025-09-17,773.1858520507812,775.719970703125,783.2899780273438,766.3099975585938,779.989990234375,9400900,META
2025-09-18,777.7010498046875,780.25,788.780029296875,773.3599853515625,780.75,10955000,META
2025-09-19,775.8372192382812,778.3800048828125,790.7999877929688,769.1900024414062,786.4199829101562,23696800,META
2025-09-22,763.1751098632812,765.1599731445312,785.72998046875,764.469970703125,781.8499755859375,11706900,META
2025-09-23,753.4404907226562,755.4000244140625,770.5999755859375,751.0700073242188,769.25,10872600,META
2025-09-24,758.686767578125,760.6599731445312,761.1099853515625,752.530029296875,757.5,8828200,META
2025-09-25,746.96728515625,748.9099731445312,756.77001953125,744.5499877929688,753.4500122070312,10591100,META
2025-09-26,741.8206176757812,743.75,751.9299926757812,737.3499755859375,750.0,9696300,META
2025-09-29,741.4716186523438,743.4000244140625,750.780029296875,739.1500244140625,748.719970703125,9246800,META
2025-09-30,732.4749145507812,734.3800048828125,742.969970703125,726.2999877929688,742.25,16226800,META
2025-10-01,715.4791870117188,717.3400268554688,721.8499755859375,710.2000122070312,721.489990234375,20419600,META
2025-10-02,725.1639404296875,727.0499877929688,727.77001953125,718.1400146484375,722.5800170898438,11415300,META
2025-10-03,708.7167358398438,710.5599975585938,731.0,710.1799926757812,729.6300048828125,16154300,META
2025-10-06,713.8035278320312,715.6599731445312,716.8800048828125,690.510009765625,705.1900024414062,21654700,META
2025-10-07,711.230224609375,713.0800170898438,718.5,705.75,717.719970703125,12062900,META
2025-10-08,715.9779052734375,717.8400268554688,719.6500244140625,707.8099975585938,713.4500122070312,10790600,META
2025-10-09,731.6072387695312,733.510009765625,733.510009765625,712.4400024414062,718.280029296875,12717200,META
2025-10-10,703.4703979492188,705.2999877929688,735.27001953125,704.510009765625,730.9199829101562,16980100,META
2025-10-13,713.8433837890625,715.7000122070312,719.9400024414062,707.6400146484375,713.010009765625,9251800,META
2025-10-14,706.8117065429688,708.6500244140625,715.5499877929688,699.3300170898438,707.780029296875,8829800,META
2025-10-15,715.6885986328125,717.5499877929688,723.9000244140625,709.510009765625,717.0599975585938,10246800,META
2025-10-16,710.2228393554688,712.0700073242188,725.489990234375,703.8800048828125,717.5499877929688,9017000,META
2025-10-17,715.0602416992188,716.9199829101562,718.5399780273438,706.1199951171875,707.0800170898438,12232400,META
2025-10-20,730.2706909179688,732.1699829101562,733.77001953125,720.1799926757812,721.1900024414062,8900200,META
2025-10-21,731.3678588867188,733.27001953125,738.5,728.75,736.02001953125,7647300,META
2025-10-22,731.5074462890625,733.4099731445312,740.5999755859375,724.030029296875,733.8300170898438,8734500,META
2025-10-23,732.095947265625,734.0,742.4099731445312,733.0999755859375,734.7000122070312,9856000,META
2025-10-24,736.444580078125,738.3599853515625,741.2100219726562,731.1500244140625,736.7899780273438,9151300,META
2025-10-27,748.872314453125,750.8200073242188,755.75,748.010009765625,749.72998046875,11321100,META
2025-10-28,749.49072265625,751.4400024414062,758.4000244140625,745.52001953125,752.6300048828125,12193800,META
2025-10-29,749.7200927734375,751.6699829101562,759.1599731445312,742.510009765625,754.75,26818600,META
2025-10-30,664.7410888671875,666.469970703125,680.9600219726562,650.1699829101562,669.1500244140625,88440100,META
2025-10-31,646.6680908203125,648.3499755859375,674.8900146484375,645.5700073242188,674.510009765625,56953200,META
2025-11-03,636.0557861328125,637.7100219726562,659.3300170898438,636.1799926757812,656.0,33003600,META
2025-11-04,625.6926879882812,627.3200073242188,641.739990234375,626.010009765625,628.0399780273438,27356600,META
2025-11-05,634.30029296875,635.9500122070312,642.22998046875,626.5399780273438,632.3099975585938,20219900,META
2025-11-06,617.3344116210938,618.9400024414062,636.0,618.0,635.8499755859375,23628800,META
2025-11-07,620.0972290039062,621.7100219726562,622.1300048828125,601.2000122070312,616.489990234375,29946800,META
2025-11-10,630.1211547851562,631.760009765625,635.0,618.1099853515625,631.0900268554688,19245000,META
2025-11-11,625.4533081054688,627.0800170898438,629.5599975585938,619.3900146484375,628.0,13302200,META
2025-11-12,607.43017578125,609.010009765625,628.989990234375,607.77001953125,628.1300048828125,24493300,META
2025-11-13,608.3079223632812,609.8900146484375,617.6500244140625,603.0,613.0700073242188,20973800,META
2025-11-14,607.8790283203125,609.4600219726562,613.6799926757812,595.2000122070312,601.7899780273438,20724100,META
2025-11-17,600.4483642578125,602.010009765625,611.6900024414062,595.4000244140625,609.0399780273438,16501300,META
2025-11-18,596.1395263671875,597.6900024414062,603.6599731445312,583.780029296875,591.5999755859375,25500600,META
2025-11-19,588.7886352539062,590.3200073242188,595.3300170898438,581.25,593.719970703125,24744700,META
2025-11-20,587.6217651367188,589.1500244140625,606.719970703125,583.3499755859375,603.5,20603000,META
2025-11-21,592.7084350585938,594.25,598.1199951171875,581.8599853515625,588.5,21052600,META
2025-11-24,611.4596557617188,613.0499877929688,616.7000122070312,597.6300048828125,598.719970703125,23554900,META
2025-11-25,634.569580078125,636.219970703125,637.0499877929688,618.2999877929688,624.0,25213000,META
2025-11-26,631.9663696289062,633.6099853515625,638.3599853515625,631.6300048828125,637.6900024414062,15209500,META
2025-11-28,646.2691650390625,647.9500122070312,648.0499877929688,635.5,636.0800170898438,11033200,META
2025-12-01,639.2075805664062,640.8699951171875,645.3200073242188,637.760009765625,639.5499877929688,13029900,META
2025-12-02,645.4213256835938,647.0999755859375,647.8699951171875,638.0700073242188,642.3400268554688,11640900,META
2025-12-03,637.9408569335938,639.5999755859375,648.8499755859375,637.5499877929688,644.4099731445312,11134300,META
2025-12-04,659.81396484375,661.530029296875,676.0999755859375,660.0499877929688,676.0,29874600,META
2025-12-05,671.673095703125,673.4199829101562,674.6900024414062,662.3900146484375,664.0,21207900,META
2025-12-08,665.0702514648438,666.7999877929688,676.7100219726562,665.0700073242188,669.3400268554688,13161000,META
2025-12-09,655.2557983398438,656.9600219726562,664.47998046875,653.3400268554688,663.77001953125,12997100,META
2025-12-10,648.4434814453125,650.1300048828125,654.510009765625,643.4000244140625,649.9500122070312,16910900,META
2025-12-11,651.016845703125,652.7100219726562,655.280029296875,640.7999877929688,643.2899780273438,13056700,META
2025-12-12,642.558837890625,644.22998046875,711.0,638.6099853515625,649.7999877929688,14016900,META
2025-12-15,646.3570556640625,647.510009765625,653.0,638.7000122070312,645.7000122070312,15549100,META
2025-12-16,655.9799194335938,657.1500244140625,662.5399780273438,643.2000122070312,643.5,14309100,META
2025-12-17,648.343505859375,649.5,661.22998046875,649.2000122070312,655.6099853515625,15598500,META
2025-12-18,663.266845703125,664.4500122070312,670.5599975585938,656.4600219726562,657.030029296875,20260300,META
2025-12-19,657.5969848632812,658.77001953125,671.0,658.1799926757812,666.4199829101562,49977100,META
2025-12-22,660.3221435546875,661.5,673.5800170898438,656.6500244140625,661.6500244140625,15659400,META
2025-12-23,663.7559814453125,664.9400024414062,666.0,658.25,660.0499877929688,8486800,META
2025-12-24,666.361328125,667.5499877929688,668.1799926757812,662.2000122070312,662.530029296875,5627500,META
2025-12-26,662.1089477539062,663.2899780273438,668.9500122070312,661.3200073242188,668.0599975585938,7133800,META
2025-12-29,657.5171508789062,658.6900024414062,660.25,654.3900146484375,658.010009765625,8506500,META
2025-12-30,664.7642211914062,665.9500122070312,672.219970703125,657.8400268554688,658.6900024414062,9187500,META
2025-12-31,658.9146118164062,660.0900268554688,665.0,659.4400024414062,664.75,7940400,META
