Date,Adj Close,Close,High,Low,Open,Volume,Ticker
2019-01-02,94.01614379882812,101.12000274658203,101.75,98.94000244140625,99.55000305175781,35329300,MSFT
2019-01-03,90.5574951171875,97.4000015258789,100.19000244140625,97.19999694824219,100.0999984741211,42579100,MSFT
2019-01-04,94.76927185058594,101.93000030517578,102.51000213623047,98.93000030517578,99.72000122070312,44060600,MSFT
2019-01-07,94.89009857177734,102.05999755859375,103.2699966430664,100.9800033569336,101.63999938964844,35656100,MSFT
2019-01-08,95.57813262939453,102.80000305175781,103.97000122070312,101.70999908447266,103.04000091552734,31514400,MSFT
2019-01-09,96.94483184814453,104.2699966430664,104.87999725341797,103.23999786376953,103.86000061035156,32280800,MSFT
2019-01-10,96.32192993164062,103.5999984741211,103.75,102.37999725341797,103.22000122070312,30067600,MSFT
2019-01-11,95.57813262939453,102.80000305175781,103.44000244140625,101.63999938964844,103.19000244140625,28314200,MSFT
2019-01-14,94.88082122802734,102.05000305175781,102.87000274658203,101.26000213623047,101.9000015258789,28437100,MSFT
2019-01-15,97.63286590576172,105.01000213623047,105.05000305175781,101.87999725341797,102.51000213623047,31587600,MSFT
2019-01-16,97.97685241699219,105.37999725341797,106.26000213623047,104.95999908447266,105.26000213623047,29853900,MSFT
2019-01-17,98.6648941040039,106.12000274658203,106.62999725341797,104.76000213623047,105.0,28393000,MSFT
2019-01-18,100.14320373535156,107.70999908447266,107.9000015258789,105.91000366210938,107.45999908447266,37427600,MSFT
2019-01-22,98.25579833984375,105.68000030517578,107.0999984741211,104.86000061035156,106.75,32371300,MSFT
2019-01-23,99.21343231201172,106.70999908447266,107.04000091552734,105.33999633789062,106.12000274658203,25874300,MSFT
2019-01-24,98.73927307128906,106.19999694824219,107.0,105.33999633789062,106.86000061035156,23164800,MSFT
2019-01-25,99.64111328125,107.16999816894531,107.87999725341797,106.19999694824219,107.23999786376953,31225600,MSFT
2019-01-28,97.69795989990234,105.08000183105469,106.4800033569336,104.66000366210938,106.26000213623047,29476700,MSFT
2019-01-29,95.70831298828125,102.94000244140625,104.97000122070312,102.16999816894531,104.87999725341797,31490500,MSFT
2019-01-30,98.90662384033203,106.37999725341797,106.37999725341797,104.33000183105469,104.62000274658203,49471900,MSFT
2019-01-31,97.0936279296875,104.43000030517578,105.22000122070312,103.18000030517578,103.80000305175781,55636400,MSFT
2019-02-01,95.55952453613281,102.77999877929688,104.0999984741211,102.3499984741211,103.77999877929688,35535700,MSFT
2019-02-04,98.31156158447266,105.73999786376953,105.80000305175781,102.7699966430664,102.87000274658203,31315100,MSFT
2019-02-05,99.6876220703125,107.22000122070312,107.2699966430664,105.95999908447266,106.05999755859375,27325400,MSFT
2019-02-06,98.58120727539062,106.02999877929688,107.0,105.52999877929688,107.0,20609800,MSFT
2019-02-07,97.87459564208984,105.2699966430664,105.58999633789062,104.29000091552734,105.19000244140625,29760700,MSFT
2019-02-08,98.24651336669922,105.66999816894531,105.77999877929688,104.26000213623047,104.38999938964844,21461100,MSFT
2019-02-11,97.85599517822266,105.25,106.58000183105469,104.97000122070312,106.19999694824219,18914100,MSFT
2019-02-12,99.38079071044922,106.88999938964844,107.13999938964844,105.4800033569336,106.13999938964844,25056600,MSFT
2019-02-13,99.30641174316406,106.80999755859375,107.77999877929688,106.70999908447266,107.5,18394900,MSFT
2019-02-14,99.39009094238281,106.9000015258789,107.29000091552734,105.66000366210938,106.30999755859375,21784700,MSFT
2019-02-15,100.61737823486328,108.22000122070312,108.30000305175781,107.36000061035156,107.91000366210938,26606900,MSFT
2019-02-19,100.57086181640625,108.16999816894531,108.66000366210938,107.77999877929688,107.79000091552734,18038500,MSFT
2019-02-20,100.0479965209961,107.1500015258789,107.94000244140625,106.29000091552734,107.86000061035156,21607700,MSFT
2019-02-21,102.1581802368164,109.41000366210938,109.4800033569336,106.87000274658203,106.9000015258789,29063200,MSFT
2019-02-22,103.61479949951172,110.97000122070312,111.19999694824219,109.81999969482422,110.05000305175781,27763200,MSFT
2019-02-25,104.19368743896484,111.58999633789062,112.18000030517578,111.26000213623047,111.76000213623047,23750600,MSFT
2019-02-26,104.91266632080078,112.36000061035156,113.23999786376953,111.16999816894531,111.26000213623047,21536700,MSFT
2019-02-27,104.7352523803711,112.16999816894531,112.36000061035156,110.87999725341797,111.69000244140625,21487100,MSFT
2019-02-28,104.60454559326172,112.02999877929688,112.87999725341797,111.7300033569336,112.04000091552734,29083900,MSFT
2019-03-01,105.07139587402344,112.52999877929688,113.0199966430664,111.66999816894531,112.88999938964844,23501200,MSFT
2019-03-04,104.81930541992188,112.26000213623047,113.25,110.80000305175781,113.0199966430664,26608000,MSFT
2019-03-05,104.29639434814453,111.69999694824219,112.38999938964844,111.2300033569336,112.25,19538300,MSFT
2019-03-06,104.34310913085938,111.75,112.66000366210938,111.43000030517578,111.87000274658203,17687000,MSFT
2019-03-07,103.07324981689453,110.38999938964844,111.55000305175781,109.87000274658203,111.4000015258789,25339000,MSFT
2019-03-08,103.18528747558594,110.51000213623047,110.70999908447266,108.80000305175781,109.16000366210938,22818400,MSFT
2019-03-11,105.35152435302734,112.83000183105469,112.94999694824219,110.9800033569336,110.98999786376953,26491600,MSFT
2019-03-12,106.08915710449219,113.62000274658203,113.98999786376953,112.6500015258789,112.81999969482422,26132700,MSFT
2019-03-13,106.91084289550781,114.5,115.0,113.77999877929688,114.12999725341797,35513800,MSFT
2019-03-14,106.99484252929688,114.58999633789062,115.19999694824219,114.33000183105469,114.54000091552734,30763400,MSFT
2019-03-15,108.22734832763672,115.91000366210938,117.25,114.58999633789062,115.33999633789062,54681100,MSFT
2019-03-18,109.77732849121094,117.56999969482422,117.61000061035156,116.05000305175781,116.16999816894531,31207600,MSFT
2019-03-19,109.85206604003906,117.6500015258789,118.44000244140625,116.98999786376953,118.08999633789062,37588700,MSFT
2019-03-20,109.73065948486328,117.5199966430664,118.75,116.70999908447266,117.38999938964844,28113300,MSFT
2019-03-21,112.25169372558594,120.22000122070312,120.81999969482422,117.08999633789062,117.13999938964844,29854400,MSFT
2019-03-22,109.29181671142578,117.05000305175781,119.58999633789062,117.04000091552734,119.5,33624500,MSFT
2019-03-25,109.86135864257812,117.66000366210938,118.01000213623047,116.31999969482422,116.55999755859375,27067100,MSFT
2019-03-26,110.0948257446289,117.91000366210938,118.70999908447266,116.8499984741211,118.62000274658203,26097700,MSFT
2019-03-27,109.03036499023438,116.7699966430664,118.20999908447266,115.5199966430664,117.87999725341797,22733400,MSFT
2019-03-28,109.17977905273438,116.93000030517578,117.58000183105469,116.12999725341797,117.44000244140625,18334800,MSFT
2019-03-29,110.1228256225586,117.94000244140625,118.31999969482422,116.95999908447266,118.06999969482422,25399800,MSFT
2019-04-01,111.1312484741211,119.0199966430664,119.11000061035156,118.0999984741211,118.94999694824219,22789100,MSFT
2019-04-02,111.28998565673828,119.19000244140625,119.4800033569336,118.5199966430664,119.05999755859375,18142300,MSFT
2019-04-03,112.01824951171875,119.97000122070312,120.43000030517578,119.1500015258789,119.86000061035156,22860700,MSFT
2019-04-04,111.44867706298828,119.36000061035156,120.2300033569336,118.37999725341797,120.0999984741211,20112800,MSFT
2019-04-05,111.9435806274414,119.88999938964844,120.2300033569336,119.37000274658203,119.38999938964844,15826200,MSFT
2019-04-08,111.98091888427734,119.93000030517578,120.0199966430664,118.63999938964844,119.80999755859375,15116200,MSFT
2019-04-09,111.3740005493164,119.27999877929688,119.54000091552734,118.58000183105469,118.62999725341797,17612000,MSFT
2019-04-10,112.22368621826172,120.19000244140625,120.3499984741211,119.54000091552734,119.76000213623047,16477200,MSFT
2019-04-11,112.35440063476562,120.33000183105469,120.8499984741211,119.91999816894531,120.54000091552734,14209100,MSFT
2019-04-12,112.93331146240234,120.94999694824219,120.9800033569336,120.37000274658203,120.63999938964844,19745100,MSFT
2019-04-15,113.02670288085938,121.05000305175781,121.58000183105469,120.56999969482422,120.94000244140625,15792600,MSFT
2019-04-16,112.76522064208984,120.7699966430664,121.6500015258789,120.0999984741211,121.63999938964844,14071800,MSFT
2019-04-17,113.698974609375,121.7699966430664,121.8499984741211,120.54000091552734,121.23999786376953,19300900,MSFT
2019-04-18,115.19292449951172,123.37000274658203,123.5199966430664,121.30000305175781,122.19000244140625,27991000,MSFT
2019-04-22,115.55706024169922,123.76000213623047,124.0,122.56999969482422,122.62000274658203,15648700,MSFT
2019-04-23,117.12569427490234,125.44000244140625,125.58000183105469,123.83000183105469,124.0999984741211,24025500,MSFT
2019-04-24,116.72419738769531,125.01000213623047,125.8499984741211,124.5199966430664,125.79000091552734,31257000,MSFT
2019-04-25,120.58981323242188,129.14999389648438,131.3699951171875,128.8300018310547,130.05999755859375,38033900,MSFT
2019-04-26,121.2807388305664,129.88999938964844,130.52000427246094,129.02000427246094,129.6999969482422,23654900,MSFT
2019-04-29,121.16868591308594,129.77000427246094,130.17999267578125,129.35000610351562,129.89999389648438,16324200,MSFT
2019-04-30,121.94371795654297,130.60000610351562,130.6999969482422,129.38999938964844,129.80999755859375,24166500,MSFT
2019-05-01,119.40397644042969,127.87999725341797,130.64999389648438,127.69999694824219,130.52999877929688,26821700,MSFT
2019-05-02,117.84468841552734,126.20999908447266,128.0,125.5199966430664,127.9800033569336,27350200,MSFT
2019-05-03,120.35635375976562,128.89999389648438,129.42999267578125,127.25,127.36000061035156,24911100,MSFT
2019-05-06,119.65609741210938,128.14999389648438,128.55999755859375,126.11000061035156,126.38999938964844,24239800,MSFT
2019-05-07,117.20040130615234,125.5199966430664,127.18000030517578,124.22000122070312,126.45999908447266,36017700,MSFT
2019-05-08,117.19108581542969,125.51000213623047,126.37000274658203,124.75,125.44000244140625,28419000,MSFT
2019-05-09,117.18174743652344,125.5,125.79000091552734,123.56999969482422,124.29000091552734,27235800,MSFT
2019-05-10,118.70369720458984,127.12999725341797,127.93000030517578,123.81999969482422,124.91000366210938,30915100,MSFT
2019-05-13,115.17422485351562,123.3499984741211,125.55000305175781,123.04000091552734,124.11000061035156,33944900,MSFT
2019-05-14,116.4627685546875,124.7300033569336,125.87999725341797,123.69999694824219,123.87000274658203,25266300,MSFT
2019-05-15,118.10281372070312,126.0199966430664,126.70999908447266,123.69999694824219,124.26000213623047,24722700,MSFT
2019-05-16,120.83002471923828,128.92999267578125,129.3800048828125,126.45999908447266,126.75,30112200,MSFT
2019-05-17,120.02405548095703,128.07000732421875,130.4600067138672,127.91999816894531,128.30999755859375,25770500,MSFT
2019-05-20,118.29027557373047,126.22000122070312,127.58999633789062,125.76000213623047,126.5199966430664,23706900,MSFT
2019-05-21,118.92755126953125,126.9000015258789,127.52999877929688,126.58000183105469,127.43000030517578,15293300,MSFT
2019-05-22,119.64917755126953,127.66999816894531,128.24000549316406,126.5199966430664,126.62000274658203,15396500,MSFT
2019-05-23,118.25277709960938,126.18000030517578,126.29000091552734,124.73999786376953,126.19999694824219,23603800,MSFT
2019-05-24,118.30901336669922,126.23999786376953,127.41999816894531,125.97000122070312,126.91000366210938,14123400,MSFT
2019-05-28,118.23403930664062,126.16000366210938,128.0,126.05000305175781,126.9800033569336,23128400,MSFT
2019-05-29,117.09066009521484,124.94000244140625,125.38999938964844,124.04000091552734,125.37999725341797,22763100,MSFT
2019-05-30,117.8310546875,125.7300033569336,125.76000213623047,124.77999877929688,125.26000213623047,16829600,MSFT
2019-05-31,115.90983581542969,123.68000030517578,124.62000274658203,123.31999969482422,124.2300033569336,26646800,MSFT
2019-06-03,112.31110382080078,119.83999633789062,124.37000274658203,119.01000213623047,123.8499984741211,37983600,MSFT
2019-06-04,115.42252349853516,123.16000366210938,123.27999877929688,120.6500015258789,121.27999877929688,29382600,MSFT
2019-06-05,117.92477416992188,125.83000183105469,125.87000274658203,124.20999908447266,124.94999694824219,24926100,MSFT
2019-06-06,119.78974151611328,127.81999969482422,127.97000122070312,125.5999984741211,126.44000244140625,21459000,MSFT
2019-06-07,123.14483642578125,131.39999389648438,132.25,128.25999450683594,129.19000244140625,33885600,MSFT
2019-06-10,124.26945495605469,132.60000610351562,134.0800018310547,132.0,132.39999389648438,26477100,MSFT
2019-06-11,123.80084228515625,132.10000610351562,134.24000549316406,131.27999877929688,133.8800048828125,23913700,MSFT
2019-06-12,123.22917175292969,131.49000549316406,131.97000122070312,130.7100067138672,131.39999389648438,17092500,MSFT
2019-06-13,124.00701904296875,132.32000732421875,133.0,131.55999755859375,131.97999572753906,17200800,MSFT
2019-06-14,124.12887573242188,132.4499969482422,133.7899932861328,131.63999938964844,132.25999450683594,17821700,MSFT
2019-06-17,124.50374603271484,132.85000610351562,133.72999572753906,132.52999877929688,132.6300048828125,14517800,MSFT
2019-06-18,126.66860961914062,135.16000366210938,135.24000549316406,133.57000732421875,134.19000244140625,25934500,MSFT
2019-06-19,127.16532135009766,135.69000244140625,135.92999267578125,133.80999755859375,135.0,23744400,MSFT
2019-06-20,128.3461151123047,136.9499969482422,137.66000366210938,135.72000122070312,137.4499969482422,33042600,MSFT
2019-06-21,128.36489868164062,136.97000122070312,137.72999572753906,136.4600067138672,136.5800018310547,36727900,MSFT
2019-06-24,129.12399291992188,137.77999877929688,138.39999389648438,137.0,137.0,20628800,MSFT
2019-06-25,125.04727935791016,133.42999267578125,137.58999633789062,132.72999572753906,137.25,33327400,MSFT
2019-06-26,125.515869140625,133.92999267578125,135.74000549316406,133.60000610351562,134.35000610351562,23657700,MSFT
2019-06-27,125.72207641601562,134.14999389648438,134.7100067138672,133.50999450683594,134.13999938964844,16557500,MSFT
2019-06-28,125.5440444946289,133.9600067138672,134.60000610351562,133.16000366210938,134.57000732421875,30043000,MSFT
2019-07-01,127.15592956542969,135.67999267578125,136.6999969482422,134.97000122070312,136.6300048828125,22613500,MSFT
2019-07-02,127.9993896484375,136.5800018310547,136.58999633789062,135.33999633789062,136.1199951171875,15237800,MSFT
2019-07-03,128.8240966796875,137.4600067138672,137.74000549316406,136.2899932861328,136.8000030517578,13629300,MSFT
2019-07-05,128.44923400878906,137.05999755859375,137.3300018310547,135.72000122070312,135.94000244140625,18141100,MSFT
2019-07-08,128.35552978515625,136.9600067138672,137.10000610351562,135.3699951171875,136.39999389648438,16779700,MSFT
2019-07-09,127.88694763183594,136.4600067138672,136.97000122070312,135.8000030517578,136.0,19953100,MSFT
2019-07-10,129.18963623046875,137.85000610351562,138.5800018310547,137.02000427246094,137.1300048828125,24204400,MSFT
2019-07-11,129.70504760742188,138.39999389648438,139.22000122070312,137.8699951171875,138.1999969482422,22327900,MSFT
2019-07-12,130.17364501953125,138.89999389648438,139.1300048828125,138.00999450683594,138.85000610351562,18936800,MSFT
2019-07-15,130.17364501953125,138.89999389648438,139.5399932861328,138.4600067138672,139.44000244140625,16651500,MSFT
2019-07-16,128.46800231933594,137.0800018310547,139.0500030517578,136.52000427246094,138.9600067138672,22726100,MSFT
2019-07-17,127.7088851928711,136.27000427246094,137.92999267578125,136.22000122070312,137.6999969482422,20211000,MSFT
2019-07-18,127.84945678710938,136.4199981689453,136.6199951171875,134.6699981689453,135.5500030517578,30381800,MSFT
2019-07-19,128.03684997558594,136.6199951171875,140.6699981689453,136.4499969482422,140.22000122070312,48992400,MSFT
2019-07-22,129.73316955566406,138.42999267578125,139.19000244140625,137.3300018310547,137.41000366210938,25074900,MSFT
2019-07-23,130.53916931152344,139.2899932861328,139.99000549316406,138.02999877929688,139.75999450683594,18034600,MSFT
2019-07-24,131.87928771972656,140.72000122070312,140.74000549316406,138.85000610351562,138.89999389648438,20738300,MSFT
2019-07-25,131.38259887695312,140.19000244140625,140.61000061035156,139.32000732421875,140.42999267578125,18356900,MSFT
2019-07-26,132.46034240722656,141.33999633789062,141.67999267578125,140.3000030517578,140.3699951171875,19037600,MSFT
2019-07-29,132.1698455810547,141.02999877929688,141.50999450683594,139.3699951171875,141.5,16605900,MSFT
2019-07-30,131.53253173828125,140.35000610351562,141.22000122070312,139.8000030517578,140.13999938964844,16846500,MSFT
2019-07-31,127.7088851928711,136.27000427246094,140.49000549316406,135.0800018310547,140.3300018310547,38598800,MSFT
2019-08-01,129.386474609375,138.05999755859375,140.94000244140625,136.92999267578125,137.0,40557500,MSFT
2019-08-02,128.2993621826172,136.89999389648438,138.32000732421875,135.25999450683594,138.08999633789062,30791600,MSFT
2019-08-05,123.9039306640625,132.2100067138672,133.92999267578125,130.77999877929688,133.3000030517578,42749600,MSFT
2019-08-06,126.22816467285156,134.69000244140625,135.67999267578125,133.2100067138672,133.8000030517578,32696700,MSFT
2019-08-07,126.78107452392578,135.27999877929688,135.64999389648438,131.8300018310547,133.7899932861328,33414500,MSFT
2019-08-08,130.16432189941406,138.88999938964844,138.99000549316406,135.92999267578125,136.60000610351562,27496500,MSFT
2019-08-09,129.05836486816406,137.7100067138672,139.3800048828125,136.4600067138672,138.61000061035156,23466700,MSFT
2019-08-12,127.25904083251953,135.7899932861328,137.86000061035156,135.24000549316406,137.07000732421875,20484300,MSFT
2019-08-13,129.8925323486328,138.60000610351562,138.8000030517578,135.0,136.0500030517578,25154600,MSFT
2019-08-14,125.98084259033203,133.97999572753906,136.9199981689453,133.6699981689453,136.36000061035156,32527300,MSFT
2019-08-15,125.69876861572266,133.67999267578125,134.5800018310547,132.25,134.38999938964844,28074400,MSFT
2019-08-16,128.00254821777344,136.1300048828125,136.4600067138672,134.72000122070312,134.8800048828125,24449100,MSFT
2019-08-19,130.1463623046875,138.41000366210938,138.5500030517578,136.88999938964844,137.85000610351562,24355700,MSFT
2019-08-20,129.06504821777344,137.25999450683594,138.7100067138672,137.24000549316406,138.2100067138672,21170800,MSFT
2019-08-21,130.50369262695312,138.7899932861328,139.49000549316406,138.0,138.5500030517578,14970300,MSFT
2019-08-22,129.55401611328125,137.77999877929688,139.1999969482422,136.2899932861328,138.66000366210938,18697000,MSFT
2019-08-23,125.42610168457031,133.38999938964844,138.35000610351562,132.8000030517578,137.19000244140625,38508600,MSFT
2019-08-26,127.36309051513672,135.4499969482422,135.55999755859375,133.89999389648438,134.99000549316406,20312600,MSFT
2019-08-27,127.63578796386719,135.74000549316406,136.72000122070312,134.66000366210938,136.38999938964844,23102100,MSFT
2019-08-28,127.466552734375,135.55999755859375,135.75999450683594,133.5500030517578,134.8800048828125,17393300,MSFT
2019-08-29,129.87367248535156,138.1199951171875,138.44000244140625,136.91000366210938,137.25,20168700,MSFT
2019-08-30,129.6292266845703,137.86000061035156,139.17999267578125,136.27000427246094,139.14999389648438,23940100,MSFT
2019-09-03,127.91787719726562,136.0399932861328,137.1999969482422,135.6999969482422,136.61000061035156,18869300,MSFT
2019-09-04,129.41293334960938,137.6300048828125,137.69000244140625,136.47999572753906,137.3000030517578,17995900,MSFT
2019-09-05,131.68846130371094,140.0500030517578,140.3800048828125,138.75999450683594,139.11000061035156,26101800,MSFT
2019-09-06,130.79518127441406,139.10000610351562,140.17999267578125,138.1999969482422,140.02999877929688,20824500,MSFT
2019-09-09,129.30953979492188,137.52000427246094,139.75,136.4600067138672,139.58999633789062,25773900,MSFT
2019-09-10,127.95548248291016,136.0800018310547,136.88999938964844,134.50999450683594,136.8000030517578,28903400,MSFT
2019-09-11,127.99304962158203,136.1199951171875,136.27000427246094,135.08999633789062,135.91000366210938,24726100,MSFT
2019-09-12,129.30953979492188,137.52000427246094,138.4199981689453,136.8699951171875,137.85000610351562,27010000,MSFT
2019-09-13,129.12147521972656,137.32000732421875,138.05999755859375,136.57000732421875,137.77999877929688,23363100,MSFT
2019-09-16,128.1905517578125,136.3300018310547,136.6999969482422,135.66000366210938,135.8300018310547,16731400,MSFT
2019-09-17,129.18727111816406,137.38999938964844,137.52000427246094,136.42999267578125,136.9600067138672,17814200,MSFT
2019-09-18,130.24981689453125,138.52000427246094,138.6699981689453,136.52999877929688,137.36000061035156,23982100,MSFT
2019-09-19,132.6475830078125,141.07000732421875,142.3699951171875,140.07000732421875,140.3000030517578,35772100,MSFT
2019-09-20,131.1149139404297,139.44000244140625,141.64999389648438,138.25,141.00999450683594,39167300,MSFT
2019-09-23,130.83279418945312,139.13999938964844,139.6300048828125,138.44000244140625,139.22999572753906,17139300,MSFT
2019-09-24,129.1778564453125,137.3800048828125,140.69000244140625,136.8800048828125,140.36000061035156,29773200,MSFT
2019-09-25,131.0396270751953,139.36000061035156,139.9600067138672,136.02999877929688,137.5,21382000,MSFT
2019-09-26,131.2089385986328,139.5399932861328,140.17999267578125,138.44000244140625,139.44000244140625,17456600,MSFT
2019-09-27,129.5070037841797,137.72999572753906,140.36000061035156,136.64999389648438,140.14999389648438,22477700,MSFT
2019-09-30,130.72938537597656,139.02999877929688,139.22000122070312,137.77999877929688,138.0500030517578,17280900,MSFT
2019-10-01,128.88636779785156,137.07000732421875,140.25,137.0,139.66000366210938,21466600,MSFT
2019-10-02,126.61088562011719,134.64999389648438,136.3699951171875,133.5800018310547,136.25,30521700,MSFT
2019-10-03,128.1435546875,136.27999877929688,136.75,133.22000122070312,134.9499969482422,24132900,MSFT
2019-10-04,129.87367248535156,138.1199951171875,138.25,136.4199981689453,136.75,22897700,MSFT
2019-10-07,128.9334259033203,137.1199951171875,138.17999267578125,137.02000427246094,137.13999938964844,15303700,MSFT
2019-10-08,127.56998443603516,135.6699981689453,137.75999450683594,135.6199951171875,137.0800018310547,25550500,MSFT
2019-10-09,129.98655700683594,138.24000549316406,138.6999969482422,136.97000122070312,137.4600067138672,19749900,MSFT
2019-10-10,130.79518127441406,139.10000610351562,139.6699981689453,138.25,138.49000549316406,17654600,MSFT
2019-10-11,131.34051513671875,139.67999267578125,141.02999877929688,139.5,140.1199951171875,25446000,MSFT
2019-10-14,131.2183380126953,139.5500030517578,140.2899932861328,139.52000427246094,139.69000244140625,13304300,MSFT
2019-10-15,133.11770629882812,141.57000732421875,141.7899932861328,139.80999755859375,140.05999755859375,19695700,MSFT
2019-10-16,132.02696228027344,140.41000366210938,140.99000549316406,139.52999877929688,140.7899932861328,20751600,MSFT
2019-10-17,131.3499298095703,139.69000244140625,141.4199981689453,139.02000427246094,140.9499969482422,21460600,MSFT
2019-10-18,129.20608520507812,137.41000366210938,140.0,136.55999755859375,139.75999450683594,32273500,MSFT
2019-10-21,130.16519165039062,138.42999267578125,138.5,137.00999450683594,138.4499969482422,20078200,MSFT
2019-10-22,128.22816467285156,136.3699951171875,140.00999450683594,136.25999450683594,138.97000122070312,27431000,MSFT
2019-10-23,129.0462188720703,137.24000549316406,137.4499969482422,135.61000061035156,136.8800048828125,29844600,MSFT
2019-10-24,131.5850372314453,139.94000244140625,140.4199981689453,138.6699981689453,139.38999938964844,37029300,MSFT
2019-10-25,132.3278350830078,140.72999572753906,141.13999938964844,139.1999969482422,139.33999633789062,25959700,MSFT
2019-10-28,135.58126831054688,144.19000244140625,145.6699981689453,143.50999450683594,144.39999389648438,35280100,MSFT
2019-10-29,134.302490234375,142.8300018310547,144.5,142.64999389648438,144.0800018310547,20589500,MSFT
2019-10-30,135.97625732421875,144.61000061035156,145.0,142.7899932861328,143.52000427246094,18496600,MSFT
2019-10-31,134.8102264404297,143.3699951171875,144.92999267578125,142.99000549316406,144.89999389648438,24605100,MSFT
2019-11-01,135.13934326171875,143.72000122070312,144.4199981689453,142.97000122070312,144.25999450683594,33128400,MSFT
2019-11-04,135.9197998046875,144.5500030517578,145.0,144.16000366210938,144.8300018310547,16912000,MSFT
2019-11-05,135.83517456054688,144.4600067138672,145.02000427246094,143.91000366210938,144.97000122070312,18250200,MSFT
2019-11-06,135.45901489257812,144.05999755859375,144.52000427246094,143.1999969482422,144.3699951171875,16575800,MSFT
2019-11-07,135.6470947265625,144.25999450683594,144.8800048828125,143.77000427246094,143.83999633789062,17786700,MSFT
2019-11-08,137.24562072753906,145.9600067138672,145.99000549316406,143.75999450683594,143.97999572753906,16732700,MSFT
2019-11-11,137.38668823242188,146.11000061035156,146.4199981689453,144.72999572753906,145.33999633789062,14362600,MSFT
2019-11-12,138.28936767578125,147.07000732421875,147.57000732421875,146.05999755859375,146.27999877929688,18641600,MSFT
2019-11-13,138.51499938964844,147.30999755859375,147.4600067138672,146.27999877929688,146.74000549316406,16919200,MSFT
2019-11-14,139.22024536132812,148.05999755859375,148.41000366210938,147.0,147.02000427246094,19729800,MSFT
2019-11-15,141.01622009277344,149.97000122070312,149.99000549316406,148.27000427246094,148.92999267578125,23485700,MSFT
2019-11-18,141.36412048339844,150.33999633789062,150.5500030517578,148.97999572753906,150.07000732421875,21534000,MSFT
2019-11-19,141.4110870361328,150.38999938964844,151.3300018310547,150.1999969482422,150.8800048828125,23935700,MSFT
2019-11-20,141.1658477783203,149.6199951171875,150.83999633789062,148.4600067138672,150.30999755859375,25696800,MSFT
2019-11-21,141.03372192382812,149.47999572753906,149.8000030517578,148.5,149.39999389648438,18576100,MSFT
2019-11-22,141.13751220703125,149.58999633789062,150.3000030517578,148.82000732421875,150.07000732421875,15901800,MSFT
2019-11-25,142.6848602294922,151.22999572753906,151.35000610351562,149.9199981689453,150.0,22420900,MSFT
2019-11-26,143.43963623046875,152.02999877929688,152.4199981689453,151.32000732421875,151.36000061035156,24620100,MSFT
2019-11-27,143.7132568359375,152.32000732421875,152.5,151.52000427246094,152.3300018310547,15184400,MSFT
2019-11-29,142.82638549804688,151.3800048828125,152.3000030517578,151.27999877929688,152.10000610351562,11977300,MSFT
2019-12-02,141.09979248046875,149.5500030517578,151.8300018310547,148.32000732421875,151.80999755859375,27418400,MSFT
2019-12-03,140.87330627441406,149.30999755859375,149.42999267578125,146.64999389648438,147.49000549316406,24066000,MSFT
2019-12-04,141.3828125,149.85000610351562,150.17999267578125,149.1999969482422,150.13999938964844,17574700,MSFT
2019-12-05,141.4582977294922,149.92999267578125,150.32000732421875,149.47999572753906,150.0500030517578,17869100,MSFT
2019-12-06,143.17547607421875,151.75,151.8699951171875,150.27000427246094,150.99000549316406,16403500,MSFT
2019-12-09,142.80747985839844,151.36000061035156,152.2100067138672,150.91000366210938,151.07000732421875,16687400,MSFT
2019-12-10,142.59048461914062,151.1300048828125,151.88999938964844,150.75999450683594,151.2899932861328,16476100,MSFT
2019-12-11,143.12831115722656,151.6999969482422,151.8699951171875,150.3300018310547,151.5399932861328,18856600,MSFT
2019-12-12,144.58126831054688,153.24000549316406,153.44000244140625,151.02000427246094,151.64999389648438,24612100,MSFT
2019-12-13,145.79835510253906,154.52999877929688,154.88999938964844,152.8300018310547,153.0,23845400,MSFT
2019-12-16,146.7418670654297,155.52999877929688,155.89999389648438,154.82000732421875,155.11000061035156,24144200,MSFT
2019-12-17,145.9493408203125,154.69000244140625,155.7100067138672,154.4499969482422,155.4499969482422,25425600,MSFT
2019-12-18,145.6473846435547,154.3699951171875,155.47999572753906,154.17999267578125,154.3000030517578,24129200,MSFT
2019-12-19,146.91171264648438,155.7100067138672,155.77000427246094,153.75,154.0,24958900,MSFT
2019-12-20,148.515625,157.41000366210938,158.49000549316406,156.2899932861328,157.35000610351562,53477500,MSFT
2019-12-23,148.515625,157.41000366210938,158.1199951171875,157.27000427246094,158.1199951171875,17718200,MSFT
2019-12-24,148.48733520507812,157.3800048828125,157.7100067138672,157.1199951171875,157.47999572753906,8989200,MSFT
2019-12-26,149.7044677734375,158.6699981689453,158.72999572753906,157.39999389648438,157.55999755859375,14520600,MSFT
2019-12-27,149.97808837890625,158.9600067138672,159.5500030517578,158.22000122070312,159.4499969482422,18412800,MSFT
2019-12-30,148.68545532226562,157.58999633789062,159.02000427246094,156.72999572753906,158.99000549316406,16348400,MSFT
2019-12-31,148.78927612304688,157.6999969482422,157.77000427246094,156.4499969482422,156.77000427246094,18369400,MSFT
2020-01-02,151.5442657470703,160.6199951171875,160.72999572753906,158.3300018310547,158.77999877929688,22622100,MSFT
2020-01-03,149.6572723388672,158.6199951171875,159.9499969482422,158.05999755859375,158.32000732421875,21116200,MSFT
2020-01-06,150.04412841796875,159.02999877929688,159.10000610351562,156.50999450683594,157.0800018310547,20813700,MSFT
2020-01-07,148.676025390625,157.5800018310547,159.6699981689453,157.32000732421875,159.32000732421875,21634100,MSFT
2020-01-08,151.0442352294922,160.08999633789062,160.8000030517578,157.9499969482422,158.92999267578125,27746500,MSFT
2020-01-09,152.93121337890625,162.08999633789062,162.22000122070312,161.02999877929688,161.83999633789062,21385000,MSFT
2020-01-10,152.22352600097656,161.33999633789062,163.22000122070312,161.17999267578125,162.82000732421875,20725900,MSFT
2020-01-13,154.053955078125,163.27999877929688,163.30999755859375,161.25999450683594,161.75999450683594,21626500,MSFT
2020-01-14,152.968994140625,162.1300048828125,163.60000610351562,161.72000122070312,163.38999938964844,23477400,MSFT
2020-01-15,153.9595947265625,163.17999267578125,163.94000244140625,162.57000732421875,162.6199951171875,21417900,MSFT
2020-01-16,156.78065490722656,166.1699981689453,166.24000549316406,164.02999877929688,164.35000610351562,23865400,MSFT
2020-01-17,157.6581268310547,167.10000610351562,167.47000122070312,165.42999267578125,167.4199981689453,34371700,MSFT
2020-01-21,157.09202575683594,166.5,168.19000244140625,166.42999267578125,166.67999267578125,29517200,MSFT
2020-01-22,156.3372344970703,165.6999969482422,167.49000549316406,165.67999267578125,167.39999389648438,24138800,MSFT
2020-01-23,157.29959106445312,166.72000122070312,166.8000030517578,165.27000427246094,166.19000244140625,19680800,MSFT
2020-01-24,155.71450805664062,165.0399932861328,167.52999877929688,164.4499969482422,167.50999450683594,24918100,MSFT
2020-01-27,153.11045837402344,162.27999877929688,163.3800048828125,160.1999969482422,161.14999389648438,32078100,MSFT
2020-01-28,156.1107940673828,165.4600067138672,165.75999450683594,163.07000732421875,163.77999877929688,24899900,MSFT
2020-01-29,158.54493713378906,168.0399932861328,168.75,165.69000244140625,167.83999633789062,34754500,MSFT
2020-01-30,163.01715087890625,172.77999877929688,174.0500030517578,170.7899932861328,174.0500030517578,51597500,MSFT
2020-01-31,160.61123657226562,170.22999572753906,172.39999389648438,169.5800018310547,172.2100067138672,36142700,MSFT
2020-02-03,164.52676391601562,174.3800048828125,174.5,170.39999389648438,170.42999267578125,30107000,MSFT
2020-02-04,169.9424591064453,180.1199951171875,180.63999938964844,176.30999755859375,177.13999938964844,36433300,MSFT
2020-02-05,169.73483276367188,179.89999389648438,184.1999969482422,178.41000366210938,184.02999877929688,39186300,MSFT
2020-02-06,173.2540740966797,183.6300048828125,183.82000732421875,180.05999755859375,180.97000122070312,27751400,MSFT
2020-02-07,173.49940490722656,183.88999938964844,185.6300048828125,182.47999572753906,182.85000610351562,33529100,MSFT
2020-02-10,178.03762817382812,188.6999969482422,188.83999633789062,183.25,183.5800018310547,35844300,MSFT
2020-02-11,174.0183563232422,184.44000244140625,190.6999969482422,183.5,190.64999389648438,53159900,MSFT
2020-02-12,174.2730712890625,184.7100067138672,185.85000610351562,181.85000610351562,185.5800018310547,47062900,MSFT
2020-02-13,173.32958984375,183.7100067138672,186.22999572753906,182.8699951171875,183.0800018310547,35295800,MSFT
2020-02-14,174.87692260742188,185.35000610351562,185.41000366210938,182.64999389648438,183.25,23149500,MSFT
2020-02-18,176.6506805419922,187.22999572753906,187.6999969482422,185.5,185.61000061035156,27792200,MSFT
2020-02-19,177.18045043945312,187.27999877929688,188.17999267578125,186.47000122070312,188.05999755859375,29997500,MSFT
2020-02-20,174.4746856689453,184.4199981689453,187.25,181.10000610351562,186.9499969482422,36862400,MSFT
2020-02-21,168.95913696289062,178.58999633789062,183.5,177.25,183.1699981689453,48572600,MSFT
2020-02-24,161.67434692382812,170.88999938964844,174.5500030517578,163.22999572753906,167.77000427246094,68311100,MSFT
2020-02-25,159.00640869140625,168.07000732421875,174.83999633789062,167.64999389648438,174.1999969482422,68073300,MSFT
2020-02-26,160.9932098388672,170.1699981689453,173.25999450683594,168.2100067138672,169.7100067138672,56206100,MSFT
2020-02-27,149.64976501464844,158.17999267578125,167.02999877929688,157.97999572753906,163.32000732421875,93174900,MSFT
2020-02-28,153.27325439453125,162.00999450683594,163.7100067138672,152.0,152.41000366210938,97012700,MSFT
2020-03-02,163.47189331054688,172.7899932861328,172.9199981689453,162.30999755859375,165.30999755859375,71030800,MSFT
2020-03-03,155.63839721679688,164.50999450683594,175.0,162.25999450683594,173.8000030517578,71677000,MSFT
2020-03-04,161.35269165039062,170.5500030517578,170.6999969482422,165.6199951171875,168.49000549316406,49814400,MSFT
2020-03-05,157.30352783203125,166.27000427246094,170.8699951171875,165.69000244140625,166.0500030517578,47817300,MSFT
2020-03-06,152.85694885253906,161.57000732421875,163.11000061035156,156.0,162.61000061035156,72821100,MSFT
2020-03-09,142.49746704101562,150.6199951171875,157.75,150.0,151.0,70419300,MSFT
2020-03-10,152.24200439453125,160.9199981689453,161.02999877929688,152.5800018310547,158.16000366210938,65354400,MSFT
2020-03-11,145.34510803222656,153.6300048828125,157.6999969482422,151.14999389648438,157.1300048828125,56371600,MSFT
2020-03-12,131.56085205078125,139.05999755859375,153.47000122070312,138.5800018310547,145.3000030517578,93226400,MSFT
2020-03-13,150.26475524902344,158.8300018310547,161.91000366210938,140.72999572753906,147.5,92727400,MSFT
2020-03-16,128.11717224121094,135.4199981689453,149.35000610351562,135.0,140.0,87905900,MSFT
2020-03-17,138.6658477783203,146.57000732421875,147.5,135.0,140.0,81059800,MSFT
2020-03-18,132.82858276367188,140.39999389648438,146.0,135.02000427246094,138.0,81593200,MSFT
2020-03-19,135.01400756835938,142.7100067138672,150.14999389648438,139.0,142.77000427246094,85922700,MSFT
2020-03-20,129.94313049316406,137.35000610351562,147.10000610351562,135.86000061035156,146.0,84866200,MSFT
2020-03-23,128.64697265625,135.97999572753906,140.57000732421875,132.52000427246094,137.00999450683594,78975200,MSFT
2020-03-24,140.3403778076172,148.33999633789062,149.60000610351562,141.27000427246094,143.75,82516700,MSFT
2020-03-25,138.99703979492188,146.9199981689453,154.3300018310547,144.44000244140625,148.91000366210938,75638200,MSFT
2020-03-26,147.69137573242188,156.11000061035156,156.66000366210938,148.3699951171875,148.39999389648438,64568100,MSFT
2020-03-27,141.6270751953125,149.6999969482422,154.88999938964844,149.1999969482422,151.75,57042300,MSFT
2020-03-30,151.5891876220703,160.22999572753906,160.60000610351562,150.00999450683594,152.44000244140625,63420300,MSFT
2020-03-31,149.2051239013672,157.7100067138672,164.77999877929688,156.55999755859375,159.39999389648438,77927200,MSFT
2020-04-01,143.9071044921875,152.11000061035156,157.75,150.82000732421875,153.0,57969900,MSFT
2020-04-02,146.88720703125,155.25999450683594,155.47999572753906,150.36000061035156,151.86000061035156,49630700,MSFT
2020-04-03,145.53439331054688,153.8300018310547,157.3800048828125,152.19000244140625,155.10000610351562,41243300,MSFT
2020-04-06,156.357421875,165.27000427246094,166.5,157.5800018310547,160.32000732421875,67111700,MSFT
2020-04-07,154.6734161376953,163.49000549316406,170.0,163.25999450683594,169.58999633789062,62769000,MSFT
2020-04-08,156.22496032714844,165.1300048828125,166.6699981689453,163.5,165.6699981689453,48318200,MSFT
2020-04-09,156.23443603515625,165.13999938964844,167.3699951171875,163.3300018310547,166.36000061035156,51385100,MSFT
2020-04-13,156.5844268798828,165.50999450683594,165.57000732421875,162.3000030517578,164.35000610351562,41905300,MSFT
2020-04-14,164.33279418945312,173.6999969482422,173.75,168.0,169.0,52874300,MSFT
2020-04-15,162.61097717285156,171.8800048828125,173.57000732421875,169.24000549316406,171.1999969482422,40940800,MSFT
2020-04-16,167.49267578125,177.0399932861328,177.27999877929688,172.89999389648438,174.3000030517578,50479600,MSFT
2020-04-17,168.96853637695312,178.60000610351562,180.0,175.8699951171875,179.5,52765600,MSFT
2020-04-20,165.6194610595703,175.05999755859375,178.75,174.99000549316406,176.6300048828125,36669600,MSFT
2020-04-21,158.76992797851562,167.82000732421875,173.6699981689453,166.11000061035156,173.5,56203700,MSFT
2020-04-22,164.16253662109375,173.52000427246094,174.0,170.82000732421875,171.38999938964844,34620200,MSFT
2020-04-23,162.17578125,171.4199981689453,175.05999755859375,170.91000366210938,174.11000061035156,32790800,MSFT
2020-04-24,165.136962890625,174.5500030517578,174.55999755859375,170.7100067138672,172.05999755859375,34277600,MSFT
2020-04-27,164.66392517089844,174.0500030517578,176.89999389648438,173.3000030517578,176.58999633789062,33194400,MSFT
2020-04-28,160.6526336669922,169.80999755859375,175.6699981689453,169.38999938964844,175.58999633789062,34392700,MSFT
2020-04-29,167.86166381835938,177.42999267578125,177.67999267578125,171.8800048828125,173.22000122070312,51286600,MSFT
2020-04-30,169.54568481445312,179.2100067138672,180.39999389648438,176.22999572753906,180.0,53875900,MSFT
2020-05-01,165.1559295654297,174.57000732421875,178.63999938964844,174.00999450683594,175.8000030517578,39370500,MSFT
2020-05-04,169.19557189941406,178.83999633789062,179.0,173.8000030517578,174.49000549316406,30372900,MSFT
2020-05-05,171.01210021972656,180.75999450683594,183.64999389648438,179.89999389648438,180.6199951171875,36839200,MSFT
2020-05-06,172.69610595703125,182.5399932861328,184.1999969482422,181.6300048828125,182.0800018310547,32139300,MSFT
2020-05-07,173.698974609375,183.60000610351562,184.5500030517578,182.5800018310547,184.1699981689453,28316000,MSFT
2020-05-08,174.72068786621094,184.67999267578125,185.0,183.36000061035156,184.97999572753906,30877800,MSFT
2020-05-11,176.66961669921875,186.74000549316406,187.50999450683594,182.85000610351562,183.14999389648438,30892700,MSFT
2020-05-12,172.66766357421875,182.50999450683594,187.0399932861328,182.3000030517578,186.8000030517578,32038200,MSFT
2020-05-13,170.0565643310547,179.75,184.0500030517578,176.5399932861328,182.5500030517578,44711500,MSFT
2020-05-14,170.79449462890625,180.52999877929688,180.69000244140625,175.67999267578125,177.5399932861328,41873900,MSFT
2020-05-15,173.28269958496094,183.16000366210938,187.05999755859375,177.0,179.05999755859375,46610400,MSFT
2020-05-18,174.9382781982422,184.91000366210938,186.1999969482422,183.9600067138672,185.75,35264500,MSFT
2020-05-19,173.72732543945312,183.6300048828125,186.60000610351562,183.49000549316406,185.02999877929688,26799100,MSFT
2020-05-20,176.1370849609375,185.66000366210938,185.85000610351562,183.94000244140625,184.80999755859375,31261300,MSFT
2020-05-21,174.02139282226562,183.42999267578125,186.6699981689453,183.2899932861328,185.39999389648438,29119500,MSFT
2020-05-22,174.09732055664062,183.50999450683594,184.4600067138672,182.5399932861328,183.19000244140625,20826900,MSFT
2020-05-26,172.2568359375,181.57000732421875,186.5,181.10000610351562,186.33999633789062,36073600,MSFT
2020-05-27,172.48451232910156,181.80999755859375,181.99000549316406,176.60000610351562,180.1999969482422,39517100,MSFT
2020-05-28,172.09556579589844,181.39999389648438,184.14999389648438,180.3800048828125,180.74000549316406,33810200,MSFT
2020-05-29,173.85064697265625,183.25,184.27000427246094,180.41000366210938,182.72999572753906,42130400,MSFT
2020-06-01,173.4521942138672,182.8300018310547,183.0,181.4600067138672,182.5399932861328,22622400,MSFT
2020-06-02,175.4254913330078,184.91000366210938,185.0,181.35000610351562,184.25,30794600,MSFT
2020-06-03,175.85243225097656,185.36000061035156,185.94000244140625,183.5800018310547,184.82000732421875,27311000,MSFT
2020-06-04,173.53758239746094,182.9199981689453,185.83999633789062,182.3000030517578,184.3000030517578,28761800,MSFT
2020-06-05,177.59803771972656,187.1999969482422,187.72999572753906,182.00999450683594,182.6199951171875,39893600,MSFT
2020-06-08,178.69859313964844,188.36000061035156,188.5500030517578,184.44000244140625,185.94000244140625,33211600,MSFT
2020-06-09,180.06468200683594,189.8000030517578,190.6999969482422,187.25999450683594,188.0,29783900,MSFT
2020-06-10,186.74359130859375,196.83999633789062,198.52000427246094,191.00999450683594,191.1300048828125,43872300,MSFT
2020-06-11,176.7157745361328,186.27000427246094,195.75999450683594,186.07000732421875,193.1300048828125,52854700,MSFT
2020-06-12,178.1103515625,187.74000549316406,191.72000122070312,185.17999267578125,190.5399932861328,43373600,MSFT
2020-06-15,179.24879455566406,188.94000244140625,190.82000732421875,184.00999450683594,184.5800018310547,32770200,MSFT
2020-06-16,183.64129638671875,193.57000732421875,195.5800018310547,191.4600067138672,192.88999938964844,42556700,MSFT
2020-06-17,184.2769775390625,194.24000549316406,196.32000732421875,193.69000244140625,195.02999877929688,25687800,MSFT
2020-06-18,186.2502899169922,196.32000732421875,196.49000549316406,194.0,194.0,23061600,MSFT
2020-06-19,185.14027404785156,195.14999389648438,199.2899932861328,194.3699951171875,198.58999633789062,44441100,MSFT
2020-06-22,190.28228759765625,200.57000732421875,200.75999450683594,195.22999572753906,195.7899932861328,32818900,MSFT
2020-06-23,191.55357360839844,201.91000366210938,203.9499969482422,201.42999267578125,202.08999633789062,30917400,MSFT
2020-06-24,187.69235229492188,197.83999633789062,203.25,196.55999755859375,201.60000610351562,36740600,MSFT
2020-06-25,190.06410217285156,200.33999633789062,200.61000061035156,195.47000122070312,197.8000030517578,27803900,MSFT
2020-06-26,186.25973510742188,196.3300018310547,199.88999938964844,194.8800048828125,199.72999572753906,54675800,MSFT
2020-06-29,188.26156616210938,198.44000244140625,198.52999877929688,193.5500030517578,195.77999877929688,26701600,MSFT
2020-06-30,193.07144165039062,203.50999450683594,204.39999389648438,197.74000549316406,197.8800048828125,34310300,MSFT
2020-07-01,194.20045471191406,204.6999969482422,206.35000610351562,201.77000427246094,203.13999938964844,32061200,MSFT
2020-07-02,195.68038940429688,206.25999450683594,208.02000427246094,205.0,205.67999267578125,29315800,MSFT
2020-07-06,199.8926544189453,210.6999969482422,211.1300048828125,208.08999633789062,208.8300018310547,31897600,MSFT
2020-07-07,197.568359375,208.25,214.6699981689453,207.99000549316406,210.4499969482422,33600700,MSFT
2020-07-08,201.9134521484375,212.8300018310547,213.25999450683594,208.69000244140625,210.07000732421875,33600000,MSFT
2020-07-09,203.3270263671875,214.32000732421875,216.3800048828125,211.47000122070312,216.3300018310547,33121700,MSFT
2020-07-10,202.71035766601562,213.6699981689453,214.0800018310547,211.0800018310547,213.6199951171875,26177600,MSFT
2020-07-13,196.4488983154297,207.07000732421875,215.8000030517578,206.5,214.47999572753906,38135600,MSFT
2020-07-14,197.66322326660156,208.35000610351562,208.85000610351562,202.02999877929688,206.1300048828125,37591800,MSFT
2020-07-15,197.36912536621094,208.0399932861328,211.3300018310547,205.02999877929688,209.55999755859375,32179400,MSFT
2020-07-16,193.46043395996094,203.9199981689453,205.6999969482422,202.30999755859375,205.39999389648438,29940700,MSFT
2020-07-17,192.47377014160156,202.8800048828125,205.0399932861328,201.38999938964844,204.47000122070312,31635300,MSFT
2020-07-20,200.7465362548828,211.60000610351562,212.3000030517578,203.00999450683594,205.0,36884800,MSFT
2020-07-21,198.042724609375,208.75,213.94000244140625,208.02999877929688,213.66000366210938,37990400,MSFT
2020-07-22,200.88882446289062,211.75,212.3000030517578,208.38999938964844,209.1999969482422,49605700,MSFT
2020-07-23,192.15121459960938,202.5399932861328,210.9199981689453,202.14999389648438,207.19000244140625,67457000,MSFT
2020-07-24,190.97482299804688,201.3000030517578,202.86000061035156,197.50999450683594,200.4199981689453,39827000,MSFT
2020-07-27,193.39402770996094,203.85000610351562,203.97000122070312,200.86000061035156,201.47000122070312,30160900,MSFT
2020-07-28,191.65789794921875,202.02000427246094,204.6999969482422,201.74000549316406,203.61000061035156,23251400,MSFT
2020-07-29,193.59327697753906,204.05999755859375,204.64999389648438,202.00999450683594,202.5,19632600,MSFT
2020-07-30,193.44146728515625,203.89999389648438,204.4600067138672,199.57000732421875,201.0,25079600,MSFT
2020-07-31,194.49456787109375,205.00999450683594,205.10000610351562,199.00999450683594,204.39999389648438,51044000,MSFT
2020-08-03,205.4331512451172,216.5399932861328,217.63999938964844,210.44000244140625,211.52000427246094,78983000,MSFT
2020-08-04,202.3498077392578,213.2899932861328,214.77000427246094,210.30999755859375,214.1699981689453,49280100,MSFT
2020-08-05,202.0177764892578,212.94000244140625,215.0,211.57000732421875,214.89999389648438,28806400,MSFT
2020-08-06,205.25286865234375,216.35000610351562,216.3699951171875,211.5500030517578,212.33999633789062,32656800,MSFT
2020-08-07,201.58140563964844,212.47999572753906,215.6999969482422,210.92999267578125,214.85000610351562,27820400,MSFT
2020-08-10,197.568359375,208.25,211.8800048828125,206.35000610351562,211.6699981689453,36716500,MSFT
2020-08-11,192.94818115234375,203.3800048828125,207.64999389648438,203.13999938964844,207.16000366210938,36446500,MSFT
2020-08-12,198.46011352539062,209.19000244140625,210.27999877929688,204.75,205.2899932861328,28013100,MSFT
2020-08-13,197.9952850341797,208.6999969482422,211.35000610351562,208.14999389648438,209.44000244140625,22588900,MSFT
2020-08-14,198.1849822998047,208.89999389648438,209.58999633789062,207.50999450683594,208.75999450683594,17958900,MSFT
2020-08-17,199.49423217773438,210.27999877929688,211.19000244140625,208.9199981689453,209.60000610351562,20184800,MSFT
2020-08-18,200.6421661376953,211.49000549316406,212.36000061035156,209.2100067138672,210.52999877929688,21336200,MSFT
2020-08-19,199.42486572265625,209.6999969482422,212.10000610351562,209.25,211.49000549316406,27627600,MSFT
2020-08-20,204.0657958984375,214.5800018310547,215.0,208.91000366210938,209.5399932861328,26981500,MSFT
2020-08-21,202.58218383789062,213.02000427246094,216.25,212.85000610351562,213.86000061035156,36249300,MSFT
2020-08-24,203.21937561035156,213.69000244140625,215.52000427246094,212.42999267578125,214.7899932861328,25460100,MSFT
2020-08-25,205.86318969726562,216.47000122070312,216.61000061035156,213.10000610351562,213.10000610351562,23043700,MSFT
2020-08-26,210.3137969970703,221.14999389648438,222.08999633789062,217.36000061035156,217.8800048828125,39600800,MSFT
2020-08-27,215.47776794433594,226.5800018310547,231.14999389648438,219.39999389648438,222.88999938964844,57602200,MSFT
2020-08-28,217.69363403320312,228.91000366210938,230.63999938964844,226.5800018310547,228.17999267578125,26292900,MSFT
2020-08-31,214.479248046875,225.52999877929688,228.6999969482422,224.30999755859375,227.0,28774200,MSFT
2020-09-01,216.1339874267578,227.27000427246094,227.4499969482422,224.42999267578125,225.50999450683594,25725500,MSFT
2020-09-02,220.29933166503906,231.64999389648438,232.86000061035156,227.35000610351562,227.97000122070312,34080800,MSFT
2020-09-03,206.65248107910156,217.3000030517578,229.30999755859375,214.9600067138672,229.27000427246094,58400300,MSFT
2020-09-04,203.7519989013672,214.25,218.36000061035156,205.19000244140625,215.10000610351562,59664100,MSFT
2020-09-08,192.7298126220703,202.66000366210938,210.02999877929688,202.1999969482422,206.5,52924300,MSFT
2020-09-09,200.93701171875,211.2899932861328,214.83999633789062,206.6999969482422,207.60000610351562,45679000,MSFT
2020-09-10,195.3070526123047,205.3699951171875,214.74000549316406,204.11000061035156,213.39999389648438,35461500,MSFT
2020-09-11,194.0327606201172,204.02999877929688,208.6300048828125,201.24000549316406,207.1999969482422,33620100,MSFT
2020-09-14,195.34512329101562,205.41000366210938,209.1999969482422,204.02999877929688,204.24000549316406,30375800,MSFT
2020-09-15,198.54998779296875,208.77999877929688,209.77999877929688,206.92999267578125,208.4199981689453,21823900,MSFT
2020-09-16,195.00270080566406,205.0500030517578,210.64999389648438,204.63999938964844,210.6199951171875,26328100,MSFT
2020-09-17,192.9676055908203,202.91000366210938,204.3300018310547,199.9600067138672,200.0500030517578,34011300,MSFT
2020-09-18,190.57106018066406,200.38999938964844,203.64999389648438,196.25,202.8000030517578,55225300,MSFT
2020-09-21,192.61570739746094,202.5399932861328,202.7100067138672,196.3800048828125,197.19000244140625,39839700,MSFT
2020-09-22,197.256591796875,207.4199981689453,208.10000610351562,202.0800018310547,205.05999755859375,33517100,MSFT
2020-09-23,190.76124572753906,200.58999633789062,208.10000610351562,200.02999877929688,207.89999389648438,30803800,MSFT
2020-09-24,193.2338409423828,203.19000244140625,205.57000732421875,199.1999969482422,199.85000610351562,31202500,MSFT
2020-09-25,197.6370086669922,207.82000732421875,209.0399932861328,202.5399932861328,203.5500030517578,29437300,MSFT
2020-09-28,199.17762756347656,209.44000244140625,212.57000732421875,208.05999755859375,210.8800048828125,32004900,MSFT
2020-09-29,197.10438537597656,207.25999450683594,210.07000732421875,206.80999755859375,209.35000610351562,24221900,MSFT
2020-09-30,200.02403259277344,210.3300018310547,211.97999572753906,206.5399932861328,207.72999572753906,33829100,MSFT
2020-10-01,202.04962158203125,212.4600067138672,213.99000549316406,211.32000732421875,213.49000549316406,27158400,MSFT
2020-10-02,196.08688354492188,206.19000244140625,210.99000549316406,205.5399932861328,208.0,33154800,MSFT
2020-10-05,200.0715789794922,210.3800048828125,210.41000366210938,206.97999572753906,207.22000122070312,21331600,MSFT
2020-10-06,195.82054138183594,205.91000366210938,210.17999267578125,204.82000732421875,208.82000732421875,28554300,MSFT
2020-10-07,199.54852294921875,209.8300018310547,210.11000061035156,206.72000122070312,207.05999755859375,25681100,MSFT
2020-10-08,200.2617950439453,210.5800018310547,211.19000244140625,208.32000732421875,210.50999450683594,19925800,MSFT
2020-10-09,205.2355194091797,215.80999755859375,215.86000061035156,211.22999572753906,211.22999572753906,26458000,MSFT
2020-10-12,210.5515594482422,221.39999389648438,223.86000061035156,216.80999755859375,218.7899932861328,40461400,MSFT
2020-10-13,211.94004821777344,222.86000061035156,225.2100067138672,220.42999267578125,222.72000122070312,28950800,MSFT
2020-10-14,210.03810119628906,220.86000061035156,224.22000122070312,219.1300048828125,223.0,23421700,MSFT
2020-10-15,208.8968505859375,219.66000366210938,220.36000061035156,216.00999450683594,217.10000610351562,22733100,MSFT
2020-10-16,208.8968505859375,219.66000366210938,222.2899932861328,219.32000732421875,220.14999389648438,26057900,MSFT
2020-10-19,203.72340393066406,214.22000122070312,222.3000030517578,213.72000122070312,220.4199981689453,27625800,MSFT
2020-10-20,204.13230895996094,214.64999389648438,217.3699951171875,213.08999633789062,215.8000030517578,22753500,MSFT
2020-10-21,204.27499389648438,214.8000030517578,216.9199981689453,213.1199951171875,213.1199951171875,22724900,MSFT
2020-10-22,204.36056518554688,214.88999938964844,216.05999755859375,211.6999969482422,213.92999267578125,22351500,MSFT
2020-10-23,205.63491821289062,216.22999572753906,216.27999877929688,213.16000366210938,215.02999877929688,18879600,MSFT
2020-10-26,199.78628540039062,210.0800018310547,216.33999633789062,208.10000610351562,213.85000610351562,37111600,MSFT
2020-10-27,202.80093383789062,213.25,214.6699981689453,210.3300018310547,211.58999633789062,36700300,MSFT
2020-10-28,192.74884033203125,202.67999267578125,208.83999633789062,202.10000610351562,207.6699981689453,51195600,MSFT
2020-10-29,194.6888885498047,204.72000122070312,207.36000061035156,203.3699951171875,204.07000732421875,31432600,MSFT
2020-10-30,192.54913330078125,202.47000122070312,204.2899932861328,199.6199951171875,203.5,36953700,MSFT
2020-11-02,192.416015625,202.3300018310547,205.27999877929688,200.1199951171875,204.2899932861328,30842200,MSFT
2020-11-03,196.31507873535156,206.42999267578125,208.1199951171875,203.1199951171875,203.88999938964844,27512000,MSFT
2020-11-04,205.78709411621094,216.38999938964844,218.32000732421875,212.4199981689453,214.02000427246094,42311800,MSFT
2020-11-05,212.34898376464844,223.2899932861328,224.1199951171875,221.14999389648438,222.0399932861328,36080100,MSFT
2020-11-06,212.75791931152344,223.72000122070312,224.36000061035156,218.02999877929688,222.25999450683594,25231900,MSFT
2020-11-09,207.6890411376953,218.38999938964844,228.1199951171875,217.8800048828125,224.44000244140625,44395000,MSFT
2020-11-10,200.67066955566406,211.00999450683594,216.5,209.72000122070312,214.5,44045100,MSFT
2020-11-11,205.9392852783203,216.5500030517578,218.0399932861328,212.1999969482422,212.38999938964844,29440800,MSFT
2020-11-12,204.8836212158203,215.44000244140625,219.11000061035156,214.4600067138672,217.2100067138672,21593900,MSFT
2020-11-13,205.90118408203125,216.50999450683594,217.4199981689453,214.16000366210938,216.36000061035156,18621100,MSFT
2020-11-16,206.58590698242188,217.22999572753906,217.74000549316406,214.52000427246094,214.8699951171875,24953300,MSFT
2020-11-17,203.95167541503906,214.4600067138672,217.67999267578125,214.0800018310547,216.10000610351562,24154100,MSFT
2020-11-18,201.26280212402344,211.0800018310547,215.1699981689453,210.92999267578125,213.64999389648438,28372800,MSFT
2020-11-19,202.54046630859375,212.4199981689453,213.02999877929688,209.92999267578125,211.3800048828125,24792700,MSFT
2020-11-20,200.60487365722656,210.38999938964844,213.2899932861328,210.0,212.1999969482422,22843100,MSFT
2020-11-23,200.33792114257812,210.11000061035156,212.2899932861328,208.16000366210938,210.9499969482422,25683500,MSFT
2020-11-24,203.91354370117188,213.86000061035156,214.25,208.86000061035156,209.58999633789062,33979700,MSFT
2020-11-25,203.9230194091797,213.8699951171875,215.2899932861328,212.4600067138672,215.11000061035156,21012900,MSFT
2020-11-27,205.2198028564453,215.22999572753906,216.27000427246094,214.0399932861328,214.85000610351562,14512200,MSFT
2020-11-30,204.11376953125,214.07000732421875,214.75999450683594,210.83999633789062,214.10000610351562,33064800,MSFT
2020-12-01,206.1542510986328,216.2100067138672,217.32000732421875,213.35000610351562,214.50999450683594,30904500,MSFT
2020-12-02,205.35330200195312,215.3699951171875,215.47000122070312,212.8000030517578,214.8800048828125,23724500,MSFT
2020-12-03,204.2758331298828,214.24000549316406,216.3800048828125,213.64999389648438,214.61000061035156,25120900,MSFT
2020-12-04,204.39022827148438,214.36000061035156,215.3800048828125,213.17999267578125,214.22000122070312,24666000,MSFT
2020-12-07,204.323486328125,214.2899932861328,215.5399932861328,212.99000549316406,214.3699951171875,24620000,MSFT
2020-12-08,205.96351623535156,216.00999450683594,216.9499969482422,212.88999938964844,213.97000122070312,23284100,MSFT
2020-12-09,201.9493408203125,211.8000030517578,215.22999572753906,211.2100067138672,215.16000366210938,32440600,MSFT
2020-12-10,200.72886657714844,210.52000427246094,213.0800018310547,210.36000061035156,211.77000427246094,26733300,MSFT
2020-12-11,203.34141540527344,213.25999450683594,213.32000732421875,209.11000061035156,210.0500030517578,30979400,MSFT
2020-12-14,204.23770141601562,214.1999969482422,216.2100067138672,212.8800048828125,213.10000610351562,28798400,MSFT
2020-12-15,204.17092895507812,214.1300048828125,215.4199981689453,212.24000549316406,215.1699981689453,27000600,MSFT
2020-12-16,209.0814208984375,219.27999877929688,220.11000061035156,214.72000122070312,214.75,35023300,MSFT
2020-12-17,209.21493530273438,219.4199981689453,220.88999938964844,217.9199981689453,219.8699951171875,32515800,MSFT
2020-12-18,208.4235382080078,218.58999633789062,219.69000244140625,216.02000427246094,218.58999633789062,63354900,MSFT
2020-12-21,212.23748779296875,222.58999633789062,224.0,217.27999877929688,217.5500030517578,37181900,MSFT
2020-12-22,213.52467346191406,223.94000244140625,225.6300048828125,221.85000610351562,222.69000244140625,22612200,MSFT
2020-12-23,210.74049377441406,221.02000427246094,223.55999755859375,220.8000030517578,223.11000061035156,18699600,MSFT
2020-12-24,212.39002990722656,222.75,223.61000061035156,221.1999969482422,221.4199981689453,10550600,MSFT
2020-12-28,214.49725341796875,224.9600067138672,226.02999877929688,223.02000427246094,224.4499969482422,17933500,MSFT
2020-12-29,213.72494506835938,224.14999389648438,227.17999267578125,223.5800018310547,226.30999755859375,17403200,MSFT
2020-12-30,211.3697967529297,221.67999267578125,225.6300048828125,221.47000122070312,225.22999572753906,20272300,MSFT
2020-12-31,212.0753936767578,222.4199981689453,223.0,219.67999267578125,221.6999969482422,20942100,MSFT
2021-01-04,207.5653839111328,217.69000244140625,223.0,214.80999755859375,222.52999877929688,37130100,MSFT
2021-01-05,207.76560974121094,217.89999389648438,218.52000427246094,215.6999969482422,217.25999450683594,23823000,MSFT
2021-01-06,202.3783721923828,212.25,216.49000549316406,211.94000244140625,212.1699981689453,35930700,MSFT
2021-01-07,208.137451171875,218.2899932861328,219.33999633789062,213.7100067138672,214.0399932861328,27694500,MSFT
2021-01-08,209.4055938720703,219.6199951171875,220.5800018310547,217.02999877929688,218.67999267578125,22956200,MSFT
2021-01-11,207.37469482421875,217.49000549316406,218.91000366210938,216.72999572753906,218.47000122070312,23031300,MSFT
2021-01-12,204.93370056152344,214.92999267578125,217.10000610351562,213.32000732421875,216.5,23249300,MSFT
2021-01-13,206.2781524658203,216.33999633789062,216.75999450683594,213.92999267578125,214.02000427246094,20087100,MSFT
2021-01-14,203.112548828125,213.02000427246094,217.4600067138672,212.74000549316406,215.91000366210938,29480800,MSFT
2021-01-15,202.75978088378906,212.64999389648438,214.50999450683594,212.02999877929688,213.52000427246094,31746500,MSFT
2021-01-19,206.37351989746094,216.44000244140625,216.97999572753906,212.6300048828125,213.75,30480900,MSFT
2021-01-20,213.90609741210938,224.33999633789062,225.7899932861328,217.2899932861328,217.6999969482422,37777300,MSFT
2021-01-21,214.50680541992188,224.97000122070312,226.3000030517578,222.4199981689453,224.6999969482422,30709400,MSFT
2021-01-22,215.44125366210938,225.9499969482422,230.07000732421875,225.8000030517578,227.0800018310547,30172700,MSFT
2021-01-25,218.854736328125,229.52999877929688,229.77999877929688,224.22000122070312,229.1199951171875,33152100,MSFT
2021-01-26,221.5244903564453,232.3300018310547,234.17999267578125,230.0800018310547,231.86000061035156,49169600,MSFT
2021-01-27,222.0679931640625,232.89999389648438,240.44000244140625,230.13999938964844,238.0,69870600,MSFT
2021-01-28,227.8175048828125,238.92999267578125,242.63999938964844,235.08999633789062,235.61000061035156,49111200,MSFT
2021-01-29,221.17172241210938,231.9600067138672,238.02000427246094,231.35000610351562,235.99000549316406,42503100,MSFT
2021-02-01,228.50405883789062,239.64999389648438,242.5,232.42999267578125,235.05999755859375,33314200,MSFT
2021-02-02,228.37051391601562,239.50999450683594,242.30999755859375,238.69000244140625,241.3000030517578,25916300,MSFT
2021-02-03,231.69825744628906,243.0,245.08999633789062,239.25999450683594,239.57000732421875,27158100,MSFT
2021-02-04,230.75425720214844,242.00999450683594,243.24000549316406,240.3699951171875,242.66000366210938,25296100,MSFT
2021-02-05,230.93544006347656,242.1999969482422,243.27999877929688,240.4199981689453,242.22999572753906,18054800,MSFT
2021-02-08,231.19287109375,242.47000122070312,243.67999267578125,240.80999755859375,243.14999389648438,22211900,MSFT
2021-02-09,232.43243408203125,243.77000427246094,244.75999450683594,241.3800048828125,241.8699951171875,23565000,MSFT
2021-02-10,231.52659606933594,242.82000732421875,245.9199981689453,240.88999938964844,245.0,22186700,MSFT
2021-02-11,233.11892700195312,244.49000549316406,245.14999389648438,242.14999389648438,244.77999877929688,15751100,MSFT
2021-02-12,233.595703125,244.99000549316406,245.3000030517578,242.72999572753906,243.92999267578125,16561100,MSFT
2021-02-16,232.3656463623047,243.6999969482422,246.1300048828125,242.9199981689453,245.02999877929688,26728500,MSFT
2021-02-17,233.37867736816406,244.1999969482422,244.30999755859375,240.94000244140625,241.32000732421875,21653500,MSFT
2021-02-18,232.98681640625,243.7899932861328,243.92999267578125,240.86000061035156,241.8000030517578,16925600,MSFT
2021-02-19,230.2918243408203,240.97000122070312,243.86000061035156,240.17999267578125,243.75,25262600,MSFT
2021-02-22,224.11813354492188,234.50999450683594,237.92999267578125,232.39999389648438,237.4199981689453,36446900,MSFT
2021-02-23,222.9330291748047,233.27000427246094,234.8300018310547,228.72999572753906,230.3300018310547,30228700,MSFT
2021-02-24,224.15631103515625,234.5500030517578,235.1999969482422,229.0,230.00999450683594,26339700,MSFT
2021-02-25,218.8427276611328,228.99000549316406,234.58999633789062,227.8800048828125,232.0800018310547,39542200,MSFT
2021-02-26,222.0824737548828,232.3800048828125,235.3699951171875,229.5399932861328,231.52999877929688,37819200,MSFT
2021-03-01,226.44041442871094,236.94000244140625,237.47000122070312,233.14999389648438,235.89999389648438,25324000,MSFT
2021-03-02,223.50643920898438,233.8699951171875,237.3000030517578,233.4499969482422,237.00999450683594,22812500,MSFT
2021-03-03,217.47607421875,227.55999755859375,233.5800018310547,227.25999450683594,232.16000366210938,34029500,MSFT
2021-03-04,216.68284606933594,226.72999572753906,232.49000549316406,224.25999450683594,226.74000549316406,44727800,MSFT
2021-03-05,221.3370361328125,231.60000610351562,233.27000427246094,226.4600067138672,229.52000427246094,41872800,MSFT
2021-03-08,217.3135986328125,227.38999938964844,233.3699951171875,227.1300048828125,231.3699951171875,35267400,MSFT
2021-03-09,223.42039489746094,233.77999877929688,235.3800048828125,231.6699981689453,232.8800048828125,33080500,MSFT
2021-03-10,222.12071228027344,232.4199981689453,237.0,232.0399932861328,237.0,29746800,MSFT
2021-03-11,226.62200927734375,237.1300048828125,239.1699981689453,234.30999755859375,234.9600067138672,29907600,MSFT
2021-03-12,225.30313110351562,235.75,235.82000732421875,233.22999572753906,234.00999450683594,22653700,MSFT
2021-03-15,224.40478515625,234.80999755859375,235.19000244140625,231.80999755859375,234.9600067138672,26034900,MSFT
2021-03-16,227.1763153076172,237.7100067138672,240.05999755859375,235.94000244140625,236.27999877929688,28092200,MSFT
2021-03-17,226.53594970703125,237.0399932861328,238.5500030517578,233.22999572753906,236.14999389648438,29562100,MSFT
2021-03-18,220.4960479736328,230.72000122070312,234.19000244140625,230.3300018310547,232.55999755859375,34833000,MSFT
2021-03-19,220.1423797607422,230.35000610351562,232.47000122070312,229.35000610351562,231.02000427246094,46430700,MSFT
2021-03-22,225.5325164794922,235.99000549316406,236.89999389648438,230.13999938964844,230.27000427246094,30127000,MSFT
2021-03-23,227.05209350585938,237.5800018310547,241.0500030517578,237.07000732421875,237.49000549316406,31638400,MSFT
2021-03-24,225.02598571777344,235.4600067138672,238.0,235.32000732421875,237.85000610351562,25620100,MSFT
2021-03-25,222.0442657470703,232.33999633789062,236.94000244140625,231.57000732421875,235.3000030517578,34061900,MSFT
2021-03-26,226.0008087158203,236.47999572753906,236.7100067138672,231.5500030517578,231.5500030517578,25479900,MSFT
2021-03-29,224.81570434570312,235.24000549316406,236.8000030517578,231.8800048828125,236.58999633789062,25227500,MSFT
2021-03-30,221.5759735107422,231.85000610351562,233.85000610351562,231.10000610351562,233.52999877929688,24792000,MSFT
2021-03-31,225.32228088378906,235.77000427246094,239.10000610351562,232.38999938964844,232.91000366210938,43623500,MSFT
2021-04-01,231.6106719970703,242.35000610351562,242.83999633789062,238.0500030517578,238.47000122070312,30338000,MSFT
2021-04-05,238.0328826904297,249.07000732421875,249.9600067138672,242.6999969482422,242.75999450683594,36910600,MSFT
2021-04-06,236.87652587890625,247.86000061035156,249.39999389648438,246.8800048828125,247.61000061035156,22931900,MSFT
2021-04-07,238.82611083984375,249.89999389648438,250.92999267578125,247.19000244140625,247.80999755859375,22719800,MSFT
2021-04-08,242.0276336669922,253.25,254.13999938964844,252.0,252.77000427246094,23625200,MSFT
2021-04-09,244.51243591308594,255.85000610351562,255.99000549316406,252.44000244140625,252.8699951171875,24326800,MSFT
2021-04-12,244.56976318359375,255.91000366210938,257.6700134277344,254.6199951171875,254.7100067138672,27148700,MSFT
2021-04-13,247.03543090820312,258.489990234375,259.19000244140625,256.8299865722656,257.260009765625,23837500,MSFT
2021-04-14,244.26397705078125,255.58999633789062,258.8299865722656,255.16000366210938,257.4800109863281,23070900,MSFT
2021-04-15,248.00071716308594,259.5,259.92999267578125,257.7300109863281,257.92999267578125,25627500,MSFT
2021-04-16,249.1857147216797,260.739990234375,261.0,257.6000061035156,259.4700012207031,24878600,MSFT
2021-04-19,247.27439880371094,258.739990234375,261.4800109863281,257.82000732421875,260.19000244140625,23209300,MSFT
2021-04-20,246.8155975341797,258.260009765625,260.20001220703125,256.8399963378906,257.82000732421875,19722900,MSFT
2021-04-21,249.03282165527344,260.5799865722656,260.67999267578125,257.25,258.94000244140625,24030400,MSFT
2021-04-22,245.77395629882812,257.1700134277344,261.7799987792969,255.63999938964844,260.2099914550781,25606200,MSFT
2021-04-23,249.57760620117188,261.1499938964844,261.510009765625,257.2699890136719,257.8800048828125,21462600,MSFT
2021-04-26,249.9597930908203,261.54998779296875,262.44000244140625,260.1700134277344,261.6600036621094,19763300,MSFT
2021-04-27,250.36122131347656,261.9700012207031,263.19000244140625,260.1199951171875,261.5799865722656,31014200,MSFT
2021-04-28,243.2795867919922,254.55999755859375,256.5400085449219,252.9499969482422,256.0799865722656,46903100,MSFT
2021-04-29,241.32044982910156,252.50999450683594,256.1000061035156,249.0,255.4600067138672,40589000,MSFT
2021-04-30,241.0050506591797,252.17999267578125,253.0800018310547,249.60000610351562,249.74000549316406,30945100,MSFT
2021-05-03,240.69923400878906,251.86000061035156,254.35000610351562,251.1199951171875,253.39999389648438,19626600,MSFT
2021-05-04,236.8096160888672,247.7899932861328,251.2100067138672,245.75999450683594,250.97000122070312,32756100,MSFT
2021-05-05,235.54808044433594,246.47000122070312,249.5,245.82000732421875,249.05999755859375,21901300,MSFT
2021-05-06,238.6636199951172,249.72999572753906,249.86000061035156,244.69000244140625,246.4499969482422,26491100,MSFT
2021-05-07,241.27267456054688,252.4600067138672,254.3000030517578,251.1699981689453,252.14999389648438,27032900,MSFT
2021-05-10,236.22659301757812,247.17999267578125,251.72999572753906,247.1199951171875,250.8699951171875,29299900,MSFT
2021-05-11,235.31875610351562,246.22999572753906,246.60000610351562,242.57000732421875,244.5500030517578,33641600,MSFT
2021-05-12,228.4091033935547,239.0,244.3800048828125,238.07000732421875,242.1699981689453,36684400,MSFT
2021-05-13,232.26052856445312,243.02999877929688,245.60000610351562,241.4199981689453,241.8000030517578,29624300,MSFT
2021-05-14,237.1536407470703,248.14999389648438,249.17999267578125,245.49000549316406,245.5800018310547,23901100,MSFT
2021-05-17,234.31527709960938,245.17999267578125,246.58999633789062,243.52000427246094,246.5500030517578,24970200,MSFT
2021-05-18,232.30833435058594,243.0800018310547,246.41000366210938,242.89999389648438,246.27000427246094,20168000,MSFT
2021-05-19,232.88304138183594,243.1199951171875,243.22999572753906,238.60000610351562,239.30999755859375,25739800,MSFT
2021-05-20,236.10159301757812,246.47999572753906,247.9499969482422,243.86000061035156,243.9600067138672,21800700,MSFT
2021-05-21,234.84674072265625,245.1699981689453,248.3300018310547,244.74000549316406,247.57000732421875,21863100,MSFT
2021-05-24,240.22052001953125,250.77999877929688,251.16000366210938,247.50999450683594,247.7899932861328,21411500,MSFT
2021-05-25,241.12094116210938,251.72000122070312,252.75,250.82000732421875,251.77000427246094,17704300,MSFT
2021-05-26,240.900634765625,251.49000549316406,252.94000244140625,250.75,251.42999267578125,17771600,MSFT
2021-05-27,238.81243896484375,249.30999755859375,251.47999572753906,249.25,251.1699981689453,24426200,MSFT
2021-05-28,239.16680908203125,249.67999267578125,252.0800018310547,249.55999755859375,251.0,18270200,MSFT
2021-06-01,236.9828643798828,247.39999389648438,251.2899932861328,246.9600067138672,251.22999572753906,23213300,MSFT
2021-06-02,236.88705444335938,247.3000030517578,249.27000427246094,245.83999633789062,248.1300048828125,19406700,MSFT
2021-06-03,235.36404418945312,245.7100067138672,246.33999633789062,243.0,245.22000122070312,25307700,MSFT
2021-06-04,240.23008728027344,250.7899932861328,251.64999389648438,247.50999450683594,247.75999450683594,25281100,MSFT
2021-06-07,243.1229248046875,253.80999755859375,254.08999633789062,249.80999755859375,249.97999572753906,23079200,MSFT
2021-06-08,241.93516540527344,252.57000732421875,256.010009765625,252.50999450683594,255.16000366210938,22455000,MSFT
2021-06-09,242.9121856689453,253.58999633789062,255.52999877929688,253.2100067138672,253.80999755859375,17937600,MSFT
2021-06-10,246.40850830078125,257.239990234375,257.4599914550781,253.6699981689453,254.2899932861328,24563600,MSFT
2021-06-11,247.03118896484375,257.8900146484375,258.489990234375,256.6099853515625,257.989990234375,18999700,MSFT
2021-06-14,248.94692993164062,259.8900146484375,259.95001220703125,256.79998779296875,257.8999938964844,19150500,MSFT
2021-06-15,247.48133850097656,258.3599853515625,259.989990234375,257.67999267578125,259.7699890136719,18038900,MSFT
2021-06-16,246.54261779785156,257.3800048828125,260.5799865722656,254.4199981689453,259.3999938964844,27220000,MSFT
2021-06-17,249.91439819335938,260.8999938964844,261.75,256.010009765625,256.07000732421875,27565500,MSFT
2021-06-18,248.50624084472656,259.42999267578125,262.29998779296875,258.75,259.6300048828125,37202200,MSFT
2021-06-21,251.57159423828125,262.6300048828125,263.5199890136719,257.9200134277344,259.82000732421875,26696100,MSFT
2021-06-22,254.33029174804688,265.510009765625,265.7900085449219,262.3999938964844,262.7200012207031,24694100,MSFT
2021-06-23,254.100341796875,265.2699890136719,266.8299865722656,264.42999267578125,265.989990234375,19518700,MSFT
2021-06-24,255.4606475830078,266.69000244140625,267.8500061035156,265.4700012207031,266.1600036621094,21446900,MSFT
2021-06-25,253.86097717285156,265.0199890136719,267.25,264.760009765625,266.2300109863281,25611100,MSFT
2021-06-28,257.4051208496094,268.7200012207031,268.8999938964844,265.9100036621094,266.19000244140625,19590000,MSFT
2021-06-29,259.9723205566406,271.3999938964844,271.6499938964844,267.9800109863281,268.8699951171875,19937800,MSFT
2021-06-30,259.4933166503906,270.8999938964844,271.3599853515625,269.6000061035156,270.69000244140625,21656500,MSFT
2021-07-01,260.1639404296875,271.6000061035156,271.8399963378906,269.6000061035156,269.6099853515625,16725300,MSFT
2021-07-02,265.9591369628906,277.6499938964844,278.0,272.5,272.82000732421875,26458000,MSFT
2021-07-06,265.9687194824219,277.6600036621094,279.3699951171875,274.29998779296875,278.0299987792969,31565600,MSFT
2021-07-07,268.1430969238281,279.92999267578125,280.69000244140625,277.1499938964844,279.3999938964844,23260000,MSFT
2021-07-08,265.73883056640625,277.4200134277344,278.7300109863281,274.8699951171875,276.8999938964844,24618600,MSFT
2021-07-09,266.2369079589844,277.94000244140625,278.04998779296875,275.32000732421875,275.7200012207031,23916700,MSFT
2021-07-12,265.64300537109375,277.32000732421875,279.7699890136719,276.5799865722656,279.1600036621094,18931700,MSFT
2021-07-13,269.1489562988281,280.9800109863281,282.8500061035156,277.3900146484375,277.5199890136719,26120100,MSFT
2021-07-14,270.6144714355469,282.510009765625,283.6600036621094,280.54998779296875,282.3500061035156,23113700,MSFT
2021-07-15,269.19683837890625,281.0299987792969,282.510009765625,279.8299865722656,282.0,22604200,MSFT
2021-07-16,268.9286193847656,280.75,284.1000061035156,279.4599914550781,282.07000732421875,26186800,MSFT
2021-07-19,265.3460693359375,277.010009765625,280.3699951171875,274.45001220703125,278.92999267578125,32935600,MSFT
2021-07-20,267.5588073730469,279.32000732421875,280.9700012207031,276.260009765625,278.0299987792969,26259700,MSFT
2021-07-21,269.55133056640625,281.3999938964844,281.5199890136719,277.2900085449219,278.8999938964844,24364300,MSFT
2021-07-22,274.0916442871094,286.1400146484375,286.4200134277344,283.4200134277344,283.8399963378906,23384100,MSFT
2021-07-23,277.4729919433594,289.6700134277344,289.989990234375,286.5,287.3699951171875,22768100,MSFT
2021-07-26,276.8790588378906,289.04998779296875,289.69000244140625,286.6400146484375,289.0,23176100,MSFT
2021-07-27,274.4747314453125,286.5400085449219,289.5799865722656,282.95001220703125,289.42999267578125,33604100,MSFT
2021-07-28,274.16827392578125,286.2200012207031,290.1499938964844,283.8299865722656,288.989990234375,33566900,MSFT
2021-07-29,274.4365234375,286.5,288.6199951171875,286.0799865722656,286.239990234375,18168300,MSFT
2021-07-30,272.9134216308594,284.9100036621094,286.6600036621094,283.9100036621094,285.1700134277344,20944800,MSFT
2021-08-02,272.82720947265625,284.82000732421875,286.7699890136719,283.739990234375,286.3599853515625,16267400,MSFT
2021-08-03,275.03033447265625,287.1199951171875,287.2300109863281,284.0,285.4200134277344,17879000,MSFT
2021-08-04,274.4460754394531,286.510009765625,287.5899963378906,284.6499938964844,286.2200012207031,16191300,MSFT
2021-08-05,277.329345703125,289.5199890136719,289.6300048828125,286.1000061035156,286.8800048828125,13900200,MSFT
2021-08-06,277.27178955078125,289.4599914550781,289.5,287.6199951171875,288.510009765625,16589300,MSFT
2021-08-09,276.18939208984375,288.3299865722656,291.54998779296875,287.80999755859375,289.75,16117600,MSFT
2021-08-10,274.37890625,286.44000244140625,289.25,285.20001220703125,288.79998779296875,18616600,MSFT
2021-08-11,274.8675842285156,286.95001220703125,288.6600036621094,285.8599853515625,287.2099914550781,13955900,MSFT
2021-08-12,277.6071472167969,289.80999755859375,289.9700012207031,286.3399963378906,286.6300048828125,14561300,MSFT
2021-08-13,280.51904296875,292.8500061035156,292.8999938964844,289.29998779296875,289.4800109863281,18249000,MSFT
2021-08-16,282.1954345703125,294.6000061035156,294.82000732421875,290.0199890136719,293.19000244140625,22507600,MSFT
2021-08-17,280.7393798828125,293.0799865722656,293.42999267578125,291.0799865722656,292.3900146484375,20075300,MSFT
2021-08-18,279.0215148925781,290.7300109863281,294.82000732421875,290.2699890136719,292.0400085449219,21813000,MSFT
2021-08-19,284.8182678222656,296.7699890136719,297.4700012207031,288.6400146484375,288.69000244140625,29850500,MSFT
2021-08-20,292.1025695800781,304.3599853515625,305.8399963378906,298.05999755859375,299.7200012207031,40817600,MSFT
2021-08-23,292.3809509277344,304.6499938964844,305.3999938964844,301.8500061035156,303.25,22830200,MSFT
2021-08-24,290.4327087402344,302.6199951171875,305.6499938964844,302.0,305.0199890136719,18175800,MSFT
2021-08-25,289.8471984863281,302.010009765625,304.5899963378906,300.4200134277344,304.29998779296875,20006100,MSFT
2021-08-26,287.0448303222656,299.0899963378906,302.42999267578125,298.95001220703125,300.989990234375,17666100,MSFT
2021-08-27,287.6494140625,299.7200012207031,300.8699951171875,296.8299865722656,298.989990234375,22605700,MSFT
2021-08-30,291.3636169433594,303.5899963378906,304.2200012207031,301.05999755859375,301.1199951171875,16348100,MSFT
2021-08-31,289.72247314453125,301.8800048828125,304.5,301.5,304.4200134277344,26285300,MSFT
2021-09-01,289.6744689941406,301.8299865722656,305.19000244140625,301.489990234375,302.8699951171875,18983800,MSFT
2021-09-02,289.0218505859375,301.1499938964844,303.3599853515625,300.17999267578125,302.20001220703125,16285600,MSFT
2021-09-03,289.0122375488281,301.1400146484375,302.6000061035156,300.260009765625,300.989990234375,14747900,MSFT
2021-09-07,288.0909118652344,300.17999267578125,301.0899963378906,298.20001220703125,301.010009765625,17180400,MSFT
2021-09-08,288.11968994140625,300.2099914550781,300.6099853515625,297.4700012207031,299.7799987792969,15046800,MSFT
2021-09-09,285.2789001464844,297.25,302.1400146484375,297.0,300.82000732421875,19927000,MSFT
2021-09-10,283.8009338378906,295.7099914550781,299.9200134277344,295.3800048828125,298.4200134277344,19633400,MSFT
2021-09-13,285.02935791015625,296.989990234375,298.5400085449219,294.0799865722656,297.54998779296875,23652900,MSFT
2021-09-14,287.7166748046875,299.7900085449219,301.3900146484375,298.1000061035156,299.55999755859375,21853400,MSFT
2021-09-15,292.54400634765625,304.82000732421875,305.32000732421875,301.82000732421875,303.260009765625,28356300,MSFT
2021-09-16,292.927978515625,305.2200012207031,305.30999755859375,300.760009765625,303.760009765625,19550800,MSFT
2021-09-17,287.79339599609375,299.8699951171875,304.5,299.5299987792969,304.1700134277344,41372500,MSFT
2021-09-20,282.44769287109375,294.29998779296875,298.7200012207031,289.5199890136719,296.3299865722656,38278700,MSFT
2021-09-21,282.9275817871094,294.79998779296875,297.5400085449219,294.07000732421875,295.69000244140625,22364100,MSFT
2021-09-22,286.55535888671875,298.5799865722656,300.2200012207031,294.510009765625,296.7300109863281,26626300,MSFT
2021-09-23,287.4958801269531,299.55999755859375,300.8999938964844,297.5299987792969,298.8500061035156,18604600,MSFT
2021-09-24,287.2943115234375,299.3500061035156,299.79998779296875,296.92999267578125,298.2300109863281,14999000,MSFT
2021-09-27,282.322998046875,294.1700134277344,296.4700012207031,292.94000244140625,296.1400146484375,23571700,MSFT
2021-09-28,272.1018981933594,283.5199890136719,290.7799987792969,282.75,289.79998779296875,43186200,MSFT
2021-09-29,272.5626220703125,284.0,286.7699890136719,283.010009765625,285.1000061035156,26353700,MSFT
2021-09-30,270.56634521484375,281.9200134277344,287.8299865722656,281.6199951171875,285.7099914550781,32343600,MSFT
2021-10-01,277.4571838378906,289.1000061035156,289.9800109863281,281.2900085449219,282.1199951171875,30086300,MSFT
2021-10-04,271.7083740234375,283.1099853515625,287.75,280.25,287.3999938964844,31350700,MSFT
2021-10-05,277.1308898925781,288.760009765625,290.3999938964844,284.04998779296875,284.04998779296875,24993000,MSFT
2021-10-06,281.3056335449219,293.1099853515625,293.6300048828125,285.510009765625,285.7799987792969,28002600,MSFT
2021-10-07,282.9756774902344,294.8500061035156,296.6400146484375,293.9200134277344,295.17999267578125,20430500,MSFT
2021-10-08,282.9756774902344,294.8500061035156,296.6400146484375,293.760009765625,296.2200012207031,17685700,MSFT
2021-10-11,282.3805847167969,294.2300109863281,297.9700012207031,292.75,292.9200134277344,19298600,MSFT
2021-10-12,281.08489990234375,292.8800048828125,295.44000244140625,292.3500061035156,295.3399963378906,17974100,MSFT
2021-10-13,284.3768310546875,296.30999755859375,297.2799987792969,293.489990234375,294.9100036621094,23416300,MSFT
2021-10-14,290.55743408203125,302.75,303.2699890136719,297.8299865722656,299.2099914550781,27262900,MSFT
2021-10-15,291.95867919921875,304.2099914550781,304.45001220703125,300.5199890136719,302.3399963378906,25384800,MSFT
2021-10-18,294.9146423339844,307.2900085449219,308.2099914550781,302.69000244140625,303.57000732421875,22729300,MSFT
2021-10-19,295.8167724609375,308.2300109863281,309.29998779296875,307.2200012207031,308.3500061035156,17682100,MSFT
2021-10-20,295.02978515625,307.4100036621094,309.70001220703125,306.1099853515625,309.2099914550781,16537100,MSFT
2021-10-21,298.24481201171875,310.760009765625,311.0199890136719,306.3599853515625,307.1700134277344,16918100,MSFT
2021-10-22,296.70928955078125,309.1600036621094,311.0899963378906,307.79998779296875,310.3999938964844,17449300,MSFT
2021-10-25,295.7206726074219,308.1300048828125,309.3999938964844,306.4599914550781,309.3599853515625,17554500,MSFT
2021-10-26,297.6210632324219,310.1099853515625,312.3999938964844,308.6000061035156,311.0,28107300,MSFT
2021-10-27,310.15509033203125,323.1700134277344,326.1000061035156,316.0,316.0,52588700,MSFT
2021-10-28,311.2875061035156,324.3500061035156,324.8699951171875,321.3599853515625,324.3299865722656,26297900,MSFT
2021-10-29,318.2648010253906,331.6199951171875,332.0,323.8999938964844,324.1300048828125,34766000,MSFT
2021-11-01,316.1053161621094,329.3699951171875,331.489990234375,326.3699951171875,331.3599853515625,27073200,MSFT
2021-11-02,319.7139892578125,333.1300048828125,333.45001220703125,330.0,330.30999755859375,26487100,MSFT
2021-11-03,320.54888916015625,334.0,334.8999938964844,330.6499938964844,333.8999938964844,21500100,MSFT
2021-11-04,322.8907470703125,336.44000244140625,336.5400085449219,329.510009765625,332.8900146484375,23992200,MSFT
2021-11-05,322.5259704589844,336.05999755859375,338.7900085449219,334.4200134277344,338.510009765625,22570100,MSFT
2021-11-08,323.41851806640625,336.989990234375,337.6499938964844,334.44000244140625,337.29998779296875,20897000,MSFT
2021-11-09,322.4203796386719,335.95001220703125,338.7200012207031,334.5299987792969,337.1099853515625,21307400,MSFT
2021-11-10,317.4777526855469,330.79998779296875,334.6300048828125,329.9200134277344,334.57000732421875,25500900,MSFT
2021-11-11,319.0421447753906,332.42999267578125,333.7699890136719,330.510009765625,331.25,16849800,MSFT
2021-11-12,323.1593322753906,336.7200012207031,337.2300109863281,333.7900085449219,333.9200134277344,23831000,MSFT
2021-11-15,322.5354919433594,336.07000732421875,337.8800048828125,334.0299987792969,337.5400085449219,16723000,MSFT
2021-11-16,325.83697509765625,339.510009765625,340.6700134277344,335.510009765625,335.67999267578125,20886800,MSFT
2021-11-17,326.05816650390625,339.1199951171875,342.19000244140625,338.0,338.94000244140625,19053400,MSFT
2021-11-18,328.1253356933594,341.2699890136719,342.45001220703125,337.1199951171875,338.17999267578125,22463500,MSFT
2021-11-19,329.8944091796875,343.1099853515625,345.1000061035156,342.20001220703125,342.6400146484375,21963400,MSFT
2021-11-22,326.7408142089844,339.8299865722656,349.6700134277344,339.54998779296875,344.6199951171875,31031100,MSFT
2021-11-23,324.6736755371094,337.67999267578125,339.45001220703125,333.55999755859375,337.04998779296875,30427600,MSFT
2021-11-24,324.89483642578125,337.9100036621094,338.1600036621094,333.9100036621094,336.2799987792969,21661300,MSFT
2021-11-26,316.9817199707031,329.67999267578125,337.92999267578125,328.1199951171875,334.3500061035156,24217200,MSFT
2021-11-29,323.6640319824219,336.6300048828125,339.0299987792969,334.739990234375,334.94000244140625,28563500,MSFT
2021-11-30,317.856689453125,330.5899963378906,337.7799987792969,328.989990234375,335.32000732421875,42885600,MSFT
2021-12-01,317.3663330078125,330.0799865722656,339.2799987792969,329.3900146484375,335.1300048828125,33337600,MSFT
2021-12-02,316.799072265625,329.489990234375,333.489990234375,327.79998779296875,330.29998779296875,30766000,MSFT
2021-12-03,310.5685729980469,323.010009765625,332.70001220703125,318.0299987792969,331.989990234375,41779300,MSFT
2021-12-06,313.62615966796875,326.19000244140625,327.45001220703125,319.2300109863281,323.95001220703125,30032600,MSFT
2021-12-07,322.0199890136719,334.9200134277344,335.79998779296875,330.1000061035156,331.6400146484375,31021900,MSFT
2021-12-08,322.06805419921875,334.9700012207031,335.5,330.79998779296875,335.30999755859375,24761000,MSFT
2021-12-09,320.26995849609375,333.1000061035156,336.489990234375,332.1199951171875,334.4100036621094,22214200,MSFT
2021-12-10,329.3464050292969,342.5400085449219,343.0,334.7900085449219,334.9800109863281,38095700,MSFT
2021-12-13,326.32733154296875,339.3999938964844,343.7900085449219,339.0799865722656,340.67999267578125,28899400,MSFT
2021-12-14,315.6933898925781,328.3399963378906,334.6400146484375,324.1099853515625,333.2200012207031,44438700,MSFT
2021-12-15,321.7602844238281,334.6499938964844,335.19000244140625,324.5,328.6099853515625,35381100,MSFT
2021-12-16,312.3858947753906,324.8999938964844,336.760009765625,323.0199890136719,335.7099914550781,35034800,MSFT
2021-12-17,311.3282470703125,323.79998779296875,324.9200134277344,317.25,320.8800048828125,47750300,MSFT
2021-12-20,307.58807373046875,319.9100036621094,322.79998779296875,317.57000732421875,320.04998779296875,28326500,MSFT
2021-12-21,314.6838684082031,327.2900085449219,327.7300109863281,319.79998779296875,323.2900085449219,24740600,MSFT
2021-12-22,320.36614990234375,333.20001220703125,333.6099853515625,325.75,328.29998779296875,24831500,MSFT
2021-12-23,321.79888916015625,334.69000244140625,336.3900146484375,332.7300109863281,332.75,19617800,MSFT
2021-12-27,329.2599182128906,342.45001220703125,342.4800109863281,335.42999267578125,335.4599914550781,19947000,MSFT
2021-12-28,328.10614013671875,341.25,343.80999755859375,340.32000732421875,343.1499938964844,15661500,MSFT
2021-12-29,328.7791748046875,341.95001220703125,344.29998779296875,339.67999267578125,341.29998779296875,15042000,MSFT
2021-12-30,326.2504577636719,339.32000732421875,343.1300048828125,338.82000732421875,341.9100036621094,15994500,MSFT
2021-12-31,323.3659973144531,336.32000732421875,339.3599853515625,335.8500061035156,338.510009765625,18000800,MSFT
2022-01-03,321.8564758300781,334.75,338.0,329.7799987792969,335.3500061035156,28865100,MSFT
2022-01-04,316.33758544921875,329.010009765625,335.20001220703125,326.1199951171875,334.8299865722656,32674300,MSFT
2022-01-05,304.19403076171875,316.3800048828125,326.07000732421875,315.9800109863281,325.8599853515625,40054300,MSFT
2022-01-06,301.790283203125,313.8800048828125,318.70001220703125,311.489990234375,313.1499938964844,39646100,MSFT
2022-01-07,301.9442138671875,314.0400085449219,316.5,310.0899963378906,314.1499938964844,32720000,MSFT
2022-01-10,302.16534423828125,314.2699890136719,314.7200012207031,304.69000244140625,309.489990234375,44289500,MSFT
2022-01-11,302.847900390625,314.9800109863281,316.6099853515625,309.8900146484375,313.3800048828125,29386800,MSFT
2022-01-12,306.0111999511719,318.2699890136719,323.4100036621094,317.0799865722656,319.6700134277344,34372200,MSFT
2022-01-13,293.0600891113281,304.79998779296875,320.8800048828125,304.0,320.4700012207031,45366000,MSFT
2022-01-14,298.2520751953125,310.20001220703125,310.82000732421875,303.75,304.25,39846400,MSFT
2022-01-18,290.9928894042969,302.6499938964844,309.79998779296875,301.739990234375,304.07000732421875,42333200,MSFT
2022-01-19,291.6466064453125,303.3299865722656,313.9100036621094,302.70001220703125,306.2900085449219,45933900,MSFT
2022-01-20,289.9833679199219,301.6000061035156,311.6499938964844,301.1400146484375,309.07000732421875,35380700,MSFT
2022-01-21,284.6278381347656,296.0299987792969,304.1099853515625,295.6099853515625,302.69000244140625,57984400,MSFT
2022-01-24,284.9547119140625,296.3699951171875,297.1099853515625,276.04998779296875,292.20001220703125,85731500,MSFT
2022-01-25,277.3782958984375,288.489990234375,294.989990234375,285.1700134277344,291.5199890136719,72848600,MSFT
2022-01-26,285.2816467285156,296.7099914550781,308.5,293.0299987792969,307.989990234375,90428900,MSFT
2022-01-27,288.29119873046875,299.8399963378906,307.29998779296875,297.92999267578125,302.6600036621094,53481300,MSFT
2022-01-28,296.38677978515625,308.260009765625,308.4800109863281,294.45001220703125,300.2300109863281,49743700,MSFT
2022-01-31,299.0020446777344,310.9800109863281,312.3800048828125,306.3699951171875,308.95001220703125,46444500,MSFT
2022-02-01,296.8675231933594,308.760009765625,310.6300048828125,305.1300048828125,310.4100036621094,40950400,MSFT
2022-02-02,301.3865051269531,313.4599914550781,315.1199951171875,308.8800048828125,309.6300048828125,36636000,MSFT
2022-02-03,289.6468200683594,301.25,311.2300109863281,299.9599914550781,309.489990234375,43730000,MSFT
2022-02-04,294.1560974121094,305.94000244140625,308.79998779296875,299.9700012207031,300.2099914550781,35096500,MSFT
2022-02-07,289.3583679199219,300.95001220703125,307.8399963378906,299.8999938964844,306.1700134277344,28533300,MSFT
2022-02-08,292.8292541503906,304.55999755859375,305.55999755859375,299.95001220703125,301.25,32421200,MSFT
2022-02-09,299.22314453125,311.2099914550781,311.92999267578125,307.3900146484375,309.8699951171875,31284700,MSFT
2022-02-10,290.7331848144531,302.3800048828125,309.1199951171875,300.70001220703125,304.0400085449219,45386200,MSFT
2022-02-11,283.67596435546875,295.0400085449219,304.2900085449219,294.2200012207031,303.19000244140625,39175600,MSFT
2022-02-14,283.63751220703125,295.0,296.760009765625,291.3500061035156,293.7699890136719,36359500,MSFT
2022-02-15,288.8968200683594,300.4700012207031,300.79998779296875,297.0199890136719,300.010009765625,27058300,MSFT
2022-02-16,288.5596618652344,299.5,300.8699951171875,293.67999267578125,298.3699951171875,29982100,MSFT
2022-02-17,280.1099548339844,290.7300109863281,296.79998779296875,290.0,296.3599853515625,32461600,MSFT
2022-02-18,277.4123229980469,287.92999267578125,293.8599853515625,286.30999755859375,293.04998779296875,34264000,MSFT
2022-02-22,277.2098693847656,287.7200012207031,291.5400085449219,284.5,285.0,41736100,MSFT
2022-02-23,270.0321044921875,280.2699890136719,291.70001220703125,280.1000061035156,290.17999267578125,37811200,MSFT
2022-02-24,283.8290100097656,294.5899963378906,295.1600036621094,271.5199890136719,272.510009765625,56989700,MSFT
2022-02-25,286.4496765136719,297.30999755859375,297.6300048828125,291.6499938964844,295.1400146484375,32546700,MSFT
2022-02-28,287.8756408691406,298.7900085449219,299.1400146484375,293.0,294.30999755859375,34627500,MSFT
2022-03-01,284.1758117675781,294.95001220703125,299.9700012207031,292.1499938964844,296.3999938964844,31217800,MSFT
2022-03-02,289.2244567871094,300.19000244140625,301.4700012207031,293.70001220703125,295.3599853515625,31873000,MSFT
2022-03-03,285.1104736328125,295.9200134277344,303.1300048828125,294.04998779296875,302.8900146484375,27314500,MSFT
2022-03-04,279.2717590332031,289.8599853515625,295.6600036621094,287.1700134277344,294.2900085449219,32356500,MSFT
2022-03-07,268.7217712402344,278.9100036621094,289.69000244140625,278.5299987792969,288.5299987792969,43157200,MSFT
2022-03-08,265.77349853515625,275.8500061035156,283.9599914550781,270.0,277.79998779296875,48159500,MSFT
2022-03-09,277.9613952636719,288.5,289.6000061035156,280.7799987792969,283.44000244140625,35204500,MSFT
2022-03-10,275.15771484375,285.5899963378906,286.6000061035156,280.5799865722656,283.0199890136719,30628000,MSFT
2022-03-11,269.83941650390625,280.07000732421875,289.510009765625,279.42999267578125,287.9599914550781,27209300,MSFT
2022-03-14,266.34197998046875,276.44000244140625,285.3999938964844,275.82000732421875,280.3399963378906,30660700,MSFT
2022-03-15,276.6607666015625,287.1499938964844,287.82000732421875,278.7300109863281,280.3500061035156,34245100,MSFT
2022-03-16,283.6363220214844,294.3900146484375,294.57000732421875,283.20001220703125,289.1099853515625,37826300,MSFT
2022-03-17,284.4360046386719,295.2200012207031,295.6099853515625,289.3699951171875,293.2900085449219,30816600,MSFT
2022-03-18,289.4556579589844,300.42999267578125,301.0,292.7300109863281,295.3699951171875,43390600,MSFT
2022-03-21,288.2320556640625,299.1600036621094,300.1400146484375,294.8999938964844,298.8900146484375,28351200,MSFT
2022-03-22,292.95306396484375,304.05999755859375,305.0,298.7699890136719,299.79998779296875,27599700,MSFT
2022-03-23,288.54998779296875,299.489990234375,303.2300109863281,297.7200012207031,300.510009765625,25715400,MSFT
2022-03-24,292.99163818359375,304.1000061035156,304.20001220703125,298.32000732421875,299.1400146484375,24484500,MSFT
2022-03-25,292.5869140625,303.67999267578125,305.5,299.2900085449219,305.2300109863281,22566500,MSFT
2022-03-28,299.35052490234375,310.70001220703125,310.79998779296875,304.3299865722656,304.3299865722656,29578200,MSFT
2022-03-29,303.888427734375,315.4100036621094,315.82000732421875,309.04998779296875,313.9100036621094,30393400,MSFT
2022-03-30,302.39501953125,313.8599853515625,315.95001220703125,311.5799865722656,313.760009765625,28163600,MSFT
2022-03-31,297.04779052734375,308.30999755859375,315.1400146484375,307.8900146484375,313.8999938964844,33422100,MSFT
2022-04-01,298.1172790527344,309.4200134277344,310.1300048828125,305.5400085449219,309.3699951171875,27110500,MSFT
2022-04-04,303.46453857421875,314.9700012207031,315.1099853515625,309.7099914550781,310.0899963378906,24289600,MSFT
2022-04-05,299.52392578125,310.8800048828125,314.8699951171875,309.8699951171875,313.2699890136719,23156700,MSFT
2022-04-06,288.5596618652344,299.5,307.0,296.7099914550781,305.19000244140625,40110400,MSFT
2022-04-07,290.361328125,301.3699951171875,303.6499938964844,296.3500061035156,296.6600036621094,31411200,MSFT
2022-04-08,286.1220397949219,296.9700012207031,301.1199951171875,296.2799987792969,300.44000244140625,24361900,MSFT
2022-04-11,274.83984375,285.260009765625,292.6099853515625,285.0,291.7900085449219,34569300,MSFT
2022-04-12,271.7567443847656,282.05999755859375,290.739990234375,280.489990234375,289.239990234375,30966700,MSFT
2022-04-13,277.1135559082031,287.6199951171875,288.5799865722656,281.29998779296875,282.7300109863281,21907200,MSFT
2022-04-14,269.608154296875,279.8299865722656,288.30999755859375,279.32000732421875,288.0899963378906,28221600,MSFT
2022-04-18,270.27294921875,280.5199890136719,282.4599914550781,278.3399963378906,278.9100036621094,20778000,MSFT
2022-04-19,274.8782653808594,285.29998779296875,286.1700134277344,278.4100036621094,279.3800048828125,22297700,MSFT
2022-04-20,275.8996276855469,286.3599853515625,289.70001220703125,285.3699951171875,289.3999938964844,22906700,MSFT
2022-04-21,270.5523681640625,280.80999755859375,293.29998779296875,280.05999755859375,288.5799865722656,29454600,MSFT
2022-04-22,264.02001953125,274.0299987792969,283.20001220703125,273.3800048828125,281.67999267578125,29405800,MSFT
2022-04-25,270.46563720703125,280.7200012207031,281.1099853515625,270.7699890136719,273.2900085449219,35678900,MSFT
2022-04-26,260.34912109375,270.2200012207031,278.3599853515625,270.0,277.5,46518400,MSFT
2022-04-27,272.8743591308594,283.2200012207031,290.9700012207031,279.1600036621094,282.1000061035156,63477700,MSFT
2022-04-28,279.0501708984375,289.6300048828125,290.9800109863281,281.4599914550781,285.19000244140625,33646600,MSFT
2022-04-29,267.382568359375,277.5199890136719,289.8800048828125,276.5,288.6099853515625,37073900,MSFT
2022-05-02,274.07861328125,284.4700012207031,284.94000244140625,276.2200012207031,277.7099914550781,35151100,MSFT
2022-05-03,271.4869689941406,281.7799987792969,284.1300048828125,280.1499938964844,283.9599914550781,25978600,MSFT
2022-05-04,279.38739013671875,289.9800109863281,290.8800048828125,276.7300109863281,282.5899963378906,33599300,MSFT
2022-05-05,267.2187805175781,277.3500061035156,286.3500061035156,274.3399963378906,285.5400085449219,43260400,MSFT
2022-05-06,264.6944274902344,274.7300109863281,279.25,271.2699890136719,274.80999755859375,37780300,MSFT
2022-05-09,254.91522216796875,264.5799865722656,272.3599853515625,263.32000732421875,270.05999755859375,47726000,MSFT
2022-05-10,259.6554870605469,269.5,273.75,265.07000732421875,271.69000244140625,39336400,MSFT
2022-05-11,251.0323944091797,260.54998779296875,271.3599853515625,259.29998779296875,265.67999267578125,48975900,MSFT
2022-05-12,246.0223388671875,255.35000610351562,259.8800048828125,250.02000427246094,257.69000244140625,51033800,MSFT
2022-05-13,251.5815887451172,261.1199951171875,263.0400085449219,255.35000610351562,257.3500061035156,34925100,MSFT
2022-05-16,251.94769287109375,261.5,265.82000732421875,255.77999877929688,259.9599914550781,32550900,MSFT
2022-05-17,257.0733642578125,266.82000732421875,268.3299865722656,262.4599914550781,266.1099853515625,28828800,MSFT
2022-05-18,245.3689422607422,254.0800018310547,263.6000061035156,252.77000427246094,263.0,31356000,MSFT
2022-05-19,244.46115112304688,253.13999938964844,257.6700134277344,251.8800048828125,253.89999389648438,32692300,MSFT
2022-05-20,243.90103149414062,252.55999755859375,258.5400085449219,246.44000244140625,257.239990234375,39199300,MSFT
2022-05-23,251.71371459960938,260.6499938964844,261.5,253.42999267578125,255.49000549316406,33175400,MSFT
2022-05-24,250.71896362304688,259.6199951171875,261.3299865722656,253.5,257.8900146484375,29043900,MSFT
2022-05-25,253.51951599121094,262.5199890136719,264.5799865722656,257.1300048828125,258.1400146484375,28547900,MSFT
2022-05-26,256.78369140625,265.8999938964844,267.1099853515625,261.42999267578125,262.2699890136719,25002100,MSFT
2022-05-27,263.8719787597656,273.239990234375,273.3399963378906,267.55999755859375,268.4800109863281,26910800,MSFT
2022-05-31,262.54901123046875,271.8699951171875,274.7699890136719,268.92999267578125,272.5299987792969,37827700,MSFT
2022-06-01,263.0801086425781,272.4200134277344,277.69000244140625,270.0400085449219,275.20001220703125,25292200,MSFT
2022-06-02,265.1660461425781,274.5799865722656,274.6499938964844,261.6000061035156,264.45001220703125,44008200,MSFT
2022-06-03,260.7624206542969,270.0199890136719,273.45001220703125,268.4100036621094,270.30999755859375,28059000,MSFT
2022-06-06,259.5359191894531,268.75,274.17999267578125,267.2200012207031,272.05999755859375,22400300,MSFT
2022-06-07,263.15740966796875,272.5,273.1300048828125,265.94000244140625,266.6400146484375,22860700,MSFT
2022-06-08,261.1390380859375,270.4100036621094,273.0,269.6099853515625,271.7099914550781,17372300,MSFT
2022-06-09,255.7117462158203,264.7900085449219,272.7099914550781,264.6300048828125,267.7799987792969,26439700,MSFT
2022-06-10,244.31629943847656,252.99000549316406,260.5799865722656,252.52999877929688,260.5799865722656,31422800,MSFT
2022-06-13,233.95416259765625,242.25999450683594,249.02000427246094,241.52999877929688,245.11000061035156,46135800,MSFT
2022-06-14,236.10769653320312,244.49000549316406,245.74000549316406,241.50999450683594,243.86000061035156,28651500,MSFT
2022-06-15,243.1284637451172,251.75999450683594,255.3000030517578,246.4199981689453,248.30999755859375,33111700,MSFT
2022-06-16,236.57125854492188,244.97000122070312,247.4199981689453,243.02000427246094,245.97999572753906,33169200,MSFT
2022-06-17,239.1593780517578,247.64999389648438,250.5,244.02999877929688,244.6999969482422,43084800,MSFT
2022-06-21,245.04054260253906,253.74000549316406,254.75,249.50999450683594,250.25999450683594,29928300,MSFT
2022-06-22,244.4514923095703,253.1300048828125,257.1700134277344,250.3699951171875,251.88999938964844,25939900,MSFT
2022-06-23,249.98500061035156,258.8599853515625,259.3699951171875,253.6300048828125,255.57000732421875,25861400,MSFT
2022-06-24,258.52197265625,267.70001220703125,267.9800109863281,261.7200012207031,261.80999755859375,33923200,MSFT
2022-06-27,255.80821228027344,264.8900146484375,268.29998779296875,263.2799987792969,268.2099914550781,24615100,MSFT
2022-06-28,247.6866455078125,256.4800109863281,266.9100036621094,256.32000732421875,263.9800109863281,27295500,MSFT
2022-06-29,251.3370361328125,260.260009765625,261.9700012207031,255.75999450683594,257.5899963378906,20069800,MSFT
2022-06-30,248.0246124267578,256.8299865722656,259.5299987792969,252.89999389648438,257.04998779296875,31730900,MSFT
2022-07-01,250.68028259277344,259.5799865722656,259.7699890136719,254.61000061035156,256.3900146484375,22837700,MSFT
2022-07-05,253.83827209472656,262.8500061035156,262.9800109863281,254.74000549316406,256.1600036621094,22941000,MSFT
2022-07-06,257.08306884765625,266.2099914550781,267.989990234375,262.3999938964844,263.75,23824400,MSFT
2022-07-07,259.1978759765625,268.3999938964844,269.05999755859375,265.0199890136719,265.1199951171875,20859900,MSFT
2022-07-08,258.4834289550781,267.6600036621094,268.1000061035156,263.2900085449219,264.7900085449219,19658800,MSFT
2022-07-11,255.44134521484375,264.510009765625,266.5299987792969,262.17999267578125,265.6499938964844,19455200,MSFT
2022-07-12,244.97296142578125,253.6699981689453,265.94000244140625,252.0399932861328,265.8800048828125,35868500,MSFT
2022-07-13,244.0555419921875,252.72000122070312,253.5500030517578,248.11000061035156,250.19000244140625,29497400,MSFT
2022-07-14,245.3689422607422,254.0800018310547,255.13999938964844,245.94000244140625,250.57000732421875,25102800,MSFT
2022-07-15,247.91844177246094,256.7200012207031,260.3699951171875,254.77000427246094,255.72000122070312,29774100,MSFT
2022-07-18,245.5330810546875,254.25,260.8399963378906,253.3000030517578,259.75,20975000,MSFT
2022-07-19,250.63206481933594,259.5299987792969,259.7200012207031,253.67999267578125,257.5799865722656,25012600,MSFT
2022-07-20,253.27810668945312,262.2699890136719,264.8699951171875,258.9100036621094,259.8999938964844,22788300,MSFT
2022-07-21,255.76002502441406,264.8399963378906,264.8900146484375,257.0299987792969,259.7900085449219,22404700,MSFT
2022-07-22,251.43360900878906,260.3599853515625,265.3299865722656,259.07000732421875,265.239990234375,21881300,MSFT
2022-07-25,249.95606994628906,258.8299865722656,261.5,256.80999755859375,261.0,21056000,MSFT
2022-07-26,243.26365661621094,251.89999389648438,259.8800048828125,249.57000732421875,259.8599853515625,39348000,MSFT
2022-07-27,259.5262756347656,268.739990234375,270.04998779296875,258.8500061035156,261.1600036621094,45994000,MSFT
2022-07-28,266.9333801269531,276.4100036621094,277.8399963378906,267.8699951171875,269.75,33459300,MSFT
2022-07-29,271.1148681640625,280.739990234375,282.0,276.6300048828125,277.70001220703125,32152800,MSFT
2022-08-01,268.4784851074219,278.010009765625,281.2799987792969,275.8399963378906,277.82000732421875,21539600,MSFT
2022-08-02,265.3978576660156,274.82000732421875,277.8900146484375,272.3800048828125,276.0,22754200,MSFT
2022-08-03,272.78564453125,282.4700012207031,283.5,276.6099853515625,276.760009765625,23518900,MSFT
2022-08-04,273.9251708984375,283.6499938964844,283.79998779296875,280.1700134277344,281.79998779296875,18098700,MSFT
2022-08-05,273.21044921875,282.9100036621094,283.6499938964844,278.67999267578125,279.1499938964844,16774600,MSFT
2022-08-08,270.7093200683594,280.32000732421875,285.9200134277344,279.32000732421875,284.04998779296875,18739200,MSFT
2022-08-09,272.6214599609375,282.29998779296875,283.0799865722656,277.6099853515625,279.6400146484375,23405200,MSFT
2022-08-10,279.2462158203125,289.1600036621094,289.80999755859375,286.94000244140625,288.1700134277344,24687800,MSFT
2022-08-11,277.17950439453125,287.0199890136719,291.2099914550781,286.510009765625,290.8500061035156,20065900,MSFT
2022-08-12,281.9018859863281,291.9100036621094,291.9100036621094,286.94000244140625,288.4800109863281,22619700,MSFT
2022-08-15,283.408447265625,293.4700012207031,294.17999267578125,290.1099853515625,291.0,18085700,MSFT
2022-08-16,282.6744689941406,292.7099914550781,294.0400085449219,290.4200134277344,291.989990234375,18102900,MSFT
2022-08-17,281.9293212890625,291.32000732421875,293.3500061035156,289.4700012207031,289.739990234375,18253400,MSFT
2022-08-18,280.8163146972656,290.1700134277344,291.9100036621094,289.0799865722656,290.19000244140625,17186200,MSFT
2022-08-19,276.926025390625,286.1499938964844,289.25,285.55999755859375,288.8999938964844,20570000,MSFT
2022-08-22,268.7967224121094,277.75,282.4599914550781,277.2200012207031,282.0799865722656,25061100,MSFT
2022-08-23,267.52899169921875,276.44000244140625,278.8599853515625,275.3999938964844,276.44000244140625,17527400,MSFT
2022-08-24,266.8999328613281,275.7900085449219,277.2300109863281,275.1099853515625,275.4100036621094,18137000,MSFT
2022-08-25,269.8612365722656,278.8500061035156,279.0199890136719,274.5199890136719,277.3299865722656,16583400,MSFT
2022-08-26,259.4481506347656,268.0899963378906,280.3399963378906,267.9800109863281,279.0799865722656,27549300,MSFT
2022-08-29,256.6802978515625,265.2300109863281,267.3999938964844,263.8500061035156,265.8500061035156,20338500,MSFT
2022-08-30,254.49313354492188,262.9700012207031,267.04998779296875,260.6600036621094,266.6700134277344,22767100,MSFT
2022-08-31,253.0415496826172,261.4700012207031,267.1099853515625,261.3299865722656,265.3900146484375,24791800,MSFT
2022-09-01,252.0059814453125,260.3999938964844,260.8900146484375,255.41000366210938,258.8699951171875,23263400,MSFT
2022-09-02,247.805908203125,256.05999755859375,264.739990234375,254.47000122070312,261.70001220703125,22855400,MSFT
2022-09-06,245.08653259277344,253.25,257.8299865722656,251.94000244140625,256.20001220703125,21328200,MSFT
2022-09-07,249.77047729492188,258.0899963378906,258.8299865722656,253.22000122070312,254.6999969482422,24126700,MSFT
2022-09-08,250.18661499023438,258.5199890136719,260.42999267578125,254.7899932861328,257.510009765625,20319900,MSFT
2022-09-09,255.93515014648438,264.4599914550781,265.2300109863281,260.2900085449219,260.5,22084700,MSFT
2022-09-12,258.0545959472656,266.6499938964844,267.45001220703125,265.1600036621094,265.7799987792969,18747700,MSFT
2022-09-13,243.8671112060547,251.99000549316406,260.3999938964844,251.58999633789062,258.8399963378906,33353300,MSFT
2022-09-14,244.08969116210938,252.22000122070312,254.22999572753906,249.86000061035156,253.52999877929688,23913000,MSFT
2022-09-15,237.4701690673828,245.3800048828125,251.39999389648438,244.02000427246094,249.77000427246094,31530900,MSFT
2022-09-16,236.850830078125,244.74000549316406,245.3000030517578,242.05999755859375,244.25999450683594,39791800,MSFT
2022-09-19,236.63790893554688,244.52000427246094,245.13999938964844,240.85000610351562,242.47000122070312,26826900,MSFT
2022-09-20,234.63461303710938,242.4499969482422,243.50999450683594,239.63999938964844,242.07000732421875,26660300,MSFT
2022-09-21,231.24746704101562,238.9499969482422,247.66000366210938,238.89999389648438,244.27000427246094,28625600,MSFT
2022-09-22,233.21202087402344,240.97999572753906,243.86000061035156,237.57000732421875,237.8699951171875,31061200,MSFT
2022-09-23,230.2506561279297,237.9199981689453,241.1300048828125,235.1999969482422,239.5399932861328,34176000,MSFT
2022-09-26,229.7957763671875,237.4499969482422,241.4499969482422,236.89999389648438,237.0500030517578,27694200,MSFT
2022-09-27,228.78933715820312,236.41000366210938,241.8000030517578,234.5,239.97999572753906,27018700,MSFT
2022-09-28,233.29910278320312,241.07000732421875,242.3300018310547,234.72999572753906,236.80999755859375,29029700,MSFT
2022-09-29,229.84420776367188,237.5,239.9499969482422,234.41000366210938,238.88999938964844,27484200,MSFT
2022-09-30,225.39248657226562,232.89999389648438,240.5399932861328,232.72999572753906,238.2899932861328,35694800,MSFT
2022-10-03,232.97976684570312,240.74000549316406,241.61000061035156,234.66000366210938,235.41000366210938,28880400,MSFT
2022-10-04,240.8573760986328,248.8800048828125,250.36000061035156,244.97999572753906,245.08999633789062,34888400,MSFT
2022-10-05,241.16705322265625,249.1999969482422,250.5800018310547,244.10000610351562,245.99000549316406,20347100,MSFT
2022-10-06,238.83473205566406,246.7899932861328,250.33999633789062,246.0800018310547,247.92999267578125,20239900,MSFT
2022-10-07,226.68930053710938,234.24000549316406,241.32000732421875,233.1699981689453,240.89999389648438,37769600,MSFT
2022-10-10,221.86013793945312,229.25,234.55999755859375,226.72999572753906,233.0500030517578,29743600,MSFT
2022-10-11,218.14393615722656,225.41000366210938,229.05999755859375,224.11000061035156,227.6199951171875,30474000,MSFT
2022-10-12,218.4729766845703,225.75,227.86000061035156,223.9600067138672,225.39999389648438,21903900,MSFT
2022-10-13,226.68930053710938,234.24000549316406,236.10000610351562,219.1300048828125,219.85000610351562,42551800,MSFT
2022-10-14,221.1923370361328,228.55999755859375,237.24000549316406,228.33999633789062,235.5399932861328,30198600,MSFT
2022-10-17,229.87322998046875,237.52999877929688,238.9600067138672,235.13999938964844,235.82000732421875,28142300,MSFT
2022-10-18,230.81198120117188,238.5,243.92999267578125,235.3699951171875,243.24000549316406,26329600,MSFT
2022-10-19,228.85707092285156,236.47999572753906,239.61000061035156,234.2899932861328,237.0399932861328,19985700,MSFT
2022-10-20,228.5377197265625,236.14999389648438,241.30999755859375,234.8699951171875,235.77000427246094,21811000,MSFT
2022-10-21,234.31527709960938,242.1199951171875,243.0,234.5,234.74000549316406,26299700,MSFT
2022-10-24,239.2799072265625,247.25,247.83999633789062,241.3000030517578,243.75999450683594,24911200,MSFT
2022-10-25,242.5800018310547,250.66000366210938,251.0399932861328,245.8300018310547,247.25999450683594,34775500,MSFT
2022-10-26,223.86343383789062,231.32000732421875,238.3000030517578,230.05999755859375,231.1699981689453,82543200,MSFT
2022-10-27,219.44073486328125,226.75,233.69000244140625,225.77999877929688,231.0399932861328,40424600,MSFT
2022-10-28,228.26673889160156,235.8699951171875,236.60000610351562,226.0500030517578,226.24000549316406,40647700,MSFT
2022-10-31,224.64730834960938,232.1300048828125,234.9199981689453,231.14999389648438,233.75999450683594,28357300,MSFT
2022-11-01,220.81497192382812,228.1699981689453,235.74000549316406,227.3300018310547,234.60000610351562,30592300,MSFT
2022-11-02,213.00509643554688,220.10000610351562,231.3000030517578,220.0399932861328,229.4600067138672,38407000,MSFT
2022-11-03,207.34365844726562,214.25,220.41000366210938,213.97999572753906,220.08999633789062,36633900,MSFT
2022-11-04,214.2534942626953,221.38999938964844,221.58999633789062,213.42999267578125,217.5500030517578,36789100,MSFT
2022-11-07,220.52459716796875,227.8699951171875,228.41000366210938,221.27999877929688,221.99000549316406,33498000,MSFT
2022-11-08,221.49241638183594,228.8699951171875,231.64999389648438,225.83999633789062,228.6999969482422,28192500,MSFT
2022-11-09,217.2729034423828,224.50999450683594,228.6300048828125,224.3300018310547,227.3699951171875,27852900,MSFT
2022-11-10,235.14755249023438,242.97999572753906,243.3300018310547,235.0,235.42999267578125,46268000,MSFT
2022-11-11,239.14442443847656,247.11000061035156,247.99000549316406,241.92999267578125,242.99000549316406,34620200,MSFT
2022-11-14,233.7636260986328,241.5500030517578,243.91000366210938,239.2100067138672,241.99000549316406,31123300,MSFT
2022-11-15,234.1700897216797,241.97000122070312,247.0,240.02999877929688,245.66000366210938,31390100,MSFT
2022-11-16,234.59710693359375,241.72999572753906,243.8000030517578,240.4199981689453,242.7899932861328,24093300,MSFT
2022-11-17,234.548583984375,241.67999267578125,243.25,237.6300048828125,237.77999877929688,23123500,MSFT
2022-11-18,234.1021728515625,241.22000122070312,243.74000549316406,239.02999877929688,243.50999450683594,27613500,MSFT
2022-11-21,234.90769958496094,242.0500030517578,244.6699981689453,241.19000244140625,241.42999267578125,26394700,MSFT
2022-11-22,237.79971313476562,245.02999877929688,245.30999755859375,240.7100067138672,243.58999633789062,19665700,MSFT
2022-11-23,240.2744903564453,247.5800018310547,248.27999877929688,244.27000427246094,245.11000061035156,19508500,MSFT
2022-11-25,240.18714904785156,247.49000549316406,248.6999969482422,246.72999572753906,247.30999755859375,9200800,MSFT
2022-11-28,234.62620544433594,241.75999450683594,246.64999389648438,240.8000030517578,246.0800018310547,24778200,MSFT
2022-11-29,233.23841857910156,240.3300018310547,242.7899932861328,238.2100067138672,241.39999389648438,17956300,MSFT
2022-11-30,247.61143493652344,255.13999938964844,255.3300018310547,239.86000061035156,240.57000732421875,47594200,MSFT
2022-12-01,247.17466735839844,254.69000244140625,256.1199951171875,250.9199981689453,253.8699951171875,26041500,MSFT
2022-12-02,247.49497985839844,255.02000427246094,256.05999755859375,249.69000244140625,249.82000732421875,21528500,MSFT
2022-12-05,242.81719970703125,250.1999969482422,253.82000732421875,248.05999755859375,252.00999450683594,23435300,MSFT
2022-12-06,237.8870849609375,245.1199951171875,251.86000061035156,243.77999877929688,250.82000732421875,22463700,MSFT
2022-12-07,237.15924072265625,244.3699951171875,246.16000366210938,242.2100067138672,244.8300018310547,20481500,MSFT
2022-12-08,240.09979248046875,247.39999389648438,248.74000549316406,243.05999755859375,244.83999633789062,22611800,MSFT
2022-12-09,238.17822265625,245.4199981689453,248.30999755859375,244.16000366210938,244.6999969482422,20609700,MSFT
2022-12-12,245.05902099609375,252.50999450683594,252.5399932861328,247.1699981689453,247.4499969482422,30665100,MSFT
2022-12-13,249.3389129638672,256.9200134277344,263.9200134277344,253.07000732421875,261.69000244140625,42196900,MSFT
2022-12-14,249.6300506591797,257.2200012207031,262.5899963378906,254.30999755859375,257.1300048828125,35410900,MSFT
2022-12-15,241.6622772216797,249.00999450683594,254.1999969482422,247.33999633789062,253.72000122070312,35560400,MSFT
2022-12-16,237.46975708007812,244.69000244140625,249.83999633789062,243.50999450683594,248.5500030517578,86102000,MSFT
2022-12-19,233.35487365722656,240.4499969482422,245.2100067138672,238.7100067138672,244.86000061035156,29696400,MSFT
2022-12-20,234.6650390625,241.8000030517578,242.91000366210938,238.4199981689453,239.39999389648438,25150800,MSFT
2022-12-21,237.21742248535156,244.42999267578125,245.6199951171875,240.11000061035156,241.69000244140625,23690600,MSFT
2022-12-22,231.1615753173828,238.19000244140625,241.99000549316406,233.8699951171875,241.25999450683594,28651700,MSFT
2022-12-23,231.68563842773438,238.72999572753906,238.8699951171875,233.94000244140625,236.11000061035156,21207000,MSFT
2022-12-27,229.9678497314453,236.9600067138672,238.92999267578125,235.8300018310547,238.6999969482422,16688600,MSFT
2022-12-28,227.60955810546875,234.52999877929688,239.72000122070312,234.1699981689453,236.88999938964844,17457100,MSFT
2022-12-29,233.89834594726562,241.00999450683594,241.9199981689453,235.64999389648438,235.64999389648438,19770700,MSFT
2022-12-30,232.74346923828125,239.82000732421875,239.9600067138672,236.66000366210938,238.2100067138672,21938500,MSFT
2023-01-03,232.51055908203125,239.5800018310547,245.75,237.39999389648438,243.0800018310547,25740000,MSFT
2023-01-04,222.33981323242188,229.10000610351562,232.8699951171875,225.9600067138672,232.27999877929688,50623400,MSFT
2023-01-05,215.75015258789062,222.30999755859375,227.5500030517578,221.75999450683594,227.1999969482422,39585600,MSFT
2023-01-06,218.29281616210938,224.92999267578125,225.75999450683594,219.35000610351562,223.0,43613600,MSFT
2023-01-09,220.41822814941406,227.1199951171875,231.24000549316406,226.41000366210938,226.4499969482422,27369800,MSFT
2023-01-10,222.09716796875,228.85000610351562,231.30999755859375,227.3300018310547,227.75999450683594,27033900,MSFT
2023-01-11,228.81300354003906,235.77000427246094,235.9499969482422,231.11000061035156,231.2899932861328,28669300,MSFT
2023-01-12,231.4721221923828,238.50999450683594,239.89999389648438,233.55999755859375,235.25999450683594,27269500,MSFT
2023-01-13,232.1708526611328,239.22999572753906,239.3699951171875,234.9199981689453,237.0,21333300,MSFT
2023-01-17,233.25782775878906,240.35000610351562,240.91000366210938,237.08999633789062,237.97000122070312,29831300,MSFT
2023-01-18,228.85177612304688,235.80999755859375,242.3800048828125,235.52000427246094,241.57000732421875,30028700,MSFT
2023-01-19,225.0863037109375,231.92999267578125,235.52000427246094,230.67999267578125,233.77999877929688,28623000,MSFT
2023-01-20,233.1316375732422,240.22000122070312,240.74000549316406,234.50999450683594,234.86000061035156,35389800,MSFT
2023-01-23,235.42201232910156,242.5800018310547,245.1699981689453,239.64999389648438,241.10000610351562,31934000,MSFT
2023-01-24,234.89796447753906,242.0399932861328,243.9499969482422,240.44000244140625,242.5,40234400,MSFT
2023-01-25,233.51016235351562,240.61000061035156,243.3000030517578,230.89999389648438,234.47999572753906,66526600,MSFT
2023-01-26,240.68206787109375,248.0,248.30999755859375,242.0,243.64999389648438,33454500,MSFT
2023-01-27,240.83743286132812,248.16000366210938,249.8300018310547,246.8300018310547,248.99000549316406,26498900,MSFT
2023-01-30,235.5481719970703,242.7100067138672,245.60000610351562,242.1999969482422,244.50999450683594,25867400,MSFT
2023-01-31,240.49769592285156,247.80999755859375,247.9499969482422,242.9499969482422,243.4499969482422,26541100,MSFT
2023-02-01,245.29190063476562,252.75,255.17999267578125,245.47000122070312,248.0,31259900,MSFT
2023-02-02,256.79229736328125,264.6000061035156,264.69000244140625,257.25,258.82000732421875,39940400,MSFT
2023-02-03,250.72669982910156,258.3500061035156,264.20001220703125,257.1000061035156,259.5400085449219,29077300,MSFT
2023-02-06,249.19329833984375,256.7699890136719,258.29998779296875,254.77999877929688,257.44000244140625,22518000,MSFT
2023-02-07,259.6649475097656,267.55999755859375,268.7699890136719,260.0799865722656,260.5299987792969,50841400,MSFT
2023-02-08,258.8594055175781,266.7300109863281,276.760009765625,266.2099914550781,273.20001220703125,54686000,MSFT
2023-02-09,255.84117126464844,263.6199951171875,273.9800109863281,262.79998779296875,273.79998779296875,42375100,MSFT
2023-02-10,255.33653259277344,263.1000061035156,264.0899963378906,260.6600036621094,261.5299987792969,25818500,MSFT
2023-02-13,263.3139953613281,271.32000732421875,274.6000061035156,267.1499938964844,267.6400146484375,44630900,MSFT
2023-02-14,264.1389465332031,272.1700134277344,274.9700012207031,269.2799987792969,272.6700134277344,37047900,MSFT
2023-02-15,262.0276794433594,269.32000732421875,270.7300109863281,266.17999267578125,268.32000732421875,28922400,MSFT
2023-02-16,255.05181884765625,262.1499938964844,266.739990234375,261.8999938964844,264.0199890136719,29603600,MSFT
2023-02-17,251.07257080078125,258.05999755859375,260.0899963378906,256.0,259.3900146484375,30000100,MSFT
2023-02-21,245.82850646972656,252.6699981689453,255.49000549316406,251.58999633789062,254.47999572753906,28397400,MSFT
2023-02-22,244.6998748779297,251.50999450683594,254.33999633789062,250.33999633789062,254.08999633789062,22491100,MSFT
2023-02-23,247.8716278076172,254.77000427246094,256.8399963378906,250.47999572753906,255.55999755859375,29219100,MSFT
2023-02-24,242.47189331054688,249.22000122070312,251.0,248.10000610351562,249.9600067138672,24990900,MSFT
2023-02-27,243.386474609375,250.16000366210938,252.82000732421875,249.38999938964844,252.4600067138672,21190000,MSFT
2023-02-28,242.66647338867188,249.4199981689453,251.49000549316406,248.72999572753906,249.07000732421875,22491000,MSFT
2023-03-01,239.60179138183594,246.27000427246094,250.92999267578125,245.7899932861328,250.75999450683594,27565300,MSFT
2023-03-02,244.31069946289062,251.11000061035156,251.39999389648438,245.61000061035156,246.5500030517578,24808200,MSFT
2023-03-03,248.3775177001953,255.2899932861328,255.6199951171875,251.38999938964844,252.19000244140625,30760100,MSFT
2023-03-06,249.9147491455078,256.8699951171875,260.1199951171875,255.97999572753906,256.42999267578125,24109800,MSFT
2023-03-07,247.26840209960938,254.14999389648438,257.69000244140625,253.38999938964844,256.29998779296875,21473200,MSFT
2023-03-08,246.83059692382812,253.6999969482422,254.5399932861328,250.80999755859375,254.0399932861328,17340200,MSFT
2023-03-09,245.48797607421875,252.32000732421875,259.55999755859375,251.5800018310547,255.82000732421875,26653400,MSFT
2023-03-10,241.85897827148438,248.58999633789062,252.7899932861328,247.60000610351562,251.0800018310547,28333900,MSFT
2023-03-13,247.04466247558594,253.9199981689453,257.9100036621094,245.72999572753906,247.39999389648438,33339700,MSFT
2023-03-14,253.7285919189453,260.7900085449219,261.07000732421875,255.86000061035156,256.75,33620300,MSFT
2023-03-15,258.25274658203125,265.44000244140625,266.4800109863281,259.2099914550781,259.9800109863281,46028000,MSFT
2023-03-16,268.7213439941406,276.20001220703125,276.55999755859375,263.2799987792969,265.2099914550781,54768800,MSFT
2023-03-17,271.8639221191406,279.42999267578125,283.3299865722656,276.32000732421875,278.260009765625,69527400,MSFT
2023-03-20,264.85882568359375,272.2300109863281,277.4800109863281,269.8500061035156,276.9800109863281,43466600,MSFT
2023-03-21,266.36688232421875,273.7799987792969,275.0,269.5199890136719,274.8800048828125,34558700,MSFT
2023-03-22,264.91729736328125,272.2900085449219,281.0400085449219,272.17999267578125,273.3999938964844,34873300,MSFT
2023-03-23,270.14190673828125,277.6600036621094,281.05999755859375,275.20001220703125,277.94000244140625,36610900,MSFT
2023-03-24,272.97308349609375,280.57000732421875,280.6300048828125,275.2799987792969,277.239990234375,28172000,MSFT
2023-03-27,268.8965148925781,276.3800048828125,281.4599914550781,275.5199890136719,280.5,26840200,MSFT
2023-03-28,267.77764892578125,275.2300109863281,276.1400146484375,272.04998779296875,275.7900085449219,21878600,MSFT
2023-03-29,272.9147033691406,280.510009765625,281.1400146484375,278.4100036621094,278.9599914550781,25087000,MSFT
2023-03-30,276.35882568359375,284.04998779296875,284.4599914550781,281.4800109863281,284.2300109863281,25053400,MSFT
2023-03-31,280.49371337890625,288.29998779296875,289.2699890136719,283.0,283.7300109863281,32766000,MSFT
2023-04-03,279.4527587890625,287.2300109863281,288.2699890136719,283.95001220703125,286.5199890136719,24883300,MSFT
2023-04-04,279.4040832519531,287.17999267578125,290.45001220703125,285.6700134277344,287.2300109863281,25824300,MSFT
2023-04-05,276.6409606933594,284.3399963378906,287.1499938964844,282.9200134277344,285.8500061035156,22064800,MSFT
2023-04-06,283.704345703125,291.6000061035156,292.0799865722656,282.0299987792969,283.2099914550781,29770300,MSFT
2023-04-10,281.55426025390625,289.3900146484375,289.6000061035156,284.7099914550781,289.2099914550781,23103000,MSFT
2023-04-11,275.1718444824219,282.8299865722656,285.9800109863281,281.6400146484375,285.75,27276600,MSFT
2023-04-12,275.8139343261719,283.489990234375,287.010009765625,281.9599914550781,284.7900085449219,27403400,MSFT
2023-04-13,281.9920349121094,289.8399963378906,289.8999938964844,283.1700134277344,283.5899963378906,24222700,MSFT
2023-04-14,278.3922424316406,286.1400146484375,288.4800109863281,283.69000244140625,287.0,20987900,MSFT
2023-04-17,280.9801330566406,288.79998779296875,291.6000061035156,286.1600036621094,289.92999267578125,23836200,MSFT
2023-04-18,280.56182861328125,288.3699951171875,291.760009765625,287.010009765625,291.57000732421875,20161800,MSFT
2023-04-19,280.6396484375,288.45001220703125,289.04998779296875,284.5400085449219,285.989990234375,17150300,MSFT
2023-04-20,278.3630065917969,286.1099853515625,289.0299987792969,285.0799865722656,285.25,23244400,MSFT
2023-04-21,278.0224914550781,285.760009765625,286.2699890136719,283.05999755859375,285.010009765625,21676400,MSFT
2023-04-24,274.1405334472656,281.7699890136719,284.95001220703125,278.7200012207031,282.0899963378906,26611000,MSFT
2023-04-25,267.96258544921875,275.4200134277344,281.6000061035156,275.3699951171875,279.510009765625,45772200,MSFT
2023-04-26,287.37225341796875,295.3699951171875,299.57000732421875,292.7300109863281,296.70001220703125,64599200,MSFT
2023-04-27,296.576171875,304.8299865722656,305.20001220703125,295.25,295.9700012207031,46462600,MSFT
2023-04-28,298.9403076171875,307.260009765625,308.92999267578125,303.30999755859375,304.010009765625,36469600,MSFT
2023-05-01,297.2864074707031,305.55999755859375,308.6000061035156,305.1499938964844,306.9700012207031,21294100,MSFT
2023-05-02,297.1404724121094,305.4100036621094,309.17999267578125,303.9100036621094,307.760009765625,26404400,MSFT
2023-05-03,296.1578063964844,304.3999938964844,308.6099853515625,304.0899963378906,306.6199951171875,22360800,MSFT
2023-05-04,297.1404724121094,305.4100036621094,307.760009765625,303.3999938964844,306.239990234375,22519900,MSFT
2023-05-05,302.2385559082031,310.6499938964844,311.9700012207031,304.2699890136719,305.7200012207031,28197100,MSFT
2023-05-08,300.292724609375,308.6499938964844,310.20001220703125,306.0899963378906,310.1300048828125,21318600,MSFT
2023-05-09,298.6873779296875,307.0,310.0400085449219,306.30999755859375,308.0,21340800,MSFT
2023-05-10,303.8536682128906,312.30999755859375,313.0,307.6700134277344,308.6199951171875,30078000,MSFT
2023-05-11,301.7132263183594,310.1099853515625,311.1199951171875,306.260009765625,310.1000061035156,31680200,MSFT
2023-05-12,300.60406494140625,308.9700012207031,310.6499938964844,306.6000061035156,310.54998779296875,19774700,MSFT
2023-05-15,301.08074951171875,309.4599914550781,309.8999938964844,307.5899963378906,309.1000061035156,16336500,MSFT
2023-05-16,303.299072265625,311.739990234375,313.7099914550781,309.8299865722656,309.8299865722656,26730300,MSFT
2023-05-17,306.1656494140625,314.0,314.42999267578125,310.739990234375,312.2900085449219,24315000,MSFT
2023-05-18,310.5728759765625,318.5199890136719,319.0400085449219,313.7200012207031,314.5299987792969,27276000,MSFT
2023-05-19,310.3974304199219,318.3399963378906,318.75,316.3699951171875,316.739990234375,27546700,MSFT
2023-05-22,313.16656494140625,321.17999267578125,322.5899963378906,318.010009765625,318.6000061035156,24115700,MSFT
2023-05-23,307.394287109375,315.260009765625,322.7200012207031,315.25,320.0299987792969,30797200,MSFT
2023-05-24,306.01947021484375,313.8500061035156,316.5,312.6099853515625,314.7300109863281,23384900,MSFT
2023-05-25,317.7883605957031,325.9200134277344,326.8999938964844,320.0,323.239990234375,43301700,MSFT
2023-05-26,324.5844421386719,332.8900146484375,333.3999938964844,323.8800048828125,324.0199890136719,36630600,MSFT
2023-05-30,322.9462890625,331.2099914550781,335.739990234375,330.5199890136719,335.2300109863281,29503100,MSFT
2023-05-31,320.1966857910156,328.3900146484375,335.94000244140625,327.3299865722656,332.2900085449219,45950600,MSFT
2023-06-01,324.2821044921875,332.5799865722656,333.5299987792969,324.7200012207031,325.92999267578125,26773900,MSFT
2023-06-02,327.03173828125,335.3999938964844,337.5,332.54998779296875,334.25,25873800,MSFT
2023-06-05,327.5583190917969,335.94000244140625,338.55999755859375,334.6600036621094,335.2200012207031,21307100,MSFT
2023-06-06,325.3547058105469,333.67999267578125,335.3699951171875,332.1700134277344,335.3299865722656,20396200,MSFT
2023-06-07,315.3116760253906,323.3800048828125,334.489990234375,322.5,331.6499938964844,40717100,MSFT
2023-06-08,317.1447448730469,325.260009765625,326.6400146484375,323.3500061035156,323.94000244140625,23277700,MSFT
2023-06-09,318.6365661621094,326.7900085449219,329.989990234375,324.4100036621094,324.989990234375,22529000,MSFT
2023-06-12,323.5703430175781,331.8500061035156,332.1000061035156,325.1600036621094,328.5799865722656,24260300,MSFT
2023-06-13,325.9494934082031,334.2900085449219,336.9800109863281,330.3900146484375,334.4700012207031,22951300,MSFT
2023-06-14,328.9233703613281,337.3399963378906,339.0400085449219,332.80999755859375,334.3399963378906,26003800,MSFT
2023-06-15,339.4149169921875,348.1000061035156,349.8399963378906,337.20001220703125,337.4800109863281,38899100,MSFT
2023-06-16,333.7888488769531,342.3299865722656,351.4700012207031,341.95001220703125,351.32000732421875,46552000,MSFT
2023-06-20,329.6156005859375,338.04998779296875,342.0799865722656,335.8599853515625,339.30999755859375,26375400,MSFT
2023-06-21,325.2376403808594,333.55999755859375,337.7300109863281,332.07000732421875,336.3699951171875,25117800,MSFT
2023-06-22,331.23419189453125,339.7099914550781,340.1199951171875,333.3399963378906,334.1199951171875,23556800,MSFT
2023-06-23,326.66119384765625,335.0199890136719,337.9599914550781,333.45001220703125,334.3599853515625,23146900,MSFT
2023-06-26,320.40142822265625,328.6000061035156,336.1099853515625,328.489990234375,333.7200012207031,21520600,MSFT
2023-06-27,326.2224426269531,334.57000732421875,336.1499938964844,329.29998779296875,331.8599853515625,24354100,MSFT
2023-06-28,327.4704895019531,335.8500061035156,337.9800109863281,333.80999755859375,334.6600036621094,20259500,MSFT
2023-06-29,326.69049072265625,335.04998779296875,336.1099853515625,332.6199951171875,334.7099914550781,16997000,MSFT
2023-06-30,332.0435485839844,340.5400085449219,342.7300109863281,337.20001220703125,337.75,26832800,MSFT
2023-07-03,329.5570983886719,337.989990234375,340.8999938964844,336.57000732421875,339.19000244140625,12508700,MSFT
2023-07-05,329.7131652832031,338.1499938964844,341.6499938964844,334.7300109863281,335.0899963378906,18172400,MSFT
2023-07-06,332.75537109375,341.2699890136719,342.989990234375,335.5,337.29998779296875,28161200,MSFT
2023-07-07,328.8063659667969,337.2200012207031,341.7900085449219,337.0,339.32000732421875,21214800,MSFT
2023-07-10,323.5508117675781,331.8299865722656,335.2300109863281,327.5899963378906,334.6000061035156,32791400,MSFT
2023-07-11,324.17486572265625,332.4700012207031,332.8599853515625,327.0,331.05999755859375,26698200,MSFT
2023-07-12,328.7868347167969,337.20001220703125,341.6499938964844,335.6700134277344,336.6000061035156,29995300,MSFT
2023-07-13,334.1106262207031,342.6600036621094,343.739990234375,339.0199890136719,339.55999755859375,20567200,MSFT
2023-07-14,336.6261901855469,345.239990234375,351.42999267578125,344.30999755859375,347.5899963378906,28352700,MSFT
2023-07-17,337.10406494140625,345.7300109863281,346.989990234375,342.20001220703125,345.67999267578125,20363900,MSFT
2023-07-18,350.5207214355469,359.489990234375,366.7799987792969,342.1700134277344,345.8299865722656,64738600,MSFT
2023-07-19,346.220703125,355.0799865722656,362.4599914550781,352.44000244140625,361.75,39732900,MSFT
2023-07-20,338.21563720703125,346.8699951171875,357.9700012207031,345.3699951171875,353.57000732421875,33778400,MSFT
2023-07-21,335.19293212890625,343.7699890136719,350.29998779296875,339.8299865722656,349.1499938964844,69405400,MSFT
2023-07-24,336.49951171875,345.1099853515625,346.9200134277344,342.30999755859375,345.8500061035156,26678100,MSFT
2023-07-25,342.22308349609375,350.9800109863281,351.8900146484375,345.07000732421875,347.1099853515625,41637700,MSFT
2023-07-26,329.34259033203125,337.7699890136719,344.6700134277344,333.1099853515625,341.44000244140625,58383700,MSFT
2023-07-27,322.468505859375,330.7200012207031,341.3299865722656,329.04998779296875,340.4800109863281,39635300,MSFT
2023-07-28,329.9276428222656,338.3699951171875,340.010009765625,333.1700134277344,333.6700134277344,28484900,MSFT
2023-07-31,327.5387878417969,335.9200134277344,337.70001220703125,333.3599853515625,336.9200134277344,25446000,MSFT
2023-08-01,327.9483337402344,336.3399963378906,338.5400085449219,333.70001220703125,335.19000244140625,18311900,MSFT
2023-08-02,319.32891845703125,327.5,333.6300048828125,326.3599853515625,333.6300048828125,27761300,MSFT
2023-08-03,318.5097961425781,326.6600036621094,329.8800048828125,325.95001220703125,326.0,18253700,MSFT
2023-08-04,319.6019287109375,327.7799987792969,335.1400146484375,327.239990234375,331.8800048828125,23741500,MSFT
2023-08-07,321.8737487792969,330.1099853515625,331.1099853515625,327.5199890136719,328.3699951171875,17741500,MSFT
2023-08-08,317.9150695800781,326.04998779296875,328.75,323.0,326.9599914550781,22327600,MSFT
2023-08-09,314.1903381347656,322.2300109863281,327.1099853515625,321.04998779296875,326.4700012207031,22373300,MSFT
2023-08-10,314.87286376953125,322.92999267578125,328.260009765625,321.17999267578125,326.0199890136719,20113700,MSFT
2023-08-11,313.0008239746094,321.010009765625,322.4100036621094,319.2099914550781,320.260009765625,24355500,MSFT
2023-08-14,315.9551696777344,324.0400085449219,324.05999755859375,320.0799865722656,321.3900146484375,18836100,MSFT
2023-08-15,313.8296203613281,321.8599853515625,325.0899963378906,320.8999938964844,323.0,16966300,MSFT
2023-08-16,313.0674133300781,320.3999938964844,324.4200134277344,319.79998779296875,320.79998779296875,20698900,MSFT
2023-08-17,309.6280212402344,316.8800048828125,321.8699951171875,316.2099914550781,320.5400085449219,21257200,MSFT
2023-08-18,309.2371520996094,316.4800109863281,318.3800048828125,311.54998779296875,314.489990234375,24755000,MSFT
2023-08-21,314.5135498046875,321.8800048828125,322.7699890136719,317.0400085449219,317.92999267578125,24040000,MSFT
2023-08-22,315.0803527832031,322.4599914550781,326.0799865722656,321.4599914550781,325.5,16084600,MSFT
2023-08-23,319.5164489746094,327.0,329.20001220703125,323.4599914550781,323.82000732421875,21166400,MSFT
2023-08-24,312.6473083496094,319.9700012207031,332.9800109863281,319.9599914550781,332.8500061035156,23281400,MSFT
2023-08-25,315.58843994140625,322.9800109863281,325.3599853515625,318.79998779296875,321.4700012207031,21684100,MSFT
2023-08-28,316.2919006347656,323.70001220703125,326.1499938964844,321.7200012207031,325.6600036621094,14808500,MSFT
2023-08-29,320.8941955566406,328.4100036621094,328.9800109863281,321.8800048828125,321.8800048828125,19284600,MSFT
2023-08-30,321.26544189453125,328.7900085449219,329.80999755859375,326.45001220703125,328.6700134277344,15222100,MSFT
2023-08-31,320.259033203125,327.760009765625,330.9100036621094,326.7799987792969,329.20001220703125,26411000,MSFT
2023-09-01,321.138427734375,328.6600036621094,331.989990234375,326.7799987792969,331.30999755859375,14942000,MSFT
2023-09-05,325.9165344238281,333.54998779296875,334.8500061035156,328.6600036621094,329.0,18553900,MSFT
2023-09-06,325.2618713378906,332.8800048828125,334.4599914550781,330.17999267578125,333.3800048828125,17535800,MSFT
2023-09-07,322.35986328125,329.9100036621094,333.0799865722656,329.0299987792969,331.2900085449219,18381000,MSFT
2023-09-08,326.62005615234375,334.2699890136719,336.1600036621094,329.4599914550781,330.0899963378906,19530100,MSFT
2023-09-11,330.2060546875,337.94000244140625,338.4200134277344,335.42999267578125,337.239990234375,16583300,MSFT
2023-09-12,324.1772155761719,331.7699890136719,336.7900085449219,331.4800109863281,335.82000732421875,17565500,MSFT
2023-09-13,328.3691101074219,336.05999755859375,336.8500061035156,331.1700134277344,331.30999755859375,16544400,MSFT
2023-09-14,330.9486389160156,338.70001220703125,340.8599853515625,336.57000732421875,339.1499938964844,20267000,MSFT
2023-09-15,322.66278076171875,330.2200012207031,337.3999938964844,329.6499938964844,336.9200134277344,37679800,MSFT
2023-09-18,321.5292053222656,329.05999755859375,330.3999938964844,326.3599853515625,327.79998779296875,16834200,MSFT
2023-09-19,321.1286315917969,328.6499938964844,329.3900146484375,324.510009765625,326.1700134277344,16505900,MSFT
2023-09-20,313.428955078125,320.7699890136719,329.5899963378906,320.510009765625,329.510009765625,21436500,MSFT
2023-09-21,312.2173767089844,319.5299987792969,325.3500061035156,315.0,319.260009765625,35560400,MSFT
2023-09-22,309.7550354003906,317.010009765625,321.45001220703125,316.1499938964844,321.32000732421875,21447900,MSFT
2023-09-25,310.2729187011719,317.5400085449219,317.6700134277344,315.0,316.5899963378906,17836000,MSFT
2023-09-26,304.9964904785156,312.1400146484375,315.8800048828125,310.0199890136719,315.1300048828125,26297600,MSFT
2023-09-27,305.6316223144531,312.7900085449219,314.29998779296875,309.69000244140625,312.29998779296875,19410100,MSFT
2023-09-28,306.462158203125,313.6400146484375,315.4800109863281,309.45001220703125,310.989990234375,19683600,MSFT
2023-09-29,308.5238952636719,315.75,319.4700012207031,314.9800109863281,317.75,24147300,MSFT
2023-10-02,314.4353942871094,321.79998779296875,321.8900146484375,315.17999267578125,316.2799987792969,20570000,MSFT
2023-10-03,306.2179260253906,313.3900146484375,321.3900146484375,311.2099914550781,320.8299865722656,21033500,MSFT
2023-10-04,311.6603698730469,318.9599914550781,320.0400085449219,314.0,314.0299987792969,20720100,MSFT
2023-10-05,312.05126953125,319.3599853515625,319.9800109863281,314.8999938964844,319.0899963378906,16965600,MSFT
2023-10-06,319.7704772949219,327.260009765625,329.19000244140625,316.29998779296875,316.54998779296875,25673600,MSFT
2023-10-09,322.2718811035156,329.82000732421875,330.29998779296875,323.17999267578125,324.75,19891200,MSFT
2023-10-10,320.8746337890625,328.3900146484375,331.1000061035156,327.6700134277344,330.9599914550781,20557100,MSFT
2023-10-11,324.8124084472656,332.4200134277344,332.82000732421875,329.1400146484375,331.2099914550781,20063200,MSFT
2023-10-12,323.5812072753906,331.1600036621094,333.6300048828125,328.7200012207031,330.57000732421875,19313100,MSFT
2023-10-13,320.229736328125,327.7300109863281,333.8299865722656,326.3599853515625,332.3800048828125,21072400,MSFT
2023-10-16,325.02734375,332.6400146484375,336.1400146484375,330.6000061035156,331.04998779296875,22158000,MSFT
2023-10-17,324.4606018066406,332.05999755859375,333.4599914550781,327.4100036621094,329.5899963378906,18338500,MSFT
2023-10-18,322.5552062988281,330.1099853515625,335.5899963378906,328.29998779296875,332.489990234375,23153600,MSFT
2023-10-19,323.7375793457031,331.32000732421875,336.8800048828125,330.9100036621094,332.1499938964844,25052100,MSFT
2023-10-20,319.1940002441406,326.6700134277344,331.9200134277344,325.45001220703125,331.7200012207031,25027700,MSFT
2023-10-23,321.78326416015625,329.32000732421875,332.7300109863281,324.3900146484375,325.4700012207031,24374700,MSFT
2023-10-24,322.96563720703125,330.5299987792969,331.8399963378906,327.6000061035156,331.29998779296875,31153600,MSFT
2023-10-25,332.87359619140625,340.6700134277344,346.20001220703125,337.6199951171875,345.0199890136719,55053800,MSFT
2023-10-26,320.3860778808594,327.8900146484375,341.6300048828125,326.94000244140625,340.5400085449219,37828500,MSFT
2023-10-27,322.2620849609375,329.80999755859375,336.7200012207031,328.3999938964844,330.42999267578125,29856500,MSFT
2023-10-30,329.5904235839844,337.30999755859375,339.45001220703125,331.8299865722656,333.4100036621094,22828100,MSFT
2023-10-31,330.3721618652344,338.1099853515625,339.0,334.69000244140625,338.8500061035156,20265300,MSFT
2023-11-01,338.14996337890625,346.07000732421875,347.4200134277344,339.6499938964844,339.7900085449219,28158800,MSFT
2023-11-02,340.3484802246094,348.32000732421875,348.8299865722656,344.7699890136719,347.239990234375,24348100,MSFT
2023-11-03,344.7259521484375,352.79998779296875,354.3900146484375,347.3299865722656,349.6300048828125,23637700,MSFT
2023-11-06,348.37060546875,356.5299987792969,357.5400085449219,353.3500061035156,353.45001220703125,23828300,MSFT
2023-11-07,352.2790832519531,360.5299987792969,362.4599914550781,357.6300048828125,359.3999938964844,25833900,MSFT
2023-11-08,354.8879699707031,363.20001220703125,363.8699951171875,360.54998779296875,361.67999267578125,26767800,MSFT
2023-11-09,352.4353942871094,360.69000244140625,364.7900085449219,360.3599853515625,362.29998779296875,24847300,MSFT
2023-11-10,361.20989990234375,369.6700134277344,370.1000061035156,361.07000732421875,361.489990234375,28042100,MSFT
2023-11-13,358.2882995605469,366.67999267578125,368.4700012207031,365.8999938964844,368.2200012207031,19986500,MSFT
2023-11-14,361.7961730957031,370.2699890136719,371.95001220703125,367.3500061035156,371.010009765625,27683900,MSFT
2023-11-15,361.94305419921875,369.6700134277344,373.1300048828125,367.1099853515625,371.2799987792969,26860100,MSFT
2023-11-16,368.30712890625,376.1700134277344,376.3500061035156,370.17999267578125,370.9599914550781,27182300,MSFT
2023-11-17,362.1192626953125,369.8500061035156,374.3699951171875,367.0,373.6099853515625,40157000,MSFT
2023-11-20,369.5506286621094,377.44000244140625,378.8699951171875,371.0,371.2200012207031,52465100,MSFT
2023-11-21,365.2719421386719,373.07000732421875,376.2200012207031,371.1199951171875,375.6700134277344,28423100,MSFT
2023-11-22,369.9520263671875,377.8500061035156,379.7900085449219,374.9700012207031,378.0,23345300,MSFT
2023-11-24,369.5408020019531,377.42999267578125,377.9700012207031,375.1400146484375,377.3299865722656,10176600,MSFT
2023-11-27,370.6961364746094,378.6099853515625,380.6400146484375,376.20001220703125,376.7799987792969,22179200,MSFT
2023-11-28,374.7006530761719,382.70001220703125,383.0,378.1600036621094,378.3500061035156,20453100,MSFT
2023-11-29,370.93115234375,378.8500061035156,384.29998779296875,377.44000244140625,383.760009765625,28963400,MSFT
2023-11-30,370.9898986816406,378.9100036621094,380.0899963378906,375.4700012207031,378.489990234375,30554400,MSFT
2023-12-01,366.681884765625,374.510009765625,378.1600036621094,371.30999755859375,376.760009765625,33040500,MSFT
2023-12-04,361.4241027832031,369.1400146484375,369.5199890136719,362.8999938964844,369.1000061035156,32063300,MSFT
2023-12-05,364.7334289550781,372.5199890136719,373.0799865722656,365.6199951171875,366.45001220703125,23065000,MSFT
2023-12-06,361.0911865234375,368.79998779296875,374.17999267578125,368.0299987792969,373.5400085449219,21182100,MSFT
2023-12-07,363.1962890625,370.95001220703125,371.45001220703125,366.32000732421875,368.2300109863281,23118900,MSFT
2023-12-08,366.40771484375,374.2300109863281,374.4599914550781,368.2300109863281,369.20001220703125,20154400,MSFT
2023-12-11,363.5389404296875,371.29998779296875,371.6000061035156,366.1000061035156,368.4800109863281,27708800,MSFT
2023-12-12,366.5545959472656,374.3800048828125,374.4200134277344,370.4599914550781,370.8500061035156,24838300,MSFT
2023-12-13,366.54473876953125,374.3699951171875,377.6400146484375,370.7699890136719,376.0199890136719,30955500,MSFT
2023-12-14,358.2811584472656,365.92999267578125,373.760009765625,364.1300048828125,373.30999755859375,43277500,MSFT
2023-12-15,362.9808654785156,370.7300109863281,372.3999938964844,366.2799987792969,366.8500061035156,78502300,MSFT
2023-12-18,364.8607482910156,372.6499938964844,373.0,368.67999267578125,369.45001220703125,21802900,MSFT
2023-12-19,365.4579772949219,373.260009765625,373.260009765625,369.8399963378906,371.489990234375,20603700,MSFT
2023-12-20,362.87310791015625,370.6199951171875,376.0299987792969,370.5299987792969,375.0,26316700,MSFT
2023-12-21,365.73211669921875,373.5400085449219,374.4100036621094,370.0400085449219,372.55999755859375,17708000,MSFT
2023-12-22,366.7503662109375,374.5799865722656,375.17999267578125,372.7099914550781,373.67999267578125,17107500,MSFT
2023-12-26,366.8287353515625,374.6600036621094,376.94000244140625,373.5,375.0,12673100,MSFT
2023-12-27,366.2510681152344,374.07000732421875,375.05999755859375,372.80999755859375,373.69000244140625,14905400,MSFT
2023-12-28,367.435791015625,375.2799987792969,376.4599914550781,374.1600036621094,375.3699951171875,14327000,MSFT
2023-12-29,368.17987060546875,376.0400085449219,377.1600036621094,373.4800109863281,376.0,18730800,MSFT
2024-01-02,363.117919921875,370.8699951171875,375.8999938964844,366.7699890136719,373.8599853515625,25258600,MSFT
2024-01-03,362.85357666015625,370.6000061035156,373.260009765625,368.510009765625,369.010009765625,23083500,MSFT
2024-01-04,360.2491760253906,367.94000244140625,373.1000061035156,367.1700134277344,370.6700134277344,20901500,MSFT
2024-01-05,360.06317138671875,367.75,372.05999755859375,366.5,368.9700012207031,21004600,MSFT
2024-01-08,366.8580322265625,374.69000244140625,375.20001220703125,369.010009765625,369.29998779296875,23134000,MSFT
2024-01-09,367.9351501464844,375.7900085449219,375.989990234375,371.19000244140625,372.010009765625,20830000,MSFT
2024-01-10,374.76922607421875,382.7699890136719,384.1700134277344,376.32000732421875,376.3699951171875,25514200,MSFT
2024-01-11,376.5903625488281,384.6300048828125,390.67999267578125,380.3800048828125,386.0,27850800,MSFT
2024-01-12,380.35003662109375,388.4700012207031,388.67999267578125,384.6499938964844,385.489990234375,21661200,MSFT
2024-01-16,382.1124572753906,390.2699890136719,394.0299987792969,387.6199951171875,393.6600036621094,27202300,MSFT
2024-01-17,381.3291931152344,389.4700012207031,390.1099853515625,384.80999755859375,387.9800109863281,22234100,MSFT
2024-01-18,385.63720703125,393.8699951171875,393.989990234375,390.1199951171875,391.7200012207031,23392100,MSFT
2024-01-19,390.33685302734375,398.6700134277344,398.6700134277344,393.5,395.760009765625,29331100,MSFT
2024-01-22,388.2220153808594,396.510009765625,400.6199951171875,393.5899963378906,400.0199890136719,27016900,MSFT
2024-01-23,390.5620422363281,398.8999938964844,399.3800048828125,393.92999267578125,395.75,20525900,MSFT
2024-01-24,394.1455993652344,402.55999755859375,405.6300048828125,400.45001220703125,401.5400085449219,24867000,MSFT
2024-01-25,396.40728759765625,404.8699951171875,407.010009765625,402.5299987792969,404.32000732421875,21021200,MSFT
2024-01-26,395.48687744140625,403.92999267578125,406.1700134277344,402.42999267578125,404.3699951171875,17803300,MSFT
2024-01-29,401.1558837890625,409.7200012207031,409.9800109863281,404.3299865722656,406.05999755859375,24510200,MSFT
2024-01-30,400.04949951171875,408.5899963378906,413.04998779296875,406.45001220703125,412.260009765625,33477600,MSFT
2024-01-31,389.2696533203125,397.5799865722656,415.32000732421875,397.2099914550781,406.9599914550781,47871100,MSFT
2024-02-01,395.3400573730469,403.7799987792969,408.0,401.79998779296875,401.8299865722656,30657700,MSFT
2024-02-02,402.6245422363281,411.2200012207031,412.6499938964844,403.55999755859375,403.80999755859375,28256700,MSFT
2024-02-05,397.1709289550781,405.6499938964844,411.1600036621094,403.989990234375,409.8999938964844,25352300,MSFT
2024-02-06,397.0143127441406,405.489990234375,407.9700012207031,402.9100036621094,405.8800048828125,18382600,MSFT
2024-02-07,405.3953857421875,414.04998779296875,414.29998779296875,407.3999938964844,407.44000244140625,22340500,MSFT
2024-02-08,405.4540710449219,414.1099853515625,415.55999755859375,412.5299987792969,414.04998779296875,21225300,MSFT
2024-02-09,411.7594909667969,420.54998779296875,420.82000732421875,415.0899963378906,415.25,22032800,MSFT
2024-02-12,406.5801086425781,415.260009765625,420.739990234375,414.75,420.55999755859375,21202900,MSFT
2024-02-13,397.82696533203125,406.32000732421875,410.07000732421875,403.3900146484375,404.94000244140625,27824900,MSFT
2024-02-14,401.67205810546875,409.489990234375,409.8399963378906,404.57000732421875,408.07000732421875,20401200,MSFT
2024-02-15,398.79803466796875,406.55999755859375,409.1300048828125,404.2900085449219,408.1400146484375,21825500,MSFT
2024-02-16,396.34576416015625,404.05999755859375,408.2900085449219,403.44000244140625,407.9599914550781,22296500,MSFT
2024-02-20,395.1000671386719,402.7900085449219,404.489990234375,398.010009765625,403.239990234375,24307900,MSFT
2024-02-21,394.50164794921875,402.17999267578125,402.2900085449219,397.2200012207031,400.1700134277344,18518900,MSFT
2024-02-22,403.7908935546875,411.6499938964844,412.8299865722656,408.57000732421875,410.19000244140625,27009900,MSFT
2024-02-23,402.5058288574219,410.3399963378906,415.8599853515625,408.9700012207031,415.6700134277344,16295900,MSFT
2024-02-26,399.7593688964844,407.5400085449219,412.1600036621094,407.3599853515625,411.4599914550781,16193500,MSFT
2024-02-27,399.70050048828125,407.4800109863281,408.32000732421875,403.8500061035156,407.989990234375,14835800,MSFT
2024-02-28,399.93585205078125,407.7200012207031,409.29998779296875,405.32000732421875,408.17999267578125,13183100,MSFT
2024-02-29,405.7428894042969,413.6400146484375,414.20001220703125,405.9200134277344,408.6400146484375,31947300,MSFT
2024-03-01,407.5674133300781,415.5,415.8699951171875,410.8800048828125,411.2699890136719,17823400,MSFT
2024-03-04,406.9984436035156,414.9200134277344,417.3500061035156,412.32000732421875,413.44000244140625,17596000,MSFT
2024-03-05,394.9626770019531,402.6499938964844,414.25,400.6400146484375,413.9599914550781,26919200,MSFT
2024-03-06,394.4133605957031,402.0899963378906,405.1600036621094,398.3900146484375,402.9700012207031,22344100,MSFT
2024-03-07,401.3287658691406,409.1400146484375,409.7799987792969,402.239990234375,406.1199951171875,18718500,MSFT
2024-03-08,398.46453857421875,406.2200012207031,410.4200134277344,404.3299865722656,407.9599914550781,18002200,MSFT
2024-03-11,396.7969970703125,404.5199890136719,405.67999267578125,401.260009765625,403.760009765625,16120800,MSFT
2024-03-12,407.3515625,415.2799987792969,415.57000732421875,406.7900085449219,407.6199951171875,22457000,MSFT
2024-03-13,407.1750183105469,415.1000061035156,418.17999267578125,411.45001220703125,418.1000061035156,17115900,MSFT
2024-03-14,417.1017761230469,425.2200012207031,427.82000732421875,417.989990234375,420.239990234375,34157300,MSFT
2024-03-15,408.46978759765625,416.4200134277344,422.6000061035156,412.7900085449219,419.2900085449219,45079900,MSFT
2024-03-18,409.3526306152344,417.32000732421875,420.7300109863281,413.7799987792969,414.25,20106000,MSFT
2024-03-19,413.3645324707031,421.4100036621094,421.6700134277344,415.54998779296875,417.8299865722656,19837900,MSFT
2024-03-20,417.1116027832031,425.2300109863281,425.9599914550781,420.6600036621094,422.0,17860100,MSFT
2024-03-21,421.17254638671875,429.3699951171875,430.82000732421875,427.1600036621094,429.8299865722656,21296200,MSFT
2024-03-22,420.5545654296875,428.739990234375,429.8599853515625,426.07000732421875,429.70001220703125,17648500,MSFT
2024-03-25,414.7868347167969,422.8599853515625,427.4100036621094,421.6099853515625,425.239990234375,18060500,MSFT
2024-03-26,413.5999755859375,421.6499938964844,425.989990234375,421.3500061035156,425.6099853515625,16725600,MSFT
2024-03-27,413.3841247558594,421.42999267578125,424.45001220703125,419.010009765625,424.44000244140625,16705000,MSFT
2024-03-28,412.68768310546875,420.7200012207031,421.8699951171875,419.1199951171875,420.9599914550781,21871200,MSFT
2024-04-01,416.4642333984375,424.57000732421875,427.8900146484375,422.2200012207031,423.95001220703125,16316000,MSFT
2024-04-02,413.3939208984375,421.44000244140625,422.3800048828125,417.8399963378906,420.1099853515625,17912000,MSFT
2024-04-03,412.4228820800781,420.45001220703125,423.260009765625,419.0899963378906,419.7300109863281,16502300,MSFT
2024-04-04,409.9019470214844,417.8800048828125,428.6700134277344,417.57000732421875,424.989990234375,19370900,MSFT
2024-04-05,417.3960266113281,425.5199890136719,426.510009765625,418.32000732421875,420.010009765625,16554800,MSFT
2024-04-08,416.4837951660156,424.5899963378906,427.2799987792969,423.29998779296875,425.1700134277344,14272400,MSFT
2024-04-09,418.14154052734375,426.2799987792969,427.739990234375,421.6199951171875,426.44000244140625,12496900,MSFT
2024-04-10,415.1792297363281,423.260009765625,424.0299987792969,419.70001220703125,422.19000244140625,16216600,MSFT
2024-04-11,419.7600402832031,427.92999267578125,429.3699951171875,422.3599853515625,425.82000732421875,17966400,MSFT
2024-04-12,413.8451232910156,421.8999938964844,425.17999267578125,419.7699890136719,424.04998779296875,19253800,MSFT
2024-04-15,405.7428894042969,413.6400146484375,426.82000732421875,413.42999267578125,426.6000061035156,20273500,MSFT
2024-04-16,406.6649169921875,414.5799865722656,418.3999938964844,413.7300109863281,414.57000732421875,16765600,MSFT
2024-04-17,403.97723388671875,411.8399963378906,418.8800048828125,410.3299865722656,417.25,15855500,MSFT
2024-04-18,396.55169677734375,404.2699890136719,411.8900146484375,403.95001220703125,410.6300048828125,21029900,MSFT
2024-04-19,391.50006103515625,399.1199951171875,405.4800109863281,397.7699890136719,404.0299987792969,30565800,MSFT
2024-04-22,393.3049621582031,400.9599914550781,402.8500061035156,395.75,400.0799865722656,20286900,MSFT
2024-04-23,399.78875732421875,407.57000732421875,408.20001220703125,403.05999755859375,404.239990234375,15734500,MSFT
2024-04-24,401.25030517578125,409.05999755859375,412.4700012207031,406.7799987792969,409.55999755859375,15065300,MSFT
2024-04-25,391.4216003417969,399.0400085449219,399.8900146484375,388.0299987792969,394.0299987792969,40586500,MSFT
2024-04-26,398.5626220703125,406.32000732421875,413.0,405.760009765625,412.1700134277344,29694700,MSFT
2024-04-29,394.5703430175781,402.25,406.32000732421875,399.19000244140625,405.25,19582100,MSFT
2024-04-30,381.8970031738281,389.3299865722656,402.1600036621094,389.1700134277344,401.489990234375,28781400,MSFT
2024-05-01,387.3998718261719,394.94000244140625,401.7200012207031,390.30999755859375,392.6099853515625,23562500,MSFT
2024-05-02,390.2445068359375,397.8399963378906,399.92999267578125,394.6499938964844,397.6600036621094,17709400,MSFT
2024-05-03,398.8960876464844,406.6600036621094,407.1499938964844,401.8599853515625,402.2799987792969,17446700,MSFT
2024-05-06,405.6447448730469,413.5400085449219,413.92999267578125,406.3699951171875,408.760009765625,16996600,MSFT
2024-05-07,401.52496337890625,409.3399963378906,414.6700134277344,409.0899963378906,414.6600036621094,20018200,MSFT
2024-05-08,402.7020568847656,410.5400085449219,412.2300109863281,406.7099914550781,408.1700134277344,11792300,MSFT
2024-05-09,404.4481506347656,412.32000732421875,412.7200012207031,409.1000061035156,410.57000732421875,14689700,MSFT
2024-05-10,406.8218688964844,414.739990234375,415.3800048828125,411.79998779296875,412.94000244140625,13402300,MSFT
2024-05-13,405.8213195800781,413.7200012207031,418.3500061035156,410.82000732421875,418.010009765625,15440200,MSFT
2024-05-14,408.6070861816406,416.55999755859375,417.489990234375,411.54998779296875,412.0199890136719,15109300,MSFT
2024-05-15,415.7511901855469,423.0799865722656,423.80999755859375,417.2699890136719,417.8999938964844,22239500,MSFT
2024-05-16,413.6973876953125,420.989990234375,425.4200134277344,420.3500061035156,421.79998779296875,17530100,MSFT
2024-05-17,412.930908203125,420.2099914550781,422.9200134277344,418.0299987792969,422.5400085449219,15352200,MSFT
2024-05-20,417.9720458984375,425.3399963378906,426.7699890136719,419.989990234375,420.2099914550781,16272100,MSFT
2024-05-21,421.6079406738281,429.0400085449219,432.9700012207031,424.8500061035156,426.8299865722656,21453300,MSFT
2024-05-22,423.06231689453125,430.5199890136719,432.4100036621094,427.1300048828125,430.0899963378906,18073700,MSFT
2024-05-23,419.6033020019531,427.0,433.6000061035156,425.4200134277344,432.9700012207031,17211700,MSFT
2024-05-24,422.70855712890625,430.1600036621094,431.05999755859375,424.4100036621094,427.19000244140625,11855300,MSFT
2024-05-28,422.8658142089844,430.32000732421875,430.82000732421875,426.6000061035156,429.6300048828125,15718000,MSFT
2024-05-29,421.7357177734375,429.1700134277344,430.94000244140625,425.69000244140625,425.69000244140625,15517100,MSFT
2024-05-30,407.4868469238281,414.6700134277344,424.29998779296875,414.239990234375,424.29998779296875,28394500,MSFT
2024-05-31,407.9388732910156,415.1300048828125,416.75,404.510009765625,416.75,47995300,MSFT
2024-06-03,406.35675048828125,413.5199890136719,416.42999267578125,408.9200134277344,415.5299987792969,17484700,MSFT
2024-06-04,408.8625793457031,416.07000732421875,416.44000244140625,409.67999267578125,412.42999267578125,14348900,MSFT
2024-06-05,416.6651306152344,424.010009765625,424.0799865722656,416.29998779296875,417.80999755859375,16988000,MSFT
2024-06-06,417.1662292480469,424.5199890136719,425.30999755859375,420.5799865722656,424.010009765625,14861300,MSFT
2024-06-07,416.50787353515625,423.8500061035156,426.2799987792969,423.0,426.20001220703125,13621700,MSFT
2024-06-10,420.4582214355469,427.8699951171875,428.0799865722656,423.8900146484375,424.70001220703125,13982900,MSFT
2024-06-11,425.1849060058594,432.67999267578125,432.82000732421875,425.25,425.4800109863281,14551100,MSFT
2024-06-12,433.41973876953125,441.05999755859375,443.3999938964844,433.25,435.32000732421875,22366200,MSFT
2024-06-13,433.93072509765625,441.5799865722656,443.3900146484375,439.3699951171875,440.8500061035156,15960600,MSFT
2024-06-14,434.9035339355469,442.57000732421875,443.1400146484375,436.7200012207031,438.2799987792969,13582000,MSFT
2024-06-17,440.6031188964844,448.3699951171875,450.94000244140625,440.7200012207031,442.5899963378906,20790000,MSFT
2024-06-18,438.6082763671875,446.3399963378906,450.1400146484375,444.8900146484375,449.7099914550781,17112500,MSFT
2024-06-20,437.9793701171875,445.70001220703125,446.5299987792969,441.2699890136719,446.29998779296875,19877400,MSFT
2024-06-21,441.98870849609375,449.7799987792969,450.5799865722656,446.510009765625,447.3800048828125,34187100,MSFT
2024-06-24,439.91522216796875,447.6700134277344,452.75,446.4100036621094,449.79998779296875,15913700,MSFT
2024-06-25,443.138427734375,450.95001220703125,451.4200134277344,446.75,448.25,16413400,MSFT
2024-06-26,444.3274841308594,452.1600036621094,453.6000061035156,448.19000244140625,449.0,16507000,MSFT
2024-06-27,445.00555419921875,452.8500061035156,456.1700134277344,451.7699890136719,452.17999267578125,14806300,MSFT
2024-06-28,439.20770263671875,446.95001220703125,455.3800048828125,446.4100036621094,453.07000732421875,28362300,MSFT
2024-07-01,448.81829833984375,456.7300109863281,457.3699951171875,445.6600036621094,448.6600036621094,17662800,MSFT
2024-07-02,451.32415771484375,459.2799987792969,459.5899963378906,453.1099853515625,453.20001220703125,13979800,MSFT
2024-07-03,452.7882995605469,460.7699890136719,461.0199890136719,457.8800048828125,458.19000244140625,9932800,MSFT
2024-07-05,459.460693359375,467.55999755859375,468.3500061035156,458.9700012207031,459.6099853515625,16000300,MSFT
2024-07-08,458.16351318359375,466.239990234375,467.70001220703125,464.4599914550781,466.54998779296875,12962300,MSFT
2024-07-09,451.5796203613281,459.5400085449219,467.3299865722656,458.0,467.0,17207200,MSFT
2024-07-10,458.1734313964844,466.25,466.4599914550781,458.8599853515625,461.2200012207031,18196100,MSFT
2024-07-11,446.823486328125,454.70001220703125,464.7799987792969,451.54998779296875,462.9800109863281,23111200,MSFT
2024-07-12,445.6933898925781,453.54998779296875,456.3599853515625,450.6499938964844,454.3299865722656,16324300,MSFT
2024-07-15,446.09625244140625,453.9599914550781,457.260009765625,451.42999267578125,453.29998779296875,14429400,MSFT
2024-07-16,441.73321533203125,449.5199890136719,454.29998779296875,446.6600036621094,454.2200012207031,17175700,MSFT
2024-07-17,435.8371276855469,443.5199890136719,444.8500061035156,439.17999267578125,442.5899963378906,21778000,MSFT
2024-07-18,432.7416687011719,440.3699951171875,444.6499938964844,434.3999938964844,444.3399963378906,20794800,MSFT
2024-07-19,429.53814697265625,437.1099853515625,441.1400146484375,432.0,433.1000061035156,20940400,MSFT
2024-07-22,435.2672119140625,442.94000244140625,444.6000061035156,438.9100036621094,441.7900085449219,15808800,MSFT
2024-07-23,437.14410400390625,444.8500061035156,448.3900146484375,443.1000061035156,443.8999938964844,13107100,MSFT
2024-07-24,421.4703674316406,428.8999938964844,441.4800109863281,427.5899963378906,440.45001220703125,26805800,MSFT
2024-07-25,411.1522521972656,418.3999938964844,429.79998779296875,417.510009765625,428.79998779296875,29943800,MSFT
2024-07-26,417.90325927734375,425.2699890136719,428.9200134277344,417.2699890136719,418.20001220703125,23583800,MSFT
2024-07-29,419.33795166015625,426.7300109863281,432.1499938964844,424.70001220703125,431.5799865722656,15125800,MSFT
2024-07-30,415.5939636230469,422.9200134277344,429.04998779296875,417.3599853515625,427.7200012207031,32687600,MSFT
2024-07-31,411.1031494140625,418.3500061035156,421.7799987792969,412.2099914550781,420.5,42891400,MSFT
2024-08-01,409.8846130371094,417.1099853515625,427.4599914550781,413.0899963378906,420.7900085449219,30296400,MSFT
2024-08-02,401.4139099121094,408.489990234375,415.0,404.3399963378906,412.489990234375,29437900,MSFT
2024-08-05,388.3050231933594,395.1499938964844,401.0400085449219,385.5799865722656,389.1700134277344,40709200,MSFT
2024-08-06,392.6877136230469,399.6099853515625,405.6700134277344,398.5,400.0,24946500,MSFT
2024-08-07,391.5282287597656,398.42999267578125,410.0799865722656,397.4700012207031,408.6400146484375,20650900,MSFT
2024-08-08,395.7144470214844,402.69000244140625,405.8599853515625,399.94000244140625,402.44000244140625,20203000,MSFT
2024-08-09,398.98675537109375,406.0199890136719,408.04998779296875,402.260009765625,404.0299987792969,19276700,MSFT
2024-08-12,399.7629699707031,406.80999755859375,408.760009765625,404.239990234375,407.05999755859375,16762900,MSFT
2024-08-13,406.8382873535156,414.010009765625,414.95001220703125,409.57000732421875,409.5899963378906,19414300,MSFT
2024-08-14,409.638916015625,416.8599853515625,417.7200012207031,412.45001220703125,414.79998779296875,18267000,MSFT
2024-08-15,414.482421875,421.0299987792969,421.1099853515625,417.6600036621094,419.79998779296875,20752100,MSFT
2024-08-16,411.9622802734375,418.4700012207031,421.3399963378906,417.29998779296875,420.6000061035156,22775600,MSFT
2024-08-19,414.97467041015625,421.5299987792969,421.75,416.4599914550781,418.9599914550781,15234000,MSFT
2024-08-20,418.19378662109375,424.79998779296875,425.8599853515625,421.6400146484375,421.70001220703125,16387600,MSFT
2024-08-21,417.5440673828125,424.1400146484375,426.3999938964844,421.7200012207031,424.0799865722656,16067300,MSFT
2024-08-22,409.0876770019531,415.54998779296875,426.7900085449219,414.6099853515625,424.3599853515625,19361900,MSFT
2024-08-23,410.3083801269531,416.7900085449219,419.260009765625,412.0899963378906,416.9800109863281,18493800,MSFT
2024-08-26,407.0596618652344,413.489990234375,417.2799987792969,411.3399963378906,416.3699951171875,13152800,MSFT
2024-08-27,407.4042053222656,413.8399963378906,414.3599853515625,410.25,412.8599853515625,13492900,MSFT
2024-08-28,404.21466064453125,410.6000061035156,415.0,407.30999755859375,414.8800048828125,14882700,MSFT
2024-08-29,406.6954040527344,413.1199951171875,422.04998779296875,410.6000061035156,414.94000244140625,17045200,MSFT
2024-08-30,410.6529235839844,417.1400146484375,417.489990234375,412.1300048828125,415.6000061035156,24308300,MSFT
2024-09-03,403.0726318359375,409.44000244140625,419.8800048828125,407.0299987792969,417.9100036621094,20313600,MSFT
2024-09-04,402.5410461425781,408.8999938964844,411.239990234375,404.3699951171875,405.9100036621094,15135800,MSFT
2024-09-05,402.03900146484375,408.3900146484375,413.1000061035156,406.1300048828125,407.6199951171875,14195500,MSFT
2024-09-06,395.45306396484375,401.70001220703125,410.6499938964844,400.79998779296875,409.05999755859375,19609500,MSFT
2024-09-09,399.4105224609375,405.7200012207031,408.6499938964844,402.1499938964844,407.239990234375,15295100,MSFT
2024-09-10,407.7586975097656,414.20001220703125,416.3299865722656,407.70001220703125,408.20001220703125,19594300,MSFT
2024-09-11,416.461181640625,423.0400085449219,423.989990234375,409.5799865722656,415.5,19266900,MSFT
2024-09-12,420.3595886230469,427.0,427.3699951171875,419.75,423.30999755859375,17395700,MSFT
2024-09-13,423.8937683105469,430.5899963378906,431.8299865722656,425.4599914550781,425.8299865722656,15874600,MSFT
2024-09-16,424.632080078125,431.3399963378906,433.5299987792969,428.2200012207031,430.6000061035156,13834700,MSFT
2024-09-17,428.3828430175781,435.1499938964844,441.8500061035156,432.2699890136719,440.2300109863281,18874200,MSFT
2024-09-18,424.11029052734375,430.80999755859375,436.0299987792969,430.4100036621094,435.0,18898000,MSFT
2024-09-19,431.8677978515625,438.69000244140625,441.5,436.8999938964844,441.2300109863281,21706600,MSFT
2024-09-20,428.50091552734375,435.2699890136719,439.239990234375,434.2200012207031,437.2200012207031,55167100,MSFT
2024-09-23,426.7683410644531,433.510009765625,436.4599914550781,430.3900146484375,434.2799987792969,15128900,MSFT
2024-09-24,422.495849609375,429.1700134277344,433.3500061035156,426.1000061035156,433.0,17015800,MSFT
2024-09-25,425.3901062011719,432.1099853515625,433.1199951171875,428.57000732421875,429.8299865722656,13396400,MSFT
2024-09-26,424.6025390625,431.30999755859375,435.29998779296875,429.1300048828125,435.0899963378906,14492000,MSFT
2024-09-27,421.36370849609375,428.0199890136719,431.8500061035156,427.4700012207031,431.5199890136719,14896100,MSFT
2024-09-30,423.6082458496094,430.29998779296875,430.4200134277344,425.3699951171875,428.2099914550781,16807300,MSFT
2024-10-01,414.147705078125,420.69000244140625,428.4800109863281,418.80999755859375,428.45001220703125,19092900,MSFT
2024-10-02,410.64306640625,417.1300048828125,422.82000732421875,416.7099914550781,422.5799865722656,16582300,MSFT
2024-10-03,410.0622253417969,416.5400085449219,419.54998779296875,414.2900085449219,417.6300048828125,13686400,MSFT
2024-10-04,409.5897521972656,416.05999755859375,419.75,414.9700012207031,418.239990234375,19169700,MSFT
2024-10-07,403.1711120605469,409.5400085449219,417.1099853515625,409.0,416.0,20919800,MSFT
2024-10-08,408.2607116699219,414.7099914550781,415.6600036621094,408.1700134277344,410.8999938964844,19229300,MSFT
2024-10-09,410.96795654296875,417.4599914550781,420.3800048828125,414.29998779296875,415.8599853515625,14974300,MSFT
2024-10-10,409.37310791015625,415.8399963378906,417.3500061035156,413.1499938964844,415.2300109863281,13848400,MSFT
2024-10-11,409.845703125,416.32000732421875,417.1300048828125,413.25,416.1400146484375,14144900,MSFT
2024-10-14,412.6218566894531,419.1400146484375,424.0400085449219,417.5199890136719,417.7699890136719,16653100,MSFT
2024-10-15,412.2279968261719,418.739990234375,422.4800109863281,415.260009765625,422.17999267578125,18900200,MSFT
2024-10-16,409.6488037109375,416.1199951171875,416.3599853515625,410.4800109863281,415.1700134277344,15508900,MSFT
2024-10-17,410.2394714355469,416.7200012207031,422.5,415.5899963378906,422.3599853515625,14820000,MSFT
2024-10-18,411.65704345703125,418.1600036621094,419.6499938964844,416.260009765625,417.1400146484375,17145300,MSFT
2024-10-21,412.2674255371094,418.7799987792969,418.9599914550781,413.75,416.1199951171875,14206100,MSFT
2024-10-22,420.8616027832031,427.510009765625,430.5799865722656,418.0400085449219,418.489990234375,25482200,MSFT
2024-10-23,417.99688720703125,424.6000061035156,431.0799865722656,422.5299987792969,430.8599853515625,19654400,MSFT
2024-10-24,418.1248779296875,424.7300109863281,425.9800109863281,422.3999938964844,425.3299865722656,13581600,MSFT
2024-10-25,421.4917297363281,428.1499938964844,432.5199890136719,426.57000732421875,426.760009765625,16899100,MSFT
2024-10-28,419.95599365234375,426.5899963378906,431.94000244140625,426.29998779296875,431.6600036621094,14882400,MSFT
2024-10-29,425.2326354980469,431.95001220703125,433.1700134277344,425.79998779296875,428.0,17644100,MSFT
2024-10-30,425.8035583496094,432.5299987792969,438.5,432.1000061035156,437.44000244140625,29749100,MSFT
2024-10-31,400.0307312011719,406.3500061035156,416.1600036621094,406.29998779296875,415.3599853515625,53971000,MSFT
2024-11-01,403.9881896972656,410.3699951171875,415.5,407.5,409.010009765625,24230400,MSFT
2024-11-04,402.1078796386719,408.4599914550781,410.4200134277344,405.57000732421875,409.79998779296875,19672300,MSFT
2024-11-05,405.061279296875,411.4599914550781,414.8999938964844,408.0799865722656,408.3699951171875,17626000,MSFT
2024-11-06,413.6456604003906,420.17999267578125,420.45001220703125,410.5199890136719,412.4200134277344,26681800,MSFT
2024-11-07,418.81396484375,425.42999267578125,426.8500061035156,419.8800048828125,421.2799987792969,19901800,MSFT
2024-11-08,415.9689025878906,422.5400085449219,426.5,421.7799987792969,425.32000732421875,16891400,MSFT
2024-11-11,411.5094299316406,418.010009765625,424.80999755859375,416.0,422.5199890136719,24503300,MSFT
2024-11-12,416.4513244628906,423.0299987792969,424.44000244140625,417.20001220703125,418.25,19401200,MSFT
2024-11-13,418.5875549316406,425.20001220703125,429.3299865722656,418.2099914550781,421.6400146484375,21502200,MSFT
2024-11-14,420.2513122558594,426.8900146484375,428.1700134277344,420.0,425.0,30246900,MSFT
2024-11-15,408.54620361328125,415.0,422.79998779296875,413.6400146484375,419.82000732421875,28247600,MSFT
2024-11-18,409.29437255859375,415.760009765625,418.3999938964844,412.1000061035156,414.8699951171875,24727000,MSFT
2024-11-19,411.2928161621094,417.7900085449219,417.94000244140625,411.54998779296875,413.1099853515625,18133500,MSFT
2024-11-20,409.028564453125,415.489990234375,417.2900085449219,410.5799865722656,416.8699951171875,19191700,MSFT
2024-11-21,407.26287841796875,412.8699951171875,419.7799987792969,410.2900085449219,419.5,20780200,MSFT
2024-11-22,411.3367614746094,417.0,417.3999938964844,411.05999755859375,411.3699951171875,24814600,MSFT
2024-11-25,413.1025085449219,418.7900085449219,421.0799865722656,414.8500061035156,418.3800048828125,27691100,MSFT
2024-11-26,422.1775207519531,427.989990234375,429.0400085449219,418.8500061035156,419.5899963378906,23458900,MSFT
2024-11-27,417.2454833984375,422.989990234375,427.2300109863281,422.0199890136719,425.1099853515625,18332400,MSFT
2024-11-29,417.7090759277344,423.4599914550781,424.8800048828125,417.79998779296875,420.0899963378906,16271900,MSFT
2024-12-02,425.1269836425781,430.9800109863281,433.0,421.30999755859375,421.57000732421875,20207200,MSFT
2024-12-03,425.343994140625,431.20001220703125,432.4700012207031,427.739990234375,429.8399963378906,18302000,MSFT
2024-12-04,431.4794921875,437.4200134277344,439.6700134277344,432.6300048828125,433.0299987792969,26009400,MSFT
2024-12-05,436.60888671875,442.6199951171875,444.6600036621094,436.1700134277344,437.9200134277344,21697800,MSFT
2024-12-06,437.54595947265625,443.57000732421875,446.1000061035156,441.7699890136719,442.29998779296875,18821000,MSFT
2024-12-09,439.962646484375,446.0199890136719,448.3299865722656,440.5,442.6000061035156,19144400,MSFT
2024-12-10,437.3092041015625,443.3299865722656,449.6199951171875,441.6000061035156,444.3900146484375,18469500,MSFT
2024-12-11,442.8923645019531,448.989990234375,450.3500061035156,444.04998779296875,444.04998779296875,19200200,MSFT
2024-12-12,443.45458984375,449.55999755859375,456.1600036621094,449.1099853515625,449.1099853515625,20834800,MSFT
2024-12-13,441.1956787109375,447.2699890136719,451.42999267578125,445.5799865722656,448.44000244140625,20177800,MSFT
2024-12-16,445.45703125,451.5899963378906,452.17999267578125,445.2799987792969,447.2699890136719,23598800,MSFT
2024-12-17,448.2880859375,454.4599914550781,455.2900085449219,449.57000732421875,451.010009765625,22733500,MSFT
2024-12-18,431.44989013671875,437.3900146484375,452.6499938964844,437.0199890136719,451.32000732421875,24444500,MSFT
2024-12-19,431.09478759765625,437.0299987792969,443.17999267578125,436.32000732421875,441.6199951171875,22963700,MSFT
2024-12-20,430.670654296875,436.6000061035156,443.739990234375,428.6300048828125,433.1099853515625,64263700,MSFT
2024-12-23,429.3390197753906,435.25,437.6499938964844,432.8299865722656,436.739990234375,19152500,MSFT
2024-12-24,433.3635559082031,439.3299865722656,439.6000061035156,434.19000244140625,434.6499938964844,7164500,MSFT
2024-12-26,432.1601257324219,438.1099853515625,440.94000244140625,436.6300048828125,439.0799865722656,8194200,MSFT
2024-12-27,424.6830749511719,430.5299987792969,435.2200012207031,426.3500061035156,434.6000061035156,18117700,MSFT
2024-12-30,419.06048583984375,424.8299865722656,427.54998779296875,421.8999938964844,426.05999755859375,13158700,MSFT
2024-12-31,415.7756652832031,421.5,426.7300109863281,420.6600036621094,426.1000061035156,13246500,MSFT
2025-01-02,412.8953552246094,418.5799865722656,426.07000732421875,414.8500061035156,425.5299987792969,16896500,MSFT
2025-01-03,417.6005859375,423.3500061035156,424.0299987792969,419.5400085449219,421.0799865722656,16662900,MSFT
2025-01-06,422.03948974609375,427.8500061035156,434.32000732421875,425.4800109863281,428.0,20573600,MSFT
2025-01-07,416.63385009765625,422.3699951171875,430.6499938964844,420.79998779296875,429.0,18139100,MSFT
2025-01-08,418.7940979003906,424.55999755859375,426.9700012207031,421.5400085449219,423.4599914550781,15054600,MSFT
2025-01-10,413.26031494140625,418.95001220703125,424.7099914550781,415.0199890136719,424.6300048828125,20201100,MSFT
2025-01-13,411.52423095703125,417.19000244140625,418.5,412.2900085449219,415.239990234375,17604800,MSFT
2025-01-14,410.02484130859375,415.6700134277344,419.739990234375,410.7200012207031,417.80999755859375,16935900,MSFT
2025-01-15,420.5204162597656,426.30999755859375,428.1499938964844,418.2699890136719,419.1300048828125,19637800,MSFT
2025-01-16,418.8138122558594,424.5799865722656,429.489990234375,424.3900146484375,428.70001220703125,15300000,MSFT
2025-01-17,423.20343017578125,429.0299987792969,434.4800109863281,428.1700134277344,434.0899963378906,26197500,MSFT
2025-01-21,422.68060302734375,428.5,430.8999938964844,425.6000061035156,430.20001220703125,26085700,MSFT
2025-01-22,440.1402587890625,446.20001220703125,447.2699890136719,436.0,437.55999755859375,27803800,MSFT
2025-01-23,440.6432800292969,446.7099914550781,446.75,441.5,442.0,18389300,MSFT
2025-01-24,438.02935791015625,444.05999755859375,446.6499938964844,441.3999938964844,445.1600036621094,15549500,MSFT
2025-01-27,428.6583557128906,434.55999755859375,435.20001220703125,423.5,424.010009765625,35647800,MSFT
2025-01-28,441.126708984375,447.20001220703125,448.3800048828125,431.3800048828125,434.6000061035156,23491700,MSFT
2025-01-29,436.32275390625,442.3299865722656,446.8800048828125,440.3999938964844,446.69000244140625,23581400,MSFT
2025-01-30,409.3541259765625,414.989990234375,422.8599853515625,413.1600036621094,418.7699890136719,54586300,MSFT
2025-01-31,409.42315673828125,415.05999755859375,420.69000244140625,414.9100036621094,418.9800109863281,34161900,MSFT
2025-02-03,405.33941650390625,410.9200134277344,415.4100036621094,408.6600036621094,411.6000061035156,25679100,MSFT
2025-02-04,406.7696533203125,412.3699951171875,413.9200134277344,409.739990234375,412.69000244140625,20532100,MSFT
2025-02-05,407.6771545410156,413.2900085449219,413.8299865722656,410.3999938964844,412.3500061035156,16316700,MSFT
2025-02-06,410.1728210449219,415.82000732421875,418.20001220703125,414.0,414.0,16309800,MSFT
2025-02-07,404.18524169921875,409.75,418.6499938964844,408.1000061035156,416.4800109863281,22886800,MSFT
2025-02-10,406.6217041015625,412.2200012207031,415.4599914550781,410.9200134277344,413.7099914550781,20817900,MSFT
2025-02-11,405.8523254394531,411.44000244140625,412.489990234375,409.29998779296875,409.6400146484375,18140600,MSFT
2025-02-12,403.4848937988281,409.0400085449219,410.75,404.3699951171875,407.2099914550781,19121700,MSFT
2025-02-13,404.96453857421875,410.5400085449219,411.0,406.3599853515625,407.0,23891700,MSFT
2025-02-14,402.8832092285156,408.42999267578125,408.9100036621094,405.8800048828125,407.7900085449219,22758500,MSFT
2025-02-18,404.0767517089844,409.6400146484375,410.6000061035156,406.5,408.0,21423100,MSFT
2025-02-19,409.1370544433594,414.7699890136719,415.489990234375,407.6499938964844,407.8800048828125,24114200,MSFT
2025-02-20,411.3016662597656,416.1300048828125,419.30999755859375,412.5400085449219,415.2900085449219,23508700,MSFT
2025-02-21,403.47357177734375,408.2099914550781,418.04998779296875,407.8900146484375,417.3399963378906,27524800,MSFT
2025-02-24,399.31243896484375,404.0,409.3699951171875,399.32000732421875,408.510009765625,26443700,MSFT
2025-02-25,393.283203125,397.8999938964844,401.9200134277344,396.70001220703125,401.1000061035156,29387400,MSFT
2025-02-26,395.0919494628906,399.7300109863281,403.6000061035156,394.25,398.010009765625,19619000,MSFT
2025-02-27,387.97552490234375,392.5299987792969,405.739990234375,392.1700134277344,401.2699890136719,21127400,MSFT
2025-02-28,392.38372802734375,396.989990234375,397.6300048828125,386.57000732421875,392.6600036621094,32845700,MSFT
2025-03-03,383.9823913574219,388.489990234375,398.82000732421875,386.1600036621094,398.82000732421875,23007700,MSFT
2025-03-04,384.1009826660156,388.6099853515625,392.5799865722656,381.0,383.3999938964844,29342900,MSFT
2025-03-05,396.3669738769531,401.0199890136719,401.6700134277344,388.80999755859375,389.3399963378906,23433100,MSFT
2025-03-06,392.284912109375,396.8900146484375,402.1499938964844,392.67999267578125,394.2799987792969,23304600,MSFT
2025-03-07,388.7464599609375,393.30999755859375,394.79998779296875,385.5400085449219,392.32000732421875,22034100,MSFT
2025-03-10,375.7490234375,380.1600036621094,386.3999938964844,377.2200012207031,385.8399963378906,32840100,MSFT
2025-03-11,376.0356750488281,380.45001220703125,386.0,376.9100036621094,379.0,30380200,MSFT
2025-03-12,378.8229675292969,383.2699890136719,385.2200012207031,378.95001220703125,382.95001220703125,24253600,MSFT
2025-03-13,374.37518310546875,378.7699890136719,385.32000732421875,377.45001220703125,383.1600036621094,20473000,MSFT
2025-03-14,384.0515441894531,388.55999755859375,390.2300109863281,379.510009765625,379.7799987792969,19952800,MSFT
2025-03-17,384.1899719238281,388.70001220703125,392.7099914550781,385.57000732421875,386.70001220703125,22474300,MSFT
2025-03-18,379.070068359375,383.5199890136719,387.3699951171875,381.1000061035156,387.07000732421875,19486900,MSFT
2025-03-19,383.3201599121094,387.82000732421875,389.67999267578125,384.0,385.5299987792969,19185500,MSFT
2025-03-20,382.35150146484375,386.8399963378906,391.7900085449219,383.2799987792969,385.739990234375,18470500,MSFT
2025-03-21,386.7202453613281,391.260009765625,391.739990234375,382.79998779296875,383.2200012207031,39675900,MSFT
2025-03-24,388.5191345214844,393.0799865722656,395.3999938964844,389.80999755859375,395.3999938964844,21004500,MSFT
2025-03-25,390.57501220703125,395.1600036621094,396.3599853515625,392.6400146484375,393.9200134277344,15775000,MSFT
2025-03-26,385.4452209472656,389.9700012207031,395.30999755859375,388.57000732421875,395.0,16108400,MSFT
2025-03-27,386.0481262207031,390.5799865722656,392.239990234375,387.3999938964844,390.1300048828125,13766800,MSFT
2025-03-28,374.40478515625,378.79998779296875,389.1300048828125,376.92999267578125,388.0799865722656,21632000,MSFT
2025-03-31,371.03436279296875,375.3900146484375,377.07000732421875,367.239990234375,372.5400085449219,35184700,MSFT
2025-04-01,377.7555236816406,382.19000244140625,382.8500061035156,373.2300109863281,374.6499938964844,19689500,MSFT
2025-04-02,377.7060852050781,382.1400146484375,385.0799865722656,376.6199951171875,377.9700012207031,16092600,MSFT
2025-04-03,368.78082275390625,373.1099853515625,377.4800109863281,369.3500061035156,374.7900085449219,30198000,MSFT
2025-04-04,355.6648254394531,359.8399963378906,374.5899963378906,359.4800109863281,364.1300048828125,49209900,MSFT
2025-04-07,353.707763671875,357.8599853515625,371.0,344.7900085449219,350.8800048828125,50425000,MSFT
2025-04-08,350.4460754394531,354.55999755859375,373.6499938964844,350.25,368.260009765625,35868900,MSFT
2025-04-09,385.95916748046875,390.489990234375,393.2300109863281,353.1000061035156,353.5400085449219,50199700,MSFT
2025-04-10,376.9252624511719,381.3500061035156,383.8999938964844,367.79998779296875,382.05999755859375,38024400,MSFT
2025-04-11,383.9429016113281,388.45001220703125,390.04998779296875,378.8900146484375,380.6400146484375,23839200,MSFT
2025-04-14,383.3102722167969,387.80999755859375,394.6499938964844,384.2099914550781,393.2200012207031,19251200,MSFT
2025-04-15,381.2544250488281,385.7300109863281,391.8900146484375,384.1600036621094,388.510009765625,17199900,MSFT
2025-04-16,367.2982177734375,371.6099853515625,381.6099853515625,368.0,380.6700134277344,21967800,MSFT
2025-04-17,363.5126647949219,367.7799987792969,374.32000732421875,366.8900146484375,373.75,21120200,MSFT
2025-04-21,354.9531555175781,359.1199951171875,364.4800109863281,355.6700134277344,362.82000732421875,20807300,MSFT
2025-04-22,362.5638427734375,366.82000732421875,367.7699890136719,359.8599853515625,363.3800048828125,19485000,MSFT
2025-04-23,370.0460205078125,374.3900146484375,380.3900146484375,373.0199890136719,376.05999755859375,20545500,MSFT
2025-04-24,382.8061828613281,387.29998779296875,388.45001220703125,375.19000244140625,375.70001220703125,22232300,MSFT
2025-04-25,387.30340576171875,391.8500061035156,392.1600036621094,384.6000061035156,387.0,18973200,MSFT
2025-04-28,386.6214294433594,391.1600036621094,392.739990234375,386.6400146484375,391.9599914550781,16579400,MSFT
2025-04-29,389.4679870605469,394.0400085449219,395.1000061035156,390.3800048828125,391.29998779296875,14974000,MSFT
2025-04-30,390.6738586425781,395.260009765625,396.6600036621094,384.44000244140625,390.29998779296875,36461100,MSFT
2025-05-01,420.464111328125,425.3999938964844,436.989990234375,424.8999938964844,431.1099853515625,58938100,MSFT
2025-05-02,430.2294921875,435.2799987792969,439.44000244140625,429.989990234375,431.739990234375,30757400,MSFT
2025-05-05,431.10919189453125,436.1700134277344,439.5,432.1099853515625,432.8699951171875,20136100,MSFT
2025-05-06,428.2823486328125,433.30999755859375,437.7300109863281,431.1700134277344,432.20001220703125,15104200,MSFT
2025-05-07,428.3218688964844,433.3500061035156,438.1199951171875,431.1099853515625,433.8399963378906,23295300,MSFT
2025-05-08,433.0859680175781,438.1700134277344,443.6700134277344,435.6600036621094,437.92999267578125,23491300,MSFT
2025-05-09,433.6394348144531,438.7300109863281,440.739990234375,435.8800048828125,440.0,15324200,MSFT
2025-05-12,444.0472717285156,449.260009765625,449.3699951171875,439.7799987792969,445.94000244140625,22821900,MSFT
2025-05-13,443.9287109375,449.1400146484375,450.6700134277344,445.3599853515625,447.7799987792969,23618800,MSFT
2025-05-14,447.6845703125,452.94000244140625,453.8999938964844,448.1400146484375,448.1400146484375,19902800,MSFT
2025-05-15,448.6946105957031,453.1300048828125,456.19000244140625,450.42999267578125,450.7699890136719,21992300,MSFT
2025-05-16,449.82342529296875,454.2699890136719,454.3599853515625,448.7300109863281,452.04998779296875,23849800,MSFT
2025-05-19,454.3783874511719,458.8699951171875,459.5899963378906,450.79998779296875,450.8800048828125,21336500,MSFT
2025-05-20,453.685302734375,458.1700134277344,458.3399963378906,454.32000732421875,455.5899963378906,15441800,MSFT
2025-05-21,448.1401062011719,452.57000732421875,457.7799987792969,451.80999755859375,454.57000732421875,19216900,MSFT
2025-05-22,450.40765380859375,454.8599853515625,460.25,453.8999938964844,454.95001220703125,18025600,MSFT
2025-05-23,445.7734680175781,450.17999267578125,453.69000244140625,448.9100036621094,449.9800109863281,16883500,MSFT
2025-05-27,456.18060302734375,460.69000244140625,460.95001220703125,456.1199951171875,456.4800109863281,20974300,MSFT
2025-05-28,452.8831787109375,457.3599853515625,462.5199890136719,456.92999267578125,461.2200012207031,17086300,MSFT
2025-05-29,454.1903076171875,458.67999267578125,461.7200012207031,455.30999755859375,461.54998779296875,13974800,MSFT
2025-05-30,455.8537902832031,460.3599853515625,461.67999267578125,455.5400085449219,459.7200012207031,34770500,MSFT
2025-06-02,457.44805908203125,461.9700012207031,462.1099853515625,456.8900146484375,457.1400146484375,16626500,MSFT
2025-06-03,458.4383239746094,462.9700012207031,464.1400146484375,460.8599853515625,461.4700012207031,15743800,MSFT
2025-06-04,459.3294982910156,463.8699951171875,465.69000244140625,463.0199890136719,464.0,14162700,MSFT
2025-06-05,463.1021728515625,467.67999267578125,469.6499938964844,464.0299987792969,464.9599914550781,20131700,MSFT
2025-06-06,465.7757568359375,470.3800048828125,473.3399963378906,468.7799987792969,470.0899963378906,15285600,MSFT
2025-06-09,468.12255859375,472.75,473.42999267578125,468.6199951171875,469.70001220703125,16469900,MSFT
2025-06-10,466.3104553222656,470.9200134277344,472.79998779296875,466.9599914550781,471.19000244140625,15375900,MSFT
2025-06-11,467.99383544921875,472.6199951171875,475.4700012207031,469.6600036621094,470.0199890136719,16399200,MSFT
2025-06-12,474.1826171875,478.8699951171875,480.4200134277344,473.5199890136719,475.0199890136719,18950600,MSFT
2025-06-13,470.3109130859375,474.9599914550781,479.17999267578125,472.760009765625,476.4100036621094,16814500,MSFT
2025-06-16,474.45001220703125,479.1400146484375,480.69000244140625,475.0,475.2099914550781,15626100,MSFT
2025-06-17,473.36077880859375,478.0400085449219,478.739990234375,474.0799865722656,475.3999938964844,15414100,MSFT
2025-06-18,475.53924560546875,480.239990234375,481.0,474.4599914550781,478.0,17526500,MSFT
2025-06-20,472.72705078125,477.3999938964844,483.4599914550781,476.8699951171875,482.2300109863281,37576200,MSFT
2025-06-23,481.2428283691406,486.0,487.75,472.510009765625,478.2099914550781,24864000,MSFT
2025-06-24,485.3125915527344,490.1099853515625,491.8500061035156,486.79998779296875,488.95001220703125,22305600,MSFT
2025-06-25,487.45147705078125,492.2699890136719,494.55999755859375,489.3900146484375,492.0400085449219,17495100,MSFT
2025-06-26,492.580810546875,497.45001220703125,498.0400085449219,492.80999755859375,492.9800109863281,21578900,MSFT
2025-06-27,491.0855407714844,495.94000244140625,499.29998779296875,493.0299987792969,497.54998779296875,34539200,MSFT
2025-06-30,492.5411682128906,497.4100036621094,500.760009765625,495.3299865722656,497.0400085449219,28369000,MSFT
2025-07-01,487.2336120605469,492.04998779296875,498.04998779296875,490.9800109863281,496.4700012207031,19945400,MSFT
2025-07-02,486.28302001953125,491.0899963378906,493.5,488.70001220703125,489.989990234375,16319600,MSFT
2025-07-03,493.9571838378906,498.8399963378906,500.1300048828125,493.44000244140625,493.80999755859375,13984800,MSFT
2025-07-07,492.8481750488281,497.7200012207031,498.75,495.2300109863281,497.3800048828125,13981600,MSFT
2025-07-08,491.7589111328125,496.6199951171875,498.20001220703125,494.1099853515625,497.239990234375,11846600,MSFT
2025-07-09,498.58148193359375,503.510009765625,506.7799987792969,499.739990234375,500.29998779296875,18659500,MSFT
2025-07-10,496.5713195800781,501.4800109863281,504.44000244140625,497.75,503.04998779296875,16492100,MSFT
2025-07-11,498.39337158203125,503.32000732421875,505.0299987792969,497.79998779296875,498.4700012207031,16459500,MSFT
2025-07-14,498.09625244140625,503.0199890136719,503.9700012207031,501.0299987792969,501.5199890136719,12058800,MSFT
2025-07-15,500.8688659667969,505.82000732421875,508.29998779296875,502.7900085449219,503.0199890136719,14927200,MSFT
2025-07-16,500.67083740234375,505.6199951171875,506.7200012207031,501.8900146484375,505.17999267578125,15154400,MSFT
2025-07-17,506.6913146972656,511.70001220703125,513.3699951171875,505.6199951171875,505.67999267578125,17503100,MSFT
2025-07-18,505.05743408203125,510.04998779296875,514.6400146484375,507.42999267578125,514.47998046875,21209700,MSFT
2025-07-21,505.0673522949219,510.05999755859375,512.0900268554688,505.54998779296875,506.7099914550781,14066800,MSFT
2025-07-22,500.3241882324219,505.2699890136719,511.20001220703125,505.2699890136719,510.9700012207031,13868600,MSFT
2025-07-23,500.9183349609375,505.8699951171875,506.7900085449219,500.70001220703125,506.75,16396600,MSFT
2025-07-24,505.87933349609375,510.8800048828125,513.6699829101562,507.29998779296875,508.7699890136719,16107000,MSFT
2025-07-25,508.6816101074219,513.7100219726562,518.2899780273438,510.3599853515625,512.469970703125,19125700,MSFT
2025-07-28,507.48345947265625,512.5,515.0,510.1199951171875,514.0800170898438,14308000,MSFT
2025-07-29,507.5527648925781,512.5700073242188,517.6199951171875,511.55999755859375,515.530029296875,16469200,MSFT
2025-07-30,508.21624755859375,513.239990234375,515.9500122070312,509.44000244140625,515.1699829101562,26380400,MSFT
2025-07-31,528.2778930664062,533.5,555.4500122070312,531.9000244140625,555.22998046875,51617300,MSFT
2025-08-01,518.9797973632812,524.1099853515625,535.7999877929688,520.8599853515625,535.0,28977600,MSFT
2025-08-04,530.39697265625,535.6400146484375,538.25,528.1300048828125,528.27001953125,25349000,MSFT
2025-08-05,522.584228515625,527.75,537.2999877929688,527.239990234375,537.1799926757812,19171600,MSFT
2025-08-06,519.8017578125,524.9400024414062,531.7000122070312,524.030029296875,530.9000244140625,21355700,MSFT
2025-08-07,515.7418823242188,520.8400268554688,528.0900268554688,517.5499877929688,526.7999877929688,16079100,MSFT
2025-08-08,516.9300537109375,522.0399780273438,524.6599731445312,519.4099731445312,522.5999755859375,15531000,MSFT
2025-08-11,516.6627197265625,521.77001953125,527.5900268554688,519.719970703125,522.2999877929688,20194400,MSFT
2025-08-12,524.0595703125,529.239990234375,530.97998046875,522.7000122070312,523.75,18667000,MSFT
2025-08-13,515.4844360351562,520.5800170898438,532.7000122070312,519.3699951171875,532.1099853515625,19619200,MSFT
2025-08-14,517.3657836914062,522.47998046875,525.9500122070312,520.1400146484375,522.5599975585938,20269100,MSFT
2025-08-15,515.078369140625,520.1699829101562,526.0999755859375,519.0800170898438,522.77001953125,25213300,MSFT
2025-08-18,512.0384521484375,517.0999755859375,522.8200073242188,514.02001953125,521.5900268554688,23760600,MSFT
2025-08-19,504.7801513671875,509.7699890136719,515.1599731445312,508.54998779296875,515.0,21481000,MSFT
2025-08-20,500.76983642578125,505.7200012207031,511.0,504.44000244140625,509.8699951171875,27723000,MSFT
2025-08-21,500.1250915527344,504.239990234375,507.6300048828125,502.7200012207031,503.69000244140625,18443300,MSFT
2025-08-22,503.09075927734375,507.2300109863281,510.7300109863281,502.4100036621094,504.25,24324200,MSFT
2025-08-25,500.1449890136719,504.260009765625,508.19000244140625,504.1199951171875,506.6300048828125,21638600,MSFT
2025-08-26,497.943115234375,502.0400085449219,504.9800109863281,498.510009765625,504.3599853515625,30835700,MSFT
2025-08-27,502.604736328125,506.739990234375,507.2900085449219,499.8999938964844,502.0,17277900,MSFT
2025-08-28,505.4811096191406,509.6400146484375,511.0899963378906,505.5,507.0899963378906,18015600,MSFT
2025-08-29,502.5551452636719,506.69000244140625,509.6000061035156,504.489990234375,508.6600036621094,20961600,MSFT
2025-09-02,500.9979248046875,505.1199951171875,506.0,496.80999755859375,500.4700012207031,18128000,MSFT
2025-09-03,501.22607421875,505.3500061035156,507.7900085449219,502.32000732421875,503.7900085449219,16345100,MSFT
2025-09-04,503.82470703125,507.9700012207031,508.1499938964844,503.1499938964844,504.29998779296875,15509500,MSFT
2025-09-05,490.9605407714844,495.0,511.9700012207031,492.3699951171875,509.07000732421875,31994800,MSFT
2025-09-08,494.1344299316406,498.20001220703125,501.20001220703125,495.0299987792969,498.1099853515625,16771000,MSFT
2025-09-09,494.34271240234375,498.4100036621094,502.25,497.70001220703125,501.42999267578125,14410500,MSFT
2025-09-10,496.2867126464844,500.3699951171875,503.2300109863281,496.7200012207031,502.9800109863281,21611800,MSFT
2025-09-11,496.9215087890625,501.010009765625,503.1700134277344,497.8800048828125,502.25,18881600,MSFT
2025-09-12,505.73895263671875,509.8999938964844,512.5499877929688,503.8500061035156,506.6499938964844,23624900,MSFT
2025-09-15,511.1543884277344,515.3599853515625,515.469970703125,507.0,508.7900085449219,17143800,MSFT
2025-09-16,504.8859558105469,509.0400085449219,517.22998046875,508.6000061035156,516.8800048828125,19711900,MSFT
2025-09-17,505.85797119140625,510.0199890136719,511.2900085449219,505.92999267578125,510.6199951171875,15816600,MSFT
2025-09-18,504.3008117675781,508.45001220703125,513.0700073242188,507.6600036621094,511.489990234375,18913700,MSFT
2025-09-19,513.7034301757812,517.9299926757812,519.2999877929688,510.30999755859375,510.55999755859375,52474100,MSFT
2025-09-22,510.2518310546875,514.4500122070312,517.739990234375,512.5399780273438,515.5900268554688,20009300,MSFT
2025-09-23,505.074462890625,509.2300109863281,514.5900268554688,507.30999755859375,513.7999877929688,19799600,MSFT
2025-09-24,505.9869079589844,510.1499938964844,512.47998046875,506.9200134277344,510.3800048828125,13533700,MSFT
2025-09-25,502.8923645019531,507.0299987792969,510.010009765625,505.0400085449219,508.29998779296875,15786500,MSFT
2025-09-26,507.2861633300781,511.4599914550781,513.9400024414062,506.6199951171875,510.05999755859375,16213100,MSFT
2025-09-29,510.4005432128906,514.5999755859375,516.8499755859375,508.8800048828125,511.5,17617800,MSFT
2025-09-30,513.7232666015625,517.9500122070312,518.1599731445312,509.6600036621094,513.239990234375,19728200,MSFT
2025-10-01,515.4688720703125,519.7100219726562,520.510009765625,511.69000244140625,514.7999877929688,22632300,MSFT
2025-10-02,511.53125,515.739990234375,521.5999755859375,510.67999267578125,517.6400146484375,21222900,MSFT
2025-10-03,513.1281127929688,517.3499755859375,520.489990234375,515.0,517.0999755859375,15112300,MSFT
2025-10-06,524.256591796875,528.5700073242188,531.030029296875,518.2000122070312,518.6099853515625,21388600,MSFT
2025-10-07,519.7040405273438,523.97998046875,529.7999877929688,521.4400024414062,528.2899780273438,14615200,MSFT
2025-10-08,520.56689453125,524.8499755859375,526.9500122070312,523.0900268554688,523.280029296875,13363400,MSFT
2025-10-09,518.136962890625,522.4000244140625,524.3300170898438,517.4000244140625,522.3400268554688,18343600,MSFT
2025-10-10,506.790283203125,510.9599914550781,523.5800170898438,509.6300048828125,519.6400146484375,24133800,MSFT
2025-10-13,509.8551025390625,514.0499877929688,516.4099731445312,511.67999267578125,516.4099731445312,14284200,MSFT
2025-10-14,509.3789367675781,513.5700073242188,515.280029296875,506.0,510.2300109863281,14684300,MSFT
2025-10-15,509.2401428222656,513.4299926757812,517.1900024414062,510.0,514.9600219726562,14694700,MSFT
2025-10-16,507.4349670410156,511.6099853515625,516.8499755859375,508.1300048828125,512.5800170898438,15559600,MSFT
2025-10-17,509.3889465332031,513.5800170898438,515.47998046875,507.30999755859375,509.0400085449219,19867800,MSFT
2025-10-20,512.5726928710938,516.7899780273438,518.7000122070312,513.4299926757812,514.6099853515625,14665600,MSFT
2025-10-21,513.4356079101562,517.6599731445312,518.6900024414062,513.0399780273438,517.5,15586200,MSFT
2025-10-22,516.2920532226562,520.5399780273438,525.22998046875,517.7100219726562,521.1500244140625,18962700,MSFT
2025-10-23,516.3119506835938,520.5599975585938,523.9500122070312,518.6099853515625,522.4600219726562,14023500,MSFT
2025-10-24,519.3370361328125,523.6099853515625,525.3499755859375,520.7100219726562,522.7899780273438,15532400,MSFT
2025-10-27,527.1825561523438,531.52001953125,534.5800170898438,529.010009765625,531.780029296875,18734700,MSFT
2025-10-28,537.6463623046875,542.0700073242188,553.719970703125,540.77001953125,550.0,29986700,MSFT
2025-10-29,537.130615234375,541.5499877929688,546.27001953125,536.72998046875,544.9400024414062,36023000,MSFT
2025-10-30,521.469482421875,525.760009765625,534.969970703125,522.1199951171875,530.47998046875,41023100,MSFT
2025-10-31,513.5843505859375,517.8099975585938,529.3200073242188,515.0999755859375,528.8800048828125,34006400,MSFT
2025-11-03,512.8107299804688,517.030029296875,524.9600219726562,514.5900268554688,519.8099975585938,22374700,MSFT
2025-11-04,510.1328430175781,514.3300170898438,515.5499877929688,507.8399963378906,511.760009765625,20958700,MSFT
2025-11-05,503.02130126953125,507.1600036621094,514.8300170898438,506.5799865722656,513.2999877929688,23024300,MSFT
2025-11-06,493.04339599609375,497.1000061035156,505.70001220703125,495.80999755859375,505.6600036621094,27406500,MSFT
2025-11-07,492.76568603515625,496.82000732421875,499.3800048828125,493.25,496.95001220703125,24019800,MSFT
2025-11-10,501.8707580566406,506.0,506.8500061035156,498.79998779296875,500.0400085449219,26101500,MSFT
2025-11-11,504.5289001464844,508.67999267578125,509.6000061035156,502.3500061035156,504.79998779296875,17980000,MSFT
2025-11-12,506.9688415527344,511.1400146484375,511.6700134277344,499.1199951171875,509.3599853515625,26574900,MSFT
2025-11-13,499.182861328125,503.2900085449219,513.5,501.2900085449219,510.30999755859375,25273100,MSFT
2025-11-14,506.0166931152344,510.17999267578125,511.6000061035156,497.44000244140625,498.2300109863281,28505700,MSFT
2025-11-17,503.3486022949219,507.489990234375,512.1199951171875,504.9100036621094,508.45001220703125,19092800,MSFT
2025-11-18,489.76043701171875,493.7900085449219,502.9800109863281,486.7799987792969,495.3699951171875,33815100,MSFT
2025-11-19,483.1448669433594,487.1199951171875,495.19000244140625,482.8299865722656,490.1000061035156,23245300,MSFT
2025-11-20,475.4139099121094,478.42999267578125,493.57000732421875,475.5,492.7099914550781,26802500,MSFT
2025-11-21,469.1436462402344,472.1199951171875,478.9200134277344,468.2699890136719,478.5,31769200,MSFT
2025-11-24,471.0118408203125,474.0,476.8999938964844,468.0199890136719,475.0,34421000,MSFT
2025-11-25,473.9829406738281,476.989990234375,479.1499938964844,464.8900146484375,474.07000732421875,28019800,MSFT
2025-11-26,482.4393005371094,485.5,488.30999755859375,481.20001220703125,486.30999755859375,25709100,MSFT
2025-11-28,488.9082946777344,492.010009765625,492.6300048828125,486.6499938964844,487.6000061035156,14386700,MSFT
2025-12-01,483.6714782714844,486.739990234375,489.8599853515625,484.6499938964844,488.44000244140625,23964000,MSFT
2025-12-02,486.91094970703125,490.0,493.5,486.32000732421875,486.7200012207031,19562700,MSFT
2025-12-03,474.7182922363281,477.7300109863281,484.239990234375,475.20001220703125,476.32000732421875,34615100,MSFT
2025-12-04,477.8086853027344,480.8399963378906,481.32000732421875,476.489990234375,479.760009765625,22318200,MSFT
2025-12-05,480.11407470703125,483.1600036621094,483.3999938964844,478.8800048828125,482.5199890136719,22608700,MSFT
2025-12-08,487.9245300292969,491.0199890136719,492.29998779296875,484.3800048828125,484.8900146484375,21965900,MSFT
2025-12-09,488.9181823730469,492.0199890136719,492.1199951171875,488.5,489.1000061035156,14696100,MSFT
2025-12-10,475.5430603027344,478.55999755859375,484.25,475.0799865722656,484.0299987792969,35756200,MSFT
2025-12-11,480.422119140625,483.4700012207031,486.0299987792969,475.8599853515625,476.6300048828125,24669200,MSFT
2025-12-12,475.51324462890625,478.5299987792969,482.45001220703125,476.3399963378906,479.82000732421875,21248100,MSFT
2025-12-15,471.82666015625,474.82000732421875,480.7200012207031,472.5199890136719,480.1000061035156,23727700,MSFT
2025-12-16,473.38677978515625,476.3900146484375,477.8900146484375,470.8800048828125,471.9100036621094,20705600,MSFT
2025-12-17,473.1184387207031,476.1199951171875,480.0,475.0,476.9100036621094,24527200,MSFT
2025-12-18,480.92889404296875,483.9800109863281,489.6000061035156,477.8900146484375,478.19000244140625,28573500,MSFT
2025-12-19,482.8566589355469,485.9200134277344,487.8500061035156,482.489990234375,487.3599853515625,70836100,MSFT
2025-12-22,481.8630065917969,484.9200134277344,488.7300109863281,482.69000244140625,486.1199951171875,16963000,MSFT
2025-12-23,483.78082275390625,486.8500061035156,487.8299865722656,484.739990234375,484.9800109863281,14683600,MSFT
2025-12-24,484.94342041015625,488.0199890136719,489.1600036621094,484.8299865722656,485.67999267578125,5855900,MSFT
2025-12-26,484.6354064941406,487.7099914550781,488.1199951171875,485.9599914550781,486.7099914550781,8842200,MSFT
2025-12-29,484.02923583984375,487.1000061035156,488.3500061035156,484.17999267578125,484.8599853515625,10893400,MSFT
2025-12-30,484.4068603515625,487.4800109863281,489.67999267578125,485.5,485.92999267578125,13944500,MSFT
2025-12-31,480.5711669921875,483.6199951171875,488.1400146484375,483.29998779296875,487.8399963378906,15601600,MSFT
