Date,Adj Close,Close,High,Low,Open,Volume,Ticker
2019-01-02,3.3730525970458984,3.4054999351501465,3.4619998931884766,3.2512500286102295,3.2660000324249268,508752000,NVDA
2019-01-03,3.169261932373047,3.1997499465942383,3.378999948501587,3.1922500133514404,3.344749927520752,705552000,NVDA
2019-01-04,3.3723092079162598,3.404750108718872,3.4432499408721924,3.242500066757202,3.2734999656677246,585620000,NVDA
2019-01-07,3.55084228515625,3.5850000381469727,3.6222500801086426,3.410749912261963,3.4625000953674316,709160000,NVDA
2019-01-08,3.462441921234131,3.4957499504089355,3.6695001125335693,3.422499895095825,3.667249917984009,786016000,NVDA
2019-01-09,3.5305373668670654,3.564500093460083,3.6122500896453857,3.496500015258789,3.547499895095825,617260000,NVDA
2019-01-10,3.596156597137451,3.6307499408721924,3.6394999027252197,3.4839999675750732,3.5450000762939453,523156000,NVDA
2019-01-11,3.6852986812591553,3.720750093460083,3.7437500953674316,3.5802500247955322,3.6082499027252197,874764000,NVDA
2019-01-14,3.7251646518707275,3.760999917984009,3.7864999771118164,3.64424991607666,3.6679999828338623,730168000,NVDA
2019-01-15,3.711050510406494,3.7467501163482666,3.833750009536743,3.728250026702881,3.7939999103546143,617012000,NVDA
2019-01-16,3.6855461597442627,3.7209999561309814,3.807499885559082,3.7155001163482666,3.774250030517578,470104000,NVDA
2019-01-17,3.75685977935791,3.7929999828338623,3.833250045776367,3.660249948501587,3.6877501010894775,493436000,NVDA
2019-01-18,3.885868787765503,3.9232499599456787,3.94950008392334,3.791249990463257,3.843250036239624,651336000,NVDA
2019-01-22,3.6838128566741943,3.719249963760376,3.9045000076293945,3.6887500286102295,3.8927500247955322,661552000,NVDA
2019-01-23,3.6966891288757324,3.7322499752044678,3.864500045776367,3.7007501125335693,3.7750000953674316,591020000,NVDA
2019-01-24,3.90840220451355,3.946000099182129,3.963749885559082,3.8127501010894775,3.817500114440918,708972000,NVDA
2019-01-25,3.965602159500122,4.003749847412109,4.021999835968018,3.7825000286102295,3.885999917984009,1154572000,NVDA
2019-01-28,3.4173760414123535,3.4502499103546143,3.5409998893737793,3.2750000953674316,3.413749933242798,2511528000,NVDA
2019-01-29,3.258652448654175,3.2899999618530273,3.452500104904175,3.27524995803833,3.403749942779541,1153932000,NVDA
2019-01-30,3.4020235538482666,3.4347500801086426,3.4492499828338623,3.2864999771118164,3.3667500019073486,974228000,NVDA
2019-01-31,3.5595083236694336,3.59375,3.6297500133514404,3.4094998836517334,3.43149995803833,842852000,NVDA
2019-02-01,3.5837748050689697,3.6182498931884766,3.6697499752044678,3.564500093460083,3.612499952316284,625048000,NVDA
2019-02-04,3.693965435028076,3.7295000553131104,3.7669999599456787,3.611999988555908,3.6342499256134033,528592000,NVDA
2019-02-05,3.7130324840545654,3.7487499713897705,3.785749912261963,3.7074999809265137,3.741499900817871,542424000,NVDA
2019-02-06,3.78855562210083,3.825000047683716,3.890000104904175,3.776750087738037,3.782249927520752,702464000,NVDA
2019-02-07,3.650383710861206,3.685499906539917,3.7804999351501465,3.6422500610351562,3.778249979019165,637120000,NVDA
2019-02-08,3.6689560413360596,3.7042500972747803,3.7149999141693115,3.603250026702881,3.6177499294281006,461604000,NVDA
2019-02-11,3.6263654232025146,3.661250114440918,3.7144999504089355,3.612499952316284,3.659749984741211,495180000,NVDA
2019-02-12,3.743241786956787,3.779249906539917,3.7950000762939453,3.685499906539917,3.700000047683716,591060000,NVDA
2019-02-13,3.7855842113494873,3.822000026702881,3.895750045776367,3.7952499389648438,3.809000015258789,605372000,NVDA
2019-02-14,3.8264408111572266,3.8632500171661377,3.8917500972747803,3.7774999141693115,3.821000099182129,827264000,NVDA
2019-02-15,3.8960211277008057,3.933500051498413,4.096749782562256,3.9105000495910645,4.073750019073486,1516748000,NVDA
2019-02-19,3.878688097000122,3.9159998893737793,3.9972500801086426,3.9035000801086426,3.9227499961853027,551892000,NVDA
2019-02-20,3.92598295211792,3.963749885559082,4.031499862670898,3.9342501163482666,3.945499897003174,540988000,NVDA
2019-02-21,3.8571457862854004,3.89424991607666,4.00124979019165,3.879499912261963,3.9765000343322754,448548000,NVDA
2019-02-22,3.9418303966522217,3.979749917984009,3.9987499713897705,3.9327499866485596,3.946500062942505,401740000,NVDA
2019-02-25,3.9294495582580566,3.967250108718872,4.131999969482422,3.9584999084472656,4.064000129699707,656020000,NVDA
2019-02-26,3.890078544616699,3.927500009536743,4.019000053405762,3.893749952316284,3.9625000953674316,488464000,NVDA
2019-02-27,3.848231077194214,3.8852500915527344,3.9397499561309814,3.8277499675750732,3.9130001068115234,500256000,NVDA
2019-02-28,3.8236916065216064,3.8564999103546143,3.8975000381469727,3.8340001106262207,3.875,324944000,NVDA
2019-03-01,3.877976417541504,3.911250114440918,3.953749895095825,3.8480000495910645,3.906749963760376,357188000,NVDA
2019-03-04,3.886155605316162,3.9195001125335693,3.9730000495910645,3.862499952316284,3.950000047683716,409992000,NVDA
2019-03-05,3.879711389541626,3.9130001068115234,3.9514999389648438,3.8489999771118164,3.903749942779541,362924000,NVDA
2019-03-06,3.768911600112915,3.8012499809265137,3.9124999046325684,3.7985000610351562,3.9040000438690186,403524000,NVDA
2019-03-07,3.6997551918029785,3.7314999103546143,3.78725004196167,3.684999942779541,3.7774999141693115,450104000,NVDA
2019-03-08,3.733961343765259,3.7660000324249268,3.776750087738037,3.619999885559082,3.6414999961853027,422416000,NVDA
2019-03-11,3.994227886199951,4.028500080108643,4.051499843597412,3.7422499656677246,3.789750099182129,859728000,NVDA
2019-03-12,4.028435707092285,4.063000202178955,4.109749794006348,3.979749917984009,4.05649995803833,579576000,NVDA
2019-03-13,4.179637908935547,4.2154998779296875,4.244999885559082,4.093249797821045,4.100749969482422,768900000,NVDA
2019-03-14,4.103787899017334,4.138999938964844,4.23675012588501,4.131249904632568,4.22475004196167,519384000,NVDA
2019-03-15,4.209136486053467,4.245250225067139,4.288249969482422,4.178999900817871,4.182499885559082,661484000,NVDA
2019-03-18,4.1878180503845215,4.223750114440918,4.331250190734863,4.196499824523926,4.2769999504089355,486992000,NVDA
2019-03-19,4.355380058288574,4.392749786376953,4.4375,4.302000045776367,4.318999767303467,854972000,NVDA
2019-03-20,4.322908401489258,4.360000133514404,4.475749969482422,4.324999809265137,4.421999931335449,719148000,NVDA
2019-03-21,4.559379577636719,4.598499774932861,4.625,4.3782501220703125,4.3832502365112305,824312000,NVDA
2019-03-22,4.399749755859375,4.4375,4.619999885559082,4.423500061035156,4.571000099182129,747644000,NVDA
2019-03-25,4.3075408935546875,4.3445000648498535,4.461249828338623,4.277750015258789,4.396500110626221,525212000,NVDA
2019-03-26,4.384133338928223,4.421750068664551,4.543749809265137,4.364999771118164,4.487249851226807,703508000,NVDA
2019-03-27,4.374963283538818,4.412499904632568,4.4942498207092285,4.34250020980835,4.447500228881836,474372000,NVDA
2019-03-28,4.393553733825684,4.431250095367432,4.497499942779541,4.377749919891357,4.43874979019165,480264000,NVDA
2019-03-29,4.450809478759766,4.488999843597412,4.513500213623047,4.447750091552734,4.498499870300293,456896000,NVDA
2019-04-01,4.518231391906738,4.557000160217285,4.587500095367432,4.509250164031982,4.581500053405762,483824000,NVDA
2019-04-02,4.536078453063965,4.574999809265137,4.619750022888184,4.538000106811523,4.581250190734863,440920000,NVDA
2019-04-03,4.6753830909729,4.7154998779296875,4.775000095367432,4.619999885559082,4.625,783504000,NVDA
2019-04-04,4.66646146774292,4.706500053405762,4.7492499351501465,4.643249988555908,4.699999809265137,457376000,NVDA
2019-04-05,4.7331390380859375,4.773749828338623,4.791250228881836,4.713250160217285,4.75,481744000,NVDA
2019-04-08,4.7539591789245605,4.794750213623047,4.820000171661377,4.71875,4.743000030517578,424192000,NVDA
2019-04-09,4.69124698638916,4.731500148773193,4.772250175476074,4.689000129699707,4.761000156402588,439972000,NVDA
2019-04-10,4.76164436340332,4.802499771118164,4.828499794006348,4.726250171661377,4.73075008392334,444772000,NVDA
2019-04-11,4.747762680053711,4.78849983215332,4.836750030517578,4.738749980926514,4.804999828338623,374600000,NVDA
2019-04-12,4.709836959838867,4.750249862670898,4.831500053405762,4.741499900817871,4.827499866485596,471708000,NVDA
2019-04-15,4.578217029571533,4.617499828338623,4.747499942779541,4.577499866485596,4.742499828338623,440092000,NVDA
2019-04-16,4.66522216796875,4.705249786376953,4.724249839782715,4.624000072479248,4.6570000648498535,394964000,NVDA
2019-04-17,4.642417907714844,4.682250022888184,4.761499881744385,4.659749984741211,4.740499973297119,351004000,NVDA
2019-04-18,4.617877006530762,4.65749979019165,4.723249912261963,4.629499912261963,4.689000129699707,380988000,NVDA
2019-04-22,4.671665668487549,4.711750030517578,4.727499961853027,4.6020002365112305,4.633749961853027,279936000,NVDA
2019-04-23,4.726197242736816,4.766749858856201,4.798250198364258,4.715250015258789,4.724999904632568,346856000,NVDA
2019-04-24,4.73859167098999,4.779250144958496,4.820250034332275,4.716000080108643,4.777249813079834,318204000,NVDA
2019-04-25,4.632997035980225,4.672749996185303,4.761250019073486,4.59250020980835,4.738749980926514,499296000,NVDA
2019-04-26,4.414373397827148,4.452250003814697,4.522250175476074,4.332499980926514,4.517749786376953,868988000,NVDA
2019-04-29,4.445109844207764,4.483250141143799,4.511250019073486,4.387499809265137,4.460249900817871,391920000,NVDA
2019-04-30,4.486505031585693,4.525000095367432,4.550749778747559,4.43149995803833,4.45074987411499,362920000,NVDA
2019-05-01,4.473367691040039,4.511750221252441,4.620250225067139,4.511499881744385,4.577750205993652,354280000,NVDA
2019-05-02,4.540788650512695,4.579750061035156,4.6217498779296875,4.478000164031982,4.521500110626221,394684000,NVDA
2019-05-03,4.536327362060547,4.575250148773193,4.598249912261963,4.51324987411499,4.588250160217285,336824000,NVDA
2019-05-06,4.4579997062683105,4.496250152587891,4.508500099182129,4.349999904632568,4.387499809265137,422176000,NVDA
2019-05-07,4.2909321784973145,4.327750205993652,4.447500228881836,4.279250144958496,4.447500228881836,555220000,NVDA
2019-05-08,4.311010360717773,4.3480000495910645,4.428750038146973,4.288000106811523,4.300000190734863,419168000,NVDA
2019-05-09,4.21855354309082,4.254749774932861,4.288249969482422,4.135000228881836,4.278500080108643,660248000,NVDA
2019-05-10,4.184595584869385,4.2204999923706055,4.289750099182129,4.099999904632568,4.223750114440918,569500000,NVDA
2019-05-13,3.927550792694092,3.961250066757202,4.110750198364258,3.9452500343322754,4.087500095367432,656912000,NVDA
2019-05-14,4.016536235809326,4.051000118255615,4.08650016784668,3.962249994277954,4.00124979019165,524880000,NVDA
2019-05-15,3.9555606842041016,3.989500045776367,4.026249885559082,3.9352500438690186,3.994999885559082,502320000,NVDA
2019-05-16,3.9706809520721436,4.004749774932861,4.047749996185303,3.9412500858306885,3.9839999675750732,781088000,NVDA
2019-05-17,3.8799593448638916,3.913249969482422,4.092750072479248,3.873500108718872,3.9625000953674316,1022068000,NVDA
2019-05-20,3.761475086212158,3.793750047683716,3.8692500591278076,3.768749952316284,3.8137500286102295,572064000,NVDA
2019-05-21,3.8435215950012207,3.876499891281128,3.8924999237060547,3.815999984741211,3.8550000190734863,361848000,NVDA
2019-05-22,3.772629976272583,3.805000066757202,3.8637499809265137,3.7939999103546143,3.8375000953674316,325868000,NVDA
2019-05-23,3.651668071746826,3.683000087738037,3.7422499656677246,3.6227500438690186,3.7422499656677246,591844000,NVDA
2019-05-24,3.5978786945343018,3.6287500858306885,3.737499952316284,3.621999979019165,3.7019999027252197,357584000,NVDA
2019-05-28,3.5527660846710205,3.583250045776367,3.679500102996826,3.581249952316284,3.6465001106262207,428356000,NVDA
2019-05-29,3.4786529541015625,3.508500099182129,3.570499897003174,3.4735000133514404,3.535249948501587,559800000,NVDA
2019-05-30,3.4520998001098633,3.477750062942505,3.543750047683716,3.4392499923706055,3.5077500343322754,394300000,NVDA
2019-05-31,3.361522674560547,3.3864998817443848,3.4962499141693115,3.3847498893737793,3.428499937057495,389720000,NVDA
2019-06-03,3.3198320865631104,3.3445000648498535,3.4367499351501465,3.315000057220459,3.397749900817871,478644000,NVDA
2019-06-04,3.5486326217651367,3.575000047683716,3.5802500247955322,3.3867499828338623,3.4089999198913574,641836000,NVDA
2019-06-05,3.505949020385742,3.5320000648498535,3.654750108718872,3.495500087738037,3.649250030517578,511616000,NVDA
2019-06-06,3.567988872528076,3.5945000648498535,3.6192500591278076,3.533750057220459,3.536250114440918,408140000,NVDA
2019-06-07,3.6106717586517334,3.637500047683716,3.671999931335449,3.581249952316284,3.6005001068115234,348856000,NVDA
2019-06-10,3.6833810806274414,3.710750102996826,3.779750108718872,3.694000005722046,3.694000005722046,402780000,NVDA
2019-06-11,3.740953207015991,3.768749952316284,3.809000015258789,3.7290000915527344,3.7709999084472656,383872000,NVDA
2019-06-12,3.628042221069336,3.6549999713897705,3.731250047683716,3.6397500038146973,3.7249999046325684,358892000,NVDA
2019-06-13,3.6791625022888184,3.7065000534057617,3.7249999046325684,3.6594998836517334,3.6772499084472656,308080000,NVDA
2019-06-14,3.5893304347991943,3.615999937057495,3.6372499465942383,3.571000099182129,3.6127500534057617,394428000,NVDA
2019-06-17,3.5990078449249268,3.6257500648498535,3.6630001068115234,3.591249942779541,3.6142499446868896,276040000,NVDA
2019-06-18,3.793811321258545,3.822000026702881,3.8777499198913574,3.676500082015991,3.6875,581920000,NVDA
2019-06-19,3.7997663021087646,3.828000068664551,3.86899995803833,3.8017499446868896,3.8575000762939453,331644000,NVDA
2019-06-20,3.8240859508514404,3.8524999618530273,3.9332499504089355,3.8380000591278076,3.919250011444092,350168000,NVDA
2019-06-21,3.766016960144043,3.7939999103546143,3.88700008392334,3.7874999046325684,3.8375000953674316,434428000,NVDA
2019-06-24,3.78835129737854,3.816499948501587,3.846250057220459,3.7679998874664307,3.815500020980835,282948000,NVDA
2019-06-25,3.759068727493286,3.7869999408721924,3.8970000743865967,3.784250020980835,3.821500062942505,311868000,NVDA
2019-06-26,3.952134370803833,3.9814999103546143,4.043000221252441,3.902250051498413,3.915250062942505,584072000,NVDA
2019-06-27,4.050652027130127,4.080749988555908,4.099999904632568,4.031499862670898,4.067749977111816,445440000,NVDA
2019-06-28,4.075468063354492,4.10575008392334,4.134250164031982,4.058750152587891,4.125,397668000,NVDA
2019-07-01,4.123610019683838,4.154250144958496,4.348750114440918,4.116499900817871,4.3142499923706055,709756000,NVDA
2019-07-02,4.025836944580078,4.055749893188477,4.158750057220459,4.042500019073486,4.137499809265137,400228000,NVDA
2019-07-03,4.038741111755371,4.068749904632568,4.085000038146973,4.008500099182129,4.079249858856201,246636000,NVDA
2019-07-05,3.976205825805664,4.0057501792907715,4.014500141143799,3.941999912261963,4.010000228881836,396552000,NVDA
2019-07-08,3.9012622833251953,3.9302499294281006,3.964750051498413,3.9000000953674316,3.9457499980926514,329788000,NVDA
2019-07-09,3.903744697570801,3.9327499866485596,3.9609999656677246,3.875,3.8877499103546143,342860000,NVDA
2019-07-10,3.971986770629883,4.001500129699707,4.0592498779296875,3.9625000953674316,3.9765000343322754,452076000,NVDA
2019-07-11,4.126339912414551,4.1570000648498535,4.197999954223633,4.037499904632568,4.074999809265137,682560000,NVDA
2019-07-12,4.159343242645264,4.190249919891357,4.261750221252441,4.184999942779541,4.184999942779541,506392000,NVDA
2019-07-15,4.150906562805176,4.1817498207092285,4.227749824523926,4.153250217437744,4.21150016784668,289840000,NVDA
2019-07-16,4.146191120147705,4.177000045776367,4.204249858856201,4.120999813079834,4.166749954223633,341444000,NVDA
2019-07-17,4.2114577293396,4.24275016784668,4.249750137329102,4.149250030517578,4.178750038146973,348204000,NVDA
2019-07-18,4.223121166229248,4.254499912261963,4.317749977111816,4.196249961853027,4.2532501220703125,442192000,NVDA
2019-07-19,4.179940700531006,4.210999965667725,4.299499988555908,4.204999923706055,4.293000221252441,344896000,NVDA
2019-07-22,4.251410007476807,4.2829999923706055,4.296000003814697,4.224999904632568,4.232500076293945,315940000,NVDA
2019-07-23,4.359110355377197,4.391499996185303,4.393499851226807,4.3067498207092285,4.322500228881836,428176000,NVDA
2019-07-24,4.433557510375977,4.4664998054504395,4.472249984741211,4.358500003814697,4.434999942779541,366236000,NVDA
2019-07-25,4.302529335021973,4.334499835968018,4.4375,4.310999870300293,4.424749851226807,392700000,NVDA
2019-07-26,4.34446907043457,4.3767499923706055,4.423749923706055,4.36175012588501,4.36175012588501,274160000,NVDA
2019-07-29,4.338265419006348,4.370500087738037,4.386750221252441,4.281750202178955,4.369500160217285,248160000,NVDA
2019-07-30,4.353900909423828,4.386250019073486,4.398499965667725,4.3092498779296875,4.323750019073486,197772000,NVDA
2019-07-31,4.186890125274658,4.2179999351501465,4.355500221252441,4.17549991607666,4.354499816894531,359416000,NVDA
2019-08-01,4.092591285705566,4.123000144958496,4.319499969482422,4.070499897003174,4.228499889373779,421212000,NVDA
2019-08-02,4.000027656555176,4.029749870300293,4.0995001792907715,3.9820001125335693,4.029749870300293,428348000,NVDA
2019-08-05,3.741945743560791,3.7697501182556152,3.846250057220459,3.7225000858306885,3.8450000286102295,589156000,NVDA
2019-08-06,3.780658006668091,3.8087499141693115,3.890749931335449,3.7607500553131104,3.8450000286102295,361272000,NVDA
2019-08-07,3.818873643875122,3.847249984741211,3.859250068664551,3.7300000190734863,3.747499942779541,372560000,NVDA
2019-08-08,3.927318572998047,3.9565000534057617,3.957750082015991,3.8475000858306885,3.905250072479248,309300000,NVDA
2019-08-09,3.826070785522461,3.8545000553131104,3.918750047683716,3.8037500381469727,3.915250062942505,341816000,NVDA
2019-08-12,3.758324384689331,3.786250114440918,3.8545000553131104,3.7642500400543213,3.802000045776367,279200000,NVDA
2019-08-13,3.8724758625030518,3.901249885559082,3.947499990463257,3.745500087738037,3.784749984741211,351956000,NVDA
2019-08-14,3.7240781784057617,3.7517499923706055,3.8237500190734863,3.707750082015991,3.8125,419880000,NVDA
2019-08-15,3.691818952560425,3.719249963760376,3.790750026702881,3.6847500801086426,3.770750045776367,477200000,NVDA
2019-08-16,3.9595787525177,3.989000082015991,4.03849983215332,3.921999931335449,3.983750104904175,1007960000,NVDA
2019-08-19,4.238010883331299,4.269499778747559,4.2855000495910645,4.086750030517578,4.103000164031982,815112000,NVDA
2019-08-20,4.165797233581543,4.196750164031982,4.264500141143799,4.17549991607666,4.263999938964844,463188000,NVDA
2019-08-21,4.2491774559021,4.280749797821045,4.336249828338623,4.241499900817871,4.26324987411499,427244000,NVDA
2019-08-22,4.255381107330322,4.2870001792907715,4.333250045776367,4.247499942779541,4.290500164031982,303488000,NVDA
2019-08-23,4.0310468673706055,4.060999870300293,4.264750003814697,4.040999889373779,4.210000038146973,568056000,NVDA
2019-08-26,4.105742931365967,4.136250019073486,4.1645002365112305,4.097750186920166,4.140250205993652,318208000,NVDA
2019-08-27,4.015164375305176,4.045000076293945,4.177499771118164,4.015500068664551,4.174749851226807,290968000,NVDA
2019-08-28,4.004733085632324,4.0304999351501465,4.083499908447266,3.9749999046325684,4.014500141143799,255612000,NVDA
2019-08-29,4.14831018447876,4.175000190734863,4.207499980926514,4.11899995803833,4.122499942779541,357976000,NVDA
2019-08-30,4.160978317260742,4.187749862670898,4.271500110626221,4.16949987411499,4.221499919891357,290616000,NVDA
2019-09-03,4.078011512756348,4.104249954223633,4.147749900817871,4.081250190734863,4.114500045776367,296140000,NVDA
2019-09-04,4.192027568817139,4.218999862670898,4.226500034332275,4.165249824523926,4.165249824523926,227728000,NVDA
2019-09-05,4.464773178100586,4.493500232696533,4.499750137329102,4.320000171661377,4.321750164031982,695676000,NVDA
2019-09-06,4.43769645690918,4.466249942779541,4.527249813079834,4.427999973297119,4.46999979019165,376976000,NVDA
2019-09-09,4.483652114868164,4.512499809265137,4.5995001792907715,4.495999813079834,4.497499942779541,417524000,NVDA
2019-09-10,4.550223350524902,4.579500198364258,4.606249809265137,4.469749927520752,4.479499816894531,352812000,NVDA
2019-09-11,4.578790187835693,4.608250141143799,4.656750202178955,4.565000057220459,4.594250202178955,361512000,NVDA
2019-09-12,4.57729959487915,4.606750011444092,4.710000038146973,4.598750114440918,4.65500020980835,327840000,NVDA
2019-09-13,4.51942253112793,4.548500061035156,4.577000141143799,4.504499912261963,4.539750099182129,324592000,NVDA
2019-09-16,4.476448059082031,4.505249977111816,4.539999961853027,4.462500095367432,4.4730000495910645,231832000,NVDA
2019-09-17,4.4978108406066895,4.526750087738037,4.531000137329102,4.465250015258789,4.51200008392334,223048000,NVDA
2019-09-18,4.470733165740967,4.499499797821045,4.5355000495910645,4.412499904632568,4.519750118255615,258152000,NVDA
2019-09-19,4.395219802856445,4.423500061035156,4.52400016784668,4.412749767303467,4.505499839782715,245476000,NVDA
2019-09-20,4.289649486541748,4.317249774932861,4.446249961853027,4.307000160217285,4.422500133514404,350244000,NVDA
2019-09-23,4.343055248260498,4.370999813079834,4.416749954223633,4.31374979019165,4.317500114440918,249712000,NVDA
2019-09-24,4.285675048828125,4.3132500648498535,4.432250022888184,4.277500152587891,4.402500152587891,317268000,NVDA
2019-09-25,4.4272661209106445,4.455749988555908,4.475500106811523,4.267749786376953,4.312749862670898,308432000,NVDA
2019-09-26,4.405156135559082,4.433499813079834,4.454750061035156,4.38224983215332,4.446000099182129,234564000,NVDA
2019-09-27,4.266549110412598,4.294000148773193,4.442500114440918,4.232999801635742,4.391499996185303,362056000,NVDA
2019-09-30,4.323929309844971,4.351749897003174,4.361999988555908,4.28849983215332,4.320000171661377,186184000,NVDA
2019-10-01,4.322190284729004,4.349999904632568,4.525000095367432,4.345250129699707,4.375,366008000,NVDA
2019-10-02,4.298344135284424,4.326000213623047,4.340000152587891,4.2532501220703125,4.328000068664551,293372000,NVDA
2019-10-03,4.503773212432861,4.532750129699707,4.539000034332275,4.300000190734863,4.33050012588501,450588000,NVDA
2019-10-04,4.520167350769043,4.54925012588501,4.578750133514404,4.4695000648498535,4.534999847412109,265524000,NVDA
2019-10-07,4.578790187835693,4.608250141143799,4.708499908447266,4.60575008392334,4.614500045776367,480984000,NVDA
2019-10-08,4.402424335479736,4.430749893188477,4.515999794006348,4.412499904632568,4.515999794006348,444436000,NVDA
2019-10-09,4.48886775970459,4.517749786376953,4.567500114440918,4.479000091552734,4.507999897003174,292412000,NVDA
2019-10-10,4.5464959144592285,4.57574987411499,4.626999855041504,4.510250091552734,4.515500068664551,309124000,NVDA
2019-10-11,4.620026111602783,4.649750232696533,4.733500003814697,4.641250133514404,4.660250186920166,446404000,NVDA
2019-10-14,4.633437633514404,4.663249969482422,4.6842498779296875,4.609749794006348,4.640999794006348,200040000,NVDA
2019-10-15,4.877864837646484,4.909249782562256,4.982250213623047,4.739999771118164,4.754000186920166,664124000,NVDA
2019-10-16,4.824210166931152,4.855249881744385,4.980500221252441,4.84375,4.875,428944000,NVDA
2019-10-17,4.826198101043701,4.857250213623047,4.945250034332275,4.802499771118164,4.900000095367432,263436000,NVDA
2019-10-18,4.731804847717285,4.762249946594238,4.890500068664551,4.6875,4.857749938964844,307440000,NVDA
2019-10-21,4.868923664093018,4.90024995803833,4.913750171661377,4.804999828338623,4.823999881744385,261868000,NVDA
2019-10-22,4.858985900878906,4.890250205993652,5.0632500648498535,4.882500171661377,4.957499980926514,328720000,NVDA
2019-10-23,4.846070289611816,4.8772501945495605,4.891499996185303,4.775750160217285,4.807750225067139,279916000,NVDA
2019-10-24,4.890037536621094,4.921500205993652,4.955249786376953,4.884500026702881,4.918749809265137,232020000,NVDA
2019-10-25,5.080810070037842,5.113500118255615,5.134500026702881,4.994750022888184,5.002500057220459,423092000,NVDA
2019-10-28,5.136699676513672,5.169750213623047,5.222499847412109,5.127999782562256,5.15749979019165,330792000,NVDA
2019-10-29,5.0405683517456055,5.072999954223633,5.16225004196167,5.053500175476074,5.155749797821045,211236000,NVDA
2019-10-30,5.042555332183838,5.074999809265137,5.10575008392334,5.006499767303467,5.099999904632568,205960000,NVDA
2019-10-31,4.993371486663818,5.0254998207092285,5.074999809265137,4.945250034332275,5.053999900817871,209732000,NVDA
2019-11-01,5.0323710441589355,5.0647501945495605,5.097249984741211,4.964749813079834,4.989999771118164,283640000,NVDA
2019-11-04,5.228856563568115,5.262499809265137,5.275000095367432,5.123000144958496,5.146249771118164,376716000,NVDA
2019-11-05,5.206748962402344,5.240250110626221,5.28849983215332,5.191999912261963,5.262249946594238,300868000,NVDA
2019-11-06,5.157567024230957,5.1907501220703125,5.2417497634887695,5.102749824523926,5.216000080108643,269012000,NVDA
2019-11-07,5.175201416015625,5.208499908447266,5.292500019073486,5.16349983215332,5.277750015258789,280340000,NVDA
2019-11-08,5.161292552947998,5.194499969482422,5.226250171661377,5.153749942779541,5.191500186920166,189100000,NVDA
2019-11-11,5.171226978302002,5.204500198364258,5.227749824523926,5.10699987411499,5.193749904632568,243436000,NVDA
2019-11-12,5.206748962402344,5.240250110626221,5.296500205993652,5.207749843597412,5.243000030517578,283504000,NVDA
2019-11-13,5.180915355682373,5.214250087738037,5.236499786376953,5.147500038146973,5.208749771118164,300188000,NVDA
2019-11-14,5.211222171783447,5.244750022888184,5.247000217437744,5.163000106811523,5.223249912261963,518080000,NVDA
2019-11-15,5.07211446762085,5.104750156402588,5.29449987411499,5.015999794006348,5.242499828338623,1053628000,NVDA
2019-11-18,5.273072719573975,5.307000160217285,5.333749771118164,5.094250202178955,5.097249984741211,574588000,NVDA
2019-11-19,5.166507720947266,5.199749946594238,5.299499988555908,5.141250133514404,5.275750160217285,414564000,NVDA
2019-11-20,5.245748043060303,5.2795000076293945,5.363749980926514,5.164000034332275,5.176750183105469,472588000,NVDA
2019-11-21,5.220908164978027,5.254499912261963,5.330999851226807,5.232749938964844,5.275000095367432,288388000,NVDA
2019-11-22,5.238544464111328,5.272250175476074,5.323999881744385,5.248499870300293,5.277249813079834,224100000,NVDA
2019-11-25,5.494896411895752,5.530250072479248,5.535250186920166,5.388000011444092,5.401000022888184,506476000,NVDA
2019-11-26,5.390317916870117,5.425000190734863,5.517250061035156,5.418499946594238,5.512499809265137,385244000,NVDA
2019-11-27,5.425119876861572,5.455999851226807,5.50124979019165,5.429500102996826,5.466750144958496,215784000,NVDA
2019-11-29,5.38783073425293,5.418499946594238,5.453499794006348,5.394499778747559,5.425000190734863,141556000,NVDA
2019-12-02,5.201641082763672,5.231249809265137,5.425000190734863,5.216000080108643,5.411499977111816,372036000,NVDA
2019-12-03,5.162117004394531,5.191500186920166,5.195499897003174,5.009250164031982,5.046750068664551,465232000,NVDA
2019-12-04,5.205867767333984,5.235499858856201,5.297999858856201,5.20674991607666,5.2754998207092285,273424000,NVDA
2019-12-05,5.188965320587158,5.218500137329102,5.273250102996826,5.187749862670898,5.257500171661377,184884000,NVDA
2019-12-06,5.274229526519775,5.3042497634887695,5.337250232696533,5.2779998779296875,5.288000106811523,232236000,NVDA
2019-12-09,5.274229526519775,5.3042497634887695,5.359250068664551,5.272500038146973,5.28125,211880000,NVDA
2019-12-10,5.319223880767822,5.3495001792907715,5.401500225067139,5.281499862670898,5.334499835968018,256388000,NVDA
2019-12-11,5.4027485847473145,5.433499813079834,5.439000129699707,5.357500076293945,5.360000133514404,233796000,NVDA
2019-12-12,5.57004451751709,5.601749897003174,5.619999885559082,5.395500183105469,5.4045000076293945,404348000,NVDA
2019-12-13,5.568056106567383,5.59975004196167,5.7245001792907715,5.545499801635742,5.604750156402588,454704000,NVDA
2019-12-16,5.596892356872559,5.628749847412109,5.701499938964844,5.6192498207092285,5.647500038146973,320976000,NVDA
2019-12-17,5.674948215484619,5.707250118255615,5.730000019073486,5.638000011444092,5.647500038146973,321196000,NVDA
2019-12-18,5.7052741050720215,5.737750053405762,5.798500061035156,5.733749866485596,5.742249965667725,343548000,NVDA
2019-12-19,5.853183269500732,5.886499881744385,5.900000095367432,5.767499923706055,5.772500038146973,445360000,NVDA
2019-12-20,5.950378894805908,5.984250068664551,6.009749889373779,5.934000015258789,5.953249931335449,603044000,NVDA
2019-12-23,5.936707496643066,5.9704999923706055,6.045249938964844,5.959750175476074,6.013000011444092,355060000,NVDA
2019-12-24,5.931736469268799,5.9654998779296875,5.982749938964844,5.920499801635742,5.954999923706055,138864000,NVDA
2019-12-26,5.945905685424805,5.979750156402588,6.007999897003174,5.949999809265137,5.968999862670898,182852000,NVDA
2019-12-27,5.888234615325928,5.921750068664551,6.008500099182129,5.895249843597412,5.994999885559082,254644000,NVDA
2019-12-30,5.7751288414001465,5.808000087738037,5.90500020980835,5.776500225067139,5.899750232696533,258056000,NVDA
2019-12-31,5.849207401275635,5.882500171661377,5.892000198364258,5.7532501220703125,5.772500038146973,231004000,NVDA
2020-01-02,5.963802337646484,5.9977498054504395,5.9977498054504395,5.918000221252441,5.96875,237536000,NVDA
2020-01-03,5.868346691131592,5.901750087738037,5.9457502365112305,5.852499961853027,5.877500057220459,205384000,NVDA
2020-01-06,5.892956733703613,5.926499843597412,5.9317498207092285,5.781750202178955,5.808000087738037,262636000,NVDA
2020-01-07,5.964301109313965,5.9982500076293945,6.044250011444092,5.909749984741211,5.954999923706055,314856000,NVDA
2020-01-08,5.975487232208252,6.009500026702881,6.051000118255615,5.953750133514404,5.99399995803833,277108000,NVDA
2020-01-09,6.041114330291748,6.075500011444092,6.148250102996826,6.021500110626221,6.096250057220459,255112000,NVDA
2020-01-10,6.073428630828857,6.107999801635742,6.213749885559082,6.09375,6.1832499504089355,316296000,NVDA
2020-01-13,6.263845920562744,6.299499988555908,6.324749946594238,6.168749809265137,6.191500186920166,319840000,NVDA
2020-01-14,6.147010326385498,6.182000160217285,6.2820000648498535,6.168749809265137,6.256499767303467,359088000,NVDA
2020-01-15,6.1045026779174805,6.139249801635742,6.217249870300293,6.113249778747559,6.19474983215332,263104000,NVDA
2020-01-16,6.188027858734131,6.223249912261963,6.229249954223633,6.16949987411499,6.192999839782715,284192000,NVDA
2020-01-17,6.196727275848389,6.23199987411499,6.25,6.1842498779296875,6.242499828338623,253792000,NVDA
2020-01-21,6.163417339324951,6.198500156402588,6.232250213623047,6.164249897003174,6.195250034332275,217916000,NVDA
2020-01-22,6.217360019683838,6.252749919891357,6.339749813079834,6.224999904632568,6.24399995803833,239240000,NVDA
2020-01-23,6.285721302032471,6.321499824523926,6.329999923706055,6.203750133514404,6.293000221252441,244516000,NVDA
2020-01-24,6.226557731628418,6.26200008392334,6.487500190734863,6.207499980926514,6.4375,373512000,NVDA
2020-01-27,5.971013069152832,6.005000114440918,6.056250095367432,5.805749893188477,5.955999851226807,470536000,NVDA
2020-01-28,6.164164066314697,6.199250221252441,6.231750011444092,6.017749786376953,6.071249961853027,310976000,NVDA
2020-01-29,6.103757858276367,6.138500213623047,6.2210001945495605,6.098499774932861,6.184750080108643,258848000,NVDA
2020-01-30,6.11046838760376,6.145249843597412,6.158750057220459,5.985000133514404,6.040249824523926,290504000,NVDA
2020-01-31,5.877295970916748,5.910749912261963,6.111249923706055,5.868750095367432,6.099249839782715,370420000,NVDA
2020-02-03,5.974244594573975,6.0082502365112305,6.027750015258789,5.886250019073486,5.892499923706055,255564000,NVDA
2020-02-04,6.143282413482666,6.178249835968018,6.197500228881836,6.100500106811523,6.150750160217285,271544000,NVDA
2020-02-05,6.233518600463867,6.269000053405762,6.309999942779541,6.1852498054504395,6.299749851226807,208220000,NVDA
2020-02-06,6.3202738761901855,6.356249809265137,6.356249809265137,6.2220001220703125,6.303500175476074,218284000,NVDA
2020-02-07,6.254151821136475,6.289750099182129,6.338250160217285,6.264249801635742,6.315999984741211,189752000,NVDA
2020-02-10,6.537041187286377,6.574250221252441,6.574999809265137,6.307499885559082,6.3125,529608000,NVDA
2020-02-11,6.65934419631958,6.697249889373779,6.8125,6.6207499504089355,6.683000087738037,638556000,NVDA
2020-02-12,6.774935722351074,6.813499927520752,6.820000171661377,6.711249828338623,6.750249862670898,374644000,NVDA
2020-02-13,6.731184959411621,6.769499778747559,6.836999893188477,6.727749824523926,6.755249977111816,528016000,NVDA
2020-02-14,7.2037458419799805,7.244750022888184,7.3742499351501465,7.150000095367432,7.18149995803833,1041924000,NVDA
2020-02-18,7.372287750244141,7.414249897003174,7.432750225067139,7.121500015258789,7.140999794006348,620164000,NVDA
2020-02-19,7.822971820831299,7.867499828338623,7.885250091552734,7.53725004196167,7.53725004196167,694332000,NVDA
2020-02-20,7.6738200187683105,7.71750020980835,7.9079999923706055,7.408750057220459,7.819250106811523,810052000,NVDA
2020-02-21,7.310140132904053,7.351749897003174,7.630000114440918,7.266499996185303,7.604750156402588,768180000,NVDA
2020-02-24,6.793330669403076,6.831999778747559,7.046750068664551,6.699999809265137,6.754749774932861,856916000,NVDA
2020-02-25,6.514170169830322,6.551249980926514,6.969749927520752,6.448999881744385,6.90749979019165,1055496000,NVDA
2020-02-26,6.653378009796143,6.691249847412109,6.886250019073486,6.550000190734863,6.551499843597412,747732000,NVDA
2020-02-27,6.28301477432251,6.315000057220459,6.675000190734863,6.222249984741211,6.372499942779541,906416000,NVDA
2020-02-28,6.717552661895752,6.7517499923706055,6.811500072479248,6.044750213623047,6.061500072479248,1133252000,NVDA
2020-03-02,6.875746250152588,6.910749912261963,6.9397501945495605,6.525000095367432,6.922500133514404,890744000,NVDA
2020-03-03,6.613580703735352,6.647250175476074,7.026750087738037,6.561500072479248,6.966750144958496,652792000,NVDA
2020-03-04,7.076723098754883,7.112750053405762,7.122250080108643,6.679999828338623,6.755000114440918,597408000,NVDA
2020-03-05,6.797643661499023,6.832250118255615,7.079999923706055,6.787499904632568,6.912499904632568,540328000,NVDA
2020-03-06,6.617311954498291,6.651000022888184,6.709750175476074,6.449999809265137,6.6519999504089355,515412000,NVDA
2020-03-09,6.104919910430908,6.136000156402588,6.485000133514404,5.954500198364258,5.997499942779541,614160000,NVDA
2020-03-10,6.493940353393555,6.5269999504089355,6.5269999504089355,6.149750232696533,6.41349983215332,580648000,NVDA
2020-03-11,6.130539894104004,6.161749839782715,6.414999961853027,6.0642499923706055,6.386499881744385,499964000,NVDA
2020-03-12,5.380359649658203,5.407750129699707,5.9029998779296875,5.394999980926514,5.636499881744385,816540000,NVDA
2020-03-13,5.990503311157227,6.020999908447266,6.0254998207092285,5.490250110626221,5.762499809265137,634836000,NVDA
2020-03-16,4.885129928588867,4.909999847412109,5.652500152587891,4.849999904632568,5.3102498054504395,726972000,NVDA
2020-03-17,5.404236793518066,5.4317498207092285,5.521500110626221,4.775000095367432,5.022749900817871,833632000,NVDA
2020-03-18,5.044816493988037,5.070499897003174,5.248499870300293,4.517000198364258,5.002500057220459,874268000,NVDA
2020-03-19,5.297283172607422,5.324250221252441,5.41825008392334,4.834750175476074,5.048999786376953,765512000,NVDA
2020-03-20,5.117696762084961,5.143750190734863,5.757999897003174,5.1282501220703125,5.474999904632568,804636000,NVDA
2020-03-23,5.290317535400391,5.317249774932861,5.4120001792907715,4.9629998207092285,5.142749786376953,643876000,NVDA
2020-03-24,6.197947025299072,6.229499816894531,6.316500186920166,5.701250076293945,5.724999904632568,1101644000,NVDA
2020-03-25,6.109397888183594,6.140500068664551,6.545499801635742,6.0914998054504395,6.34499979019165,793432000,NVDA
2020-03-26,6.3984270095825195,6.431000232696533,6.555500030517578,6.25,6.348499774932861,696108000,NVDA
2020-03-27,6.286249160766602,6.3182501792907715,6.578000068664551,6.2170000076293945,6.25,638828000,NVDA
2020-03-30,6.606118679046631,6.639750003814697,6.64900016784668,6.339749813079834,6.383999824523926,602252000,NVDA
2020-03-31,6.55662202835083,6.590000152587891,6.885000228881836,6.443749904632568,6.679999828338623,949960000,NVDA
2020-04-01,6.045970439910889,6.076749801635742,6.538249969482422,6.0320000648498535,6.391250133514404,656912000,NVDA
2020-04-02,6.354401111602783,6.386750221252441,6.400000095367432,6.057750225067139,6.105999946594238,675764000,NVDA
2020-04-03,6.066864490509033,6.097750186920166,6.390749931335449,5.959750175476074,6.348999977111816,663212000,NVDA
2020-04-06,6.676012992858887,6.710000038146973,6.747000217437744,6.323249816894531,6.38100004196167,727884000,NVDA
2020-04-07,6.4429497718811035,6.475749969482422,6.956250190734863,6.432499885559082,6.932499885559082,784520000,NVDA
2020-04-08,6.639947414398193,6.673749923706055,6.698750019073486,6.514999866485596,6.585249900817871,542444000,NVDA
2020-04-09,6.540452480316162,6.573750019073486,6.822999954223633,6.510499954223633,6.800000190734863,525564000,NVDA
2020-04-13,6.712080001831055,6.746250152587891,6.755000114440918,6.425000190734863,6.513750076293945,398408000,NVDA
2020-04-14,7.062793254852295,7.098750114440918,7.132999897003174,6.847249984741211,6.875,530948000,NVDA
2020-04-15,6.985438346862793,7.020999908447266,7.104249954223633,6.884500026702881,6.929999828338623,366148000,NVDA
2020-04-16,7.3301825523376465,7.367499828338623,7.474999904632568,7.163750171661377,7.177000045776367,745620000,NVDA
2020-04-17,7.270983695983887,7.308000087738037,7.471499919891357,7.173500061035156,7.449999809265137,539120000,NVDA
2020-04-20,7.139901161193848,7.176249980926514,7.337500095367432,7.131750106811523,7.181000232696533,449388000,NVDA
2020-04-21,6.703623294830322,6.737750053405762,7.1192498207092285,6.677750110626221,7.057750225067139,735160000,NVDA
2020-04-22,7.1175150871276855,7.153749942779541,7.196750164031982,6.885000228881836,6.930749893188477,483356000,NVDA
2020-04-23,7.0642852783203125,7.100249767303467,7.328499794006348,7.074999809265137,7.196000099182129,424160000,NVDA
2020-04-24,7.203079700469971,7.239749908447266,7.2417497634887695,7.014999866485596,7.090000152587891,352328000,NVDA
2020-04-27,7.389381408691406,7.427000045776367,7.587500095367432,7.349999904632568,7.374750137329102,479388000,NVDA
2020-04-28,7.247105121612549,7.283999919891357,7.605000019073486,7.278500080108643,7.574999809265137,442904000,NVDA
2020-04-29,7.423708438873291,7.46150016784668,7.514500141143799,7.34375,7.419250011444092,379160000,NVDA
2020-04-30,7.269989490509033,7.307000160217285,7.46150016784668,7.293000221252441,7.407249927520752,375916000,NVDA
2020-05-01,7.033690929412842,7.069499969482422,7.222499847412109,7.020999908447266,7.108749866485596,342096000,NVDA
2020-05-04,7.245364665985107,7.282249927520752,7.296000003814697,7.021999835968018,7.021999835968018,317556000,NVDA
2020-05-05,7.306303977966309,7.343500137329102,7.506750106811523,7.282249927520752,7.386750221252441,368896000,NVDA
2020-05-06,7.407041072845459,7.44474983215332,7.550000190734863,7.385250091552734,7.423250198364258,323464000,NVDA
2020-05-07,7.583145618438721,7.6217498779296875,7.6852498054504395,7.5329999923706055,7.584499835968018,373732000,NVDA
2020-05-08,7.772928237915039,7.8125,7.818749904632568,7.659749984741211,7.693749904632568,339216000,NVDA
2020-05-11,8.024651527404785,8.065500259399414,8.112500190734863,7.778749942779541,7.807499885559082,469060000,NVDA
2020-05-12,7.7629780769348145,7.802499771118164,8.172499656677246,7.792749881744385,8.123499870300293,493060000,NVDA
2020-05-13,7.7405924797058105,7.78000020980835,8.078499794006348,7.594749927520752,7.917500019073486,625852000,NVDA
2020-05-14,7.989826679229736,8.030500411987305,8.03600025177002,7.6875,7.841750144958496,602312000,NVDA
2020-05-15,8.447744369506836,8.490750312805176,8.500499725341797,7.874000072479248,7.889750003814697,987660000,NVDA
2020-05-18,8.70592975616455,8.750249862670898,8.916500091552734,8.680500030517578,8.760499954223633,774460000,NVDA
2020-05-19,8.760897636413574,8.805500030517578,9.087499618530273,8.762749671936035,8.790249824523926,717320000,NVDA
2020-05-20,8.924566268920898,8.970000267028809,9.043000221252441,8.888750076293945,8.991000175476074,587536000,NVDA
2020-05-21,8.730801582336426,8.775250434875488,9.052499771118164,8.737500190734863,9.05150032043457,761068000,NVDA
2020-05-22,8.98052978515625,9.026249885559082,9.093000411987305,8.713250160217285,8.825249671936035,1038764000,NVDA
2020-05-26,8.673593521118164,8.71774959564209,9.181750297546387,8.67199993133545,9.156749725341797,770780000,NVDA
2020-05-27,8.48206901550293,8.525250434875488,8.632749557495117,7.9967498779296875,8.625,1175892000,NVDA
2020-05-28,8.444012641906738,8.487000465393066,8.760499954223633,8.379249572753906,8.412249565124512,734896000,NVDA
2020-05-29,8.830541610717773,8.875499725341797,8.875499725341797,8.484999656677246,8.554499626159668,745256000,NVDA
2020-06-01,8.76164722442627,8.806249618530273,8.840749740600586,8.689499855041504,8.833250045776367,389876000,NVDA
2020-06-02,8.780549049377441,8.825249671936035,8.837249755859375,8.657999992370605,8.796250343322754,391320000,NVDA
2020-06-03,8.725080490112305,8.769499778747559,8.866250038146973,8.699999809265137,8.822250366210938,365440000,NVDA
2020-06-04,8.726079940795898,8.766500473022461,8.943249702453613,8.677499771118164,8.727999687194824,424280000,NVDA
2020-06-05,8.878870964050293,8.920000076293945,8.996999740600586,8.708000183105469,8.794500350952148,481748000,NVDA
2020-06-08,8.764400482177734,8.805000305175781,8.889749526977539,8.685750007629395,8.877249717712402,387736000,NVDA
2020-06-09,9.00428581237793,9.045999526977539,9.109749794006348,8.751250267028809,8.800000190734863,468488000,NVDA
2020-06-10,9.32356071472168,9.36674976348877,9.5,9.153499603271484,9.167750358581543,632180000,NVDA
2020-06-11,8.75568962097168,8.796250343322754,9.261249542236328,8.78600025177002,9.149999618530273,583652000,NVDA
2020-06-12,8.891310691833496,8.932499885559082,9.187250137329102,8.70324993133545,9.162500381469727,570908000,NVDA
2020-06-15,9.131450653076172,9.173749923706055,9.182250022888184,8.743749618530273,8.815250396728516,400004000,NVDA
2020-06-16,9.026683807373047,9.068499565124512,9.26675033569336,8.838749885559082,9.225000381469727,535716000,NVDA
2020-06-17,9.193410873413086,9.236000061035156,9.298999786376953,9.070249557495117,9.113750457763672,408304000,NVDA
2020-06-18,9.175496101379395,9.218000411987305,9.282500267028809,9.114500045776367,9.22700023651123,254408000,NVDA
2020-06-19,9.218545913696289,9.261249542236328,9.444999694824219,9.227250099182129,9.242500305175781,524160000,NVDA
2020-06-22,9.482820510864258,9.526749610900879,9.53125,9.273249626159668,9.300000190734863,398468000,NVDA
2020-06-23,9.406425476074219,9.449999809265137,9.642499923706055,9.407500267028809,9.550999641418457,375108000,NVDA
2020-06-24,9.192913055419922,9.23550033569336,9.556500434875488,9.144499778747559,9.476249694824219,449372000,NVDA
2020-06-25,9.446240425109863,9.489999771118164,9.505000114440918,9.182250022888184,9.35575008392334,376072000,NVDA
2020-06-26,9.112785339355469,9.154999732971191,9.5,9.125,9.5,592084000,NVDA
2020-06-29,9.157578468322754,9.199999809265137,9.204500198364258,8.899999618530273,9.169750213623047,342248000,NVDA
2020-06-30,9.453956604003906,9.497750282287598,9.526249885559082,9.266500473022461,9.314000129699707,367892000,NVDA
2020-07-01,9.486056327819824,9.529999732971191,9.575750350952148,9.413000106811523,9.520750045776367,326648000,NVDA
2020-07-02,9.567926406860352,9.612250328063965,9.737500190734863,9.57824993133545,9.638999938964844,364056000,NVDA
2020-07-06,9.793880462646484,9.839249610900879,9.9087495803833,9.712499618530273,9.74174976348877,315892000,NVDA
2020-07-07,9.826229095458984,9.871749877929688,10.069999694824219,9.850749969482422,9.946249961853027,357800000,NVDA
2020-07-08,10.16889476776123,10.215999603271484,10.225000381469727,9.965499877929688,9.993749618530273,365480000,NVDA
2020-07-09,10.460543632507324,10.508999824523926,10.569999694824219,10.233499526977539,10.380249977111816,494548000,NVDA
2020-07-10,10.430931091308594,10.479249954223633,10.65524959564209,10.37874984741211,10.588749885559082,497676000,NVDA
2020-07-13,10.005898475646973,10.052249908447266,10.79224967956543,10.024999618530273,10.595000267028809,457076000,NVDA
2020-07-14,10.329151153564453,10.376999855041504,10.402750015258789,9.785499572753906,10.074999809265137,542676000,NVDA
2020-07-15,10.180091857910156,10.227250099182129,10.432999610900879,10.055749893188477,10.414250373840332,403984000,NVDA
2020-07-16,10.088020324707031,10.134750366210938,10.20674991607666,9.895500183105469,10.015000343322754,344964000,NVDA
2020-07-17,10.154458999633789,10.201499938964844,10.248499870300293,10.087750434875488,10.225500106811523,266284000,NVDA
2020-07-20,10.462285041809082,10.510749816894531,10.53125,10.156749725341797,10.274250030517578,284852000,NVDA
2020-07-21,10.280877113342285,10.328499794006348,10.5600004196167,10.286749839782715,10.512999534606934,277036000,NVDA
2020-07-22,10.390618324279785,10.438750267028809,10.602499961853027,10.291500091552734,10.367500305175781,367292000,NVDA
2020-07-23,10.083039283752441,10.12975025177002,10.54699993133545,10.03125,10.449999809265137,411660000,NVDA
2020-07-24,10.147492408752441,10.194499969482422,10.364749908447266,9.777000427246094,9.875,473292000,NVDA
2020-07-27,10.373446464538574,10.421500205993652,10.441749572753906,10.21774959564209,10.232250213623047,292132000,NVDA
2020-07-28,10.16839599609375,10.215499877929688,10.381999969482422,10.209250450134277,10.374250411987305,271636000,NVDA
2020-07-29,10.417240142822266,10.465499877929688,10.516249656677246,10.347000122070312,10.39074993133545,284508000,NVDA
2020-07-30,10.56506061553955,10.61400032043457,10.623000144958496,10.295249938964844,10.375,308880000,NVDA
2020-07-31,10.565804481506348,10.614749908447266,10.766500473022461,10.432999610900879,10.563249588012695,386080000,NVDA
2020-08-03,10.959481239318848,11.010250091552734,11.098750114440918,10.715250015258789,10.732500076293945,412720000,NVDA
2020-08-04,11.17597484588623,11.227749824523926,11.227749824523926,10.906000137329102,11.050000190734863,310336000,NVDA
2020-08-05,11.23470687866211,11.286749839782715,11.371749877929688,11.166250228881836,11.244000434875488,249924000,NVDA
2020-08-06,11.283228874206543,11.33549976348877,11.357999801635742,11.178750038146973,11.349749565124512,244316000,NVDA
2020-08-07,11.147860527038574,11.19950008392334,11.50475025177002,11.037500381469727,11.3125,342516000,NVDA
2020-08-10,11.113518714904785,11.164999961853027,11.408249855041504,10.856499671936035,11.334250450134277,427796000,NVDA
2020-08-11,10.799969673156738,10.850000381469727,11.136750221252441,10.79574966430664,11.073749542236328,354512000,NVDA
2020-08-12,11.387497901916504,11.440250396728516,11.467000007629395,10.958250045776367,10.990750312805176,464412000,NVDA
2020-08-13,11.390236854553223,11.442999839782715,11.721750259399414,11.35575008392334,11.545999526977539,374460000,NVDA
2020-08-14,11.510677337646484,11.564000129699707,11.704750061035156,11.440500259399414,11.529999732971191,366436000,NVDA
2020-08-17,12.280112266540527,12.336999893188477,12.409749984741211,11.81725025177002,11.851249694824219,621300000,NVDA
2020-08-18,12.204215049743652,12.260749816894531,12.496000289916992,12.086250305175781,12.449999809265137,503448000,NVDA
2020-08-19,12.082529067993164,12.138500213623047,12.3149995803833,12.097999572753906,12.296500205993652,622624000,NVDA
2020-08-20,12.085016250610352,12.140999794006348,12.375,11.87874984741211,11.975000381469727,921388000,NVDA
2020-08-21,12.625017166137695,12.683500289916992,12.80875015258789,12.195249557495117,12.201749801635742,999868000,NVDA
2020-08-24,12.661593437194824,12.720250129699707,12.912500381469727,12.507499694824219,12.883749961853027,490564000,NVDA
2020-08-25,12.691208839416504,12.75,12.761249542236328,12.573749542236328,12.630749702453613,289076000,NVDA
2020-08-26,12.714102745056152,12.77299976348877,12.868499755859375,12.677749633789062,12.799249649047852,321244000,NVDA
2020-08-27,12.57002067565918,12.628250122070312,12.850000381469727,12.566499710083008,12.781499862670898,317604000,NVDA
2020-08-28,13.087126731872559,13.147749900817871,13.14799976348877,12.642499923706055,12.675000190734863,537160000,NVDA
2020-08-31,13.312830924987793,13.374500274658203,13.574999809265137,13.037750244140625,13.18274974822998,500840000,NVDA
2020-09-01,13.761387825012207,13.821000099182129,13.993749618530273,13.43649959564209,13.479999542236328,511316000,NVDA
2020-09-02,14.284621238708496,14.346500396728516,14.726750373840332,13.899999618530273,14.703749656677246,874012000,NVDA
2020-09-03,12.95936107635498,13.01550006866455,13.884499549865723,12.87874984741211,13.828749656677246,945128000,NVDA
2020-09-04,12.568056106567383,12.6225004196167,13.175000190734863,11.704750061035156,12.7837495803833,1463684000,NVDA
2020-09-08,11.861618041992188,11.913000106811523,12.550000190734863,11.70425033569336,11.73449993133545,795728000,NVDA
2020-09-09,12.660157203674316,12.71500015258789,12.809249877929688,12.231749534606934,12.399999618530273,736200000,NVDA
2020-09-10,12.258646965026855,12.311750411987305,13.065250396728516,12.166999816894531,12.989250183105469,698684000,NVDA
2020-09-11,12.112031936645508,12.16450023651123,12.65250015258789,11.895750045776367,12.48550033569336,636928000,NVDA
2020-09-14,12.816725730895996,12.872249603271484,13.3149995803833,12.631250381469727,13.081000328063965,1201744000,NVDA
2020-09-15,12.934966087341309,12.991000175476074,13.298749923706055,12.827750205993652,13.279999732971191,727556000,NVDA
2020-09-16,12.46052074432373,12.51449966430664,13.09274959564209,12.513750076293945,12.957249641418457,556384000,NVDA
2020-09-17,12.409744262695312,12.463500022888184,12.589750289916992,12.034749984741211,12.13224983215332,792512000,NVDA
2020-09-18,12.136674880981445,12.189249992370605,12.632499694824219,11.988750457763672,12.59375,698460000,NVDA
2020-09-21,12.463258743286133,12.517250061035156,12.522500038146973,11.904500007629395,11.925000190734863,721044000,NVDA
2020-09-22,12.583239555358887,12.637749671936035,12.64799976348877,12.155500411987305,12.574999809265137,646452000,NVDA
2020-09-23,12.071455955505371,12.123749732971191,12.72700023651123,12.07925033569336,12.575499534606934,647012000,NVDA
2020-09-24,12.294739723205566,12.347999572753906,12.569499969482422,12.013999938964844,12.072250366210938,731240000,NVDA
2020-09-25,12.818221092224121,12.873749732971191,12.883500099182129,12.245750427246094,12.447500228881836,588016000,NVDA
2020-09-28,12.978777885437012,13.03499984741211,13.051750183105469,12.75,13.040249824523926,573808000,NVDA
2020-09-29,13.16870403289795,13.225749969482422,13.442749977111816,12.933250427246094,12.9375,621460000,NVDA
2020-09-30,13.472138404846191,13.530500411987305,13.6225004196167,13.150250434875488,13.157500267028809,689184000,NVDA
2020-10-01,13.555778503417969,13.614500045776367,13.762749671936035,13.460749626159668,13.758000373840332,525004000,NVDA
2020-10-02,13.005906105041504,13.062250137329102,13.519499778747559,13.050999641418457,13.225000381469727,552496000,NVDA
2020-10-05,13.583657264709473,13.642499923706055,13.64424991607666,13.222749710083008,13.236000061035156,479820000,NVDA
2020-10-06,13.677250862121582,13.736499786376953,14.142000198364258,13.664999961853027,13.829999923706055,784420000,NVDA
2020-10-07,13.903770446777344,13.96399974822998,14.119250297546387,13.863499641418457,13.999750137329102,418084000,NVDA
2020-10-08,13.779060363769531,13.838749885559082,14.084500312805176,13.758000373840332,14.074999809265137,378900000,NVDA
2020-10-09,13.703387260437012,13.762749671936035,13.824250221252441,13.660750389099121,13.767000198364258,346892000,NVDA
2020-10-12,14.164637565612793,14.22599983215332,14.347000122070312,13.912500381469727,13.989500045776367,434744000,NVDA
2020-10-13,14.18679141998291,14.248250007629395,14.34850025177002,14.018750190734863,14.296500205993652,344604000,NVDA
2020-10-14,14.034453392028809,14.095250129699707,14.34274959564209,13.960000038146973,14.290499687194824,276100000,NVDA
2020-10-15,13.909744262695312,13.970000267028809,14.005749702453613,13.767749786376953,13.810750007629395,267224000,NVDA
2020-10-16,13.75192928314209,13.81149959564209,14.121500015258789,13.792499542236328,14.036749839782715,242392000,NVDA
2020-10-19,13.439529418945312,13.497750282287598,13.983499526977539,13.406749725341797,13.902999877929688,298068000,NVDA
2020-10-20,13.586645126342773,13.645500183105469,13.799750328063965,13.506999969482422,13.583499908447266,229212000,NVDA
2020-10-21,13.466414451599121,13.524749755859375,13.791500091552734,13.477499961853027,13.625,219596000,NVDA
2020-10-22,13.30337142944336,13.361000061035156,13.611749649047852,13.231749534606934,13.522500038146973,290480000,NVDA
2020-10-23,13.531635284423828,13.590250015258789,13.593250274658203,13.291250228881836,13.449999809265137,233484000,NVDA
2020-10-26,13.084567070007324,13.141249656677246,13.692749977111816,13.03849983215332,13.427000045776367,336896000,NVDA
2020-10-27,13.338968276977539,13.396750450134277,13.442000389099121,13.191499710083008,13.305999755859375,250520000,NVDA
2020-10-28,12.572537422180176,12.626999855041504,13.260000228881836,12.609000205993652,13.197999954223633,376520000,NVDA
2020-10-29,12.96782398223877,13.02400016784668,13.192749977111816,12.75,12.838500022888184,320080000,NVDA
2020-10-30,12.479937553405762,12.534000396728516,12.93649959564209,12.300000190734863,12.850000381469727,416820000,NVDA
2020-11-02,12.5264892578125,12.580750465393066,12.836750030517578,12.395000457763672,12.657750129699707,299652000,NVDA
2020-11-03,12.963346481323242,13.019499778747559,13.104999542236328,12.602749824523926,12.708499908447266,272900000,NVDA
2020-11-04,13.734752655029297,13.794249534606934,13.827500343322754,13.336999893188477,13.389249801635742,410228000,NVDA
2020-11-05,14.09892463684082,14.15999984741211,14.33899974822998,13.991000175476074,14.162500381469727,319028000,NVDA
2020-11-06,14.499190330505371,14.562000274658203,14.588749885559082,13.895000457763672,14.109749794006348,383348000,NVDA
2020-11-09,13.571956634521484,13.630749702453613,14.691499710083008,13.610750198364258,14.552499771118164,582976000,NVDA
2020-11-10,12.71491813659668,12.770000457763672,13.606499671936035,12.628250122070312,13.606499671936035,644068000,NVDA
2020-11-11,13.360123634338379,13.418000221252441,13.4350004196167,12.948249816894531,13.053750038146973,404744000,NVDA
2020-11-12,13.398706436157227,13.45674991607666,13.765999794006348,13.315999984741211,13.479000091552734,365812000,NVDA
2020-11-13,13.239648818969727,13.29699993133545,13.668749809265137,13.059249877929688,13.627249717712402,346312000,NVDA
2020-11-16,13.456954002380371,13.515250205993652,13.649499893188477,13.156000137329102,13.172499656677246,413776000,NVDA
2020-11-17,13.364356994628906,13.422249794006348,13.5962495803833,13.303750038146973,13.552499771118164,312028000,NVDA
2020-11-18,13.37082576751709,13.428750038146973,13.60575008392334,13.1850004196167,13.465250015258789,510924000,NVDA
2020-11-19,13.382279396057129,13.440250396728516,13.487500190734863,13.100000381469727,13.212750434875488,565936000,NVDA
2020-11-20,13.031302452087402,13.087750434875488,13.494500160217285,13.0649995803833,13.454000473022461,341088000,NVDA
2020-11-23,13.083325386047363,13.140000343322754,13.382499694824219,13.01550006866455,13.171250343322754,361356000,NVDA
2020-11-24,12.901859283447266,12.95775032043457,13.161999702453613,12.885000228881836,13.142499923706055,346500000,NVDA
2020-11-25,13.17766284942627,13.234749794006348,13.269499778747559,13.020000457763672,13.032500267028809,259916000,NVDA
2020-11-27,13.204051971435547,13.261249542236328,13.407500267028809,13.170499801635742,13.375,167276000,NVDA
2020-11-30,13.343696594238281,13.40149974822998,13.412500381469727,12.972249984741211,13.265000343322754,286952000,NVDA
2020-12-01,13.332245826721191,13.390000343322754,13.5287504196167,13.228249549865723,13.492250442504883,296948000,NVDA
2020-12-02,13.486080169677734,13.544500350952148,13.673500061035156,13.23425006866455,13.350500106811523,283360000,NVDA
2020-12-03,13.342159271240234,13.395999908447266,13.65999984741211,13.329000473022461,13.587499618530273,199520000,NVDA
2020-12-04,13.503759384155273,13.558250427246094,13.5600004196167,13.388750076293945,13.44849967956543,202244000,NVDA
2020-12-07,13.55206298828125,13.606749534606934,13.731249809265137,13.5,13.601249694824219,223244000,NVDA
2020-12-08,13.296345710754395,13.350000381469727,13.598750114440918,13.281499862670898,13.585000038146973,271920000,NVDA
2020-12-09,12.878782272338867,12.930749893188477,13.413999557495117,12.868249893188477,13.30049991607666,401300000,NVDA
2020-12-10,12.920113563537598,12.972249984741211,13.068750381469727,12.849499702453613,12.869000434875488,207764000,NVDA
2020-12-11,12.960951805114746,13.013250350952148,13.020000457763672,12.822999954223633,12.967249870300293,209264000,NVDA
2020-12-14,13.255260467529297,13.30875015258789,13.388750076293945,13.077500343322754,13.088000297546387,270156000,NVDA
2020-12-15,13.306804656982422,13.36050033569336,13.46399974822998,13.186750411987305,13.439749717712402,193016000,NVDA
2020-12-16,13.189277648925781,13.242500305175781,13.437250137329102,13.212499618530273,13.422499656677246,223116000,NVDA
2020-12-17,13.287630081176758,13.3412504196167,13.379500389099121,13.178500175476074,13.36674976348877,231384000,NVDA
2020-12-18,13.218659400939941,13.272000312805176,13.404999732971191,13.070500373840332,13.378999710083008,342064000,NVDA
2020-12-21,13.278666496276855,13.332249641418457,13.369999885559082,12.967499732971191,13.074749946594238,302332000,NVDA
2020-12-22,13.224884986877441,13.278249740600586,13.337249755859375,13.053999900817871,13.319250106811523,185580000,NVDA
2020-12-23,12.956963539123535,13.009249687194824,13.274999618530273,13.005000114440918,13.255999565124512,179144000,NVDA
2020-12-24,12.941527366638184,12.993749618530273,13.132499694824219,12.938750267028809,13.037249565124512,97884000,NVDA
2020-12-28,12.848151206970215,12.899999618530273,13.0625,12.763250350952148,13.0625,212564000,NVDA
2020-12-29,12.891228675842285,12.943249702453613,13.072500228881836,12.842249870300293,12.925000190734863,170372000,NVDA
2020-12-30,13.092914581298828,13.145750045776367,13.213749885559082,12.896750450134277,12.990249633789062,225396000,NVDA
2020-12-31,13.002531051635742,13.055000305175781,13.151000022888184,12.914999961853027,13.136500358581543,192424000,NVDA
2021-01-04,13.060794830322266,13.113499641418457,13.65250015258789,12.962499618530273,13.104249954223633,560640000,NVDA
2021-01-05,13.350873947143555,13.404749870300293,13.443499565124512,13.086999893188477,13.099749565124512,322760000,NVDA
2021-01-06,12.563799858093262,12.614500045776367,13.244999885559082,12.586000442504883,13.22249984741211,580424000,NVDA
2021-01-07,13.290369033813477,13.343999862670898,13.377750396728516,12.886500358581543,12.967499732971191,461480000,NVDA
2021-01-08,13.223388671875,13.276749610900879,13.420999526977539,13.041999816894531,13.362500190734863,292528000,NVDA
2021-01-11,13.566756248474121,13.621500015258789,13.961000442504883,13.362500190734863,13.418749809265137,518344000,NVDA
2021-01-12,13.43055248260498,13.484749794006348,13.754500389099121,13.345000267028809,13.7524995803833,291476000,NVDA
2021-01-13,13.477367401123047,13.531749725341797,13.625,13.385000228881836,13.489999771118164,210028000,NVDA
2021-01-14,13.147197723388672,13.200249671936035,13.599749565124512,13.180500030517578,13.574999809265137,283120000,NVDA
2021-01-15,12.80781364440918,12.85949993133545,13.325249671936035,12.84850025177002,13.227999687194824,277780000,NVDA
2021-01-19,12.972899436950684,13.025250434875488,13.093999862670898,12.843999862670898,13.016249656677246,226188000,NVDA
2021-01-20,13.312034606933594,13.365750312805176,13.430500030517578,13.056750297546387,13.111749649047852,258572000,NVDA
2021-01-21,13.811763763427734,13.867500305175781,13.999250411987305,13.253000259399414,13.418499946594238,337780000,NVDA
2021-01-22,13.657386779785156,13.712499618530273,13.841750144958496,13.627249717712402,13.739999771118164,246820000,NVDA
2021-01-25,13.59837818145752,13.653249740600586,13.828499794006348,13.236499786376953,13.781749725341797,251112000,NVDA
2021-01-26,13.381257057189941,13.435250282287598,13.644749641418457,13.387499809265137,13.580499649047852,163980000,NVDA
2021-01-27,12.865830421447754,12.917750358581543,13.232749938964844,12.793749809265137,13.229999542236328,371272000,NVDA
2021-01-28,12.99854564666748,13.050999641418457,13.339750289916992,12.96049976348877,12.99625015258789,228316000,NVDA
2021-01-29,12.937542915344238,12.989749908447266,13.334750175476074,12.911499977111816,13.074999809265137,271552000,NVDA
2021-02-01,13.18380069732666,13.237000465393066,13.270750045776367,12.902750015258789,13.053250312805176,217204000,NVDA
2021-02-02,13.502264022827148,13.556750297546387,13.571999549865723,13.285499572753906,13.398750305175781,220440000,NVDA
2021-02-03,13.476119041442871,13.530500411987305,13.931750297546387,13.516500473022461,13.63599967956543,245408000,NVDA
2021-02-04,13.609333038330078,13.664250373840332,13.673500061035156,13.337750434875488,13.531000137329102,201340000,NVDA
2021-02-05,13.53637409210205,13.590999603271484,13.737250328063965,13.54574966430664,13.725000381469727,169152000,NVDA
2021-02-08,14.380721092224121,14.438750267028809,14.473750114440918,13.727250099182129,13.727250099182129,434624000,NVDA
2021-02-09,14.205924987792969,14.263250350952148,14.583250045776367,14.22249984741211,14.340749740600586,287560000,NVDA
2021-02-10,14.704911231994629,14.764249801635742,14.904999732971191,14.341500282287598,14.463250160217285,485352000,NVDA
2021-02-11,15.18945598602295,15.250749588012695,15.272250175476074,14.925000190734863,14.980250358581543,450828000,NVDA
2021-02-12,14.901118278503418,14.961250305175781,15.291250228881836,14.774999618530273,15.050000190734863,374756000,NVDA
2021-02-16,15.268638610839844,15.330249786376953,15.3725004196167,14.949999809265137,15.064249992370605,321960000,NVDA
2021-02-17,14.84609317779541,14.906000137329102,15.22350025177002,14.779999732971191,15.170999526977539,274756000,NVDA
2021-02-18,14.769404411315918,14.829000473022461,14.873250007629395,14.574999809265137,14.729000091552734,233868000,NVDA
2021-02-19,14.866510391235352,14.92650032043457,15.177000045776367,14.846750259399414,15.024499893188477,271724000,NVDA
2021-02-22,14.298052787780762,14.35575008392334,15.13325023651123,14.324999809265137,14.774749755859375,325884000,NVDA
2021-02-23,14.085162162780762,14.142000198364258,14.238750457763672,13.38949966430664,14.075249671936035,391780000,NVDA
2021-02-24,14.44072437286377,14.49899959564209,14.506750106811523,13.755999565124512,14.122750282287598,448320000,NVDA
2021-02-25,13.25401496887207,13.307499885559082,14.374750137329102,13.2162504196167,14.045499801635742,824436000,NVDA
2021-02-26,13.659379959106445,13.714500427246094,13.854499816894531,13.361000061035156,13.7524995803833,500932000,NVDA
2021-03-01,13.786118507385254,13.841750144958496,13.925000190734863,13.553250312805176,13.875,353184000,NVDA
2021-03-02,13.35236930847168,13.40625,13.920499801635742,13.395999908447266,13.899999618530273,264116000,NVDA
2021-03-03,12.753284454345703,12.804750442504883,13.451499938964844,12.798749923706055,13.426250457763672,377592000,NVDA
2021-03-04,12.32052993774414,12.37024974822998,12.975000381469727,12.083749771118164,12.800749778747559,573344000,NVDA
2021-03-05,12.411415100097656,12.46150016784668,12.550000190734863,11.67924976348877,12.550000190734863,542840000,NVDA
2021-03-08,11.54665470123291,11.593250274658203,12.4712495803833,11.566499710083008,12.449999809265137,543112000,NVDA
2021-03-09,12.474235534667969,12.52025032043457,12.61674976348877,12.059249877929688,12.130249977111816,521824000,NVDA
2021-03-10,12.422426223754883,12.468250274658203,12.979999542236328,12.457500457763672,12.840499877929688,384376000,NVDA
2021-03-11,12.945744514465332,12.993499755859375,13.046250343322754,12.73449993133545,12.949999809265137,299916000,NVDA
2021-03-12,12.808748245239258,12.855999946594238,12.888750076293945,12.59000015258789,12.648249626159668,243964000,NVDA
2021-03-15,13.142766952514648,13.19124984741211,13.20674991607666,12.767250061035156,12.864749908447266,221988000,NVDA
2021-03-16,13.242401123046875,13.291250228881836,13.512499809265137,13.11674976348877,13.356499671936035,272128000,NVDA
2021-03-17,13.292216300964355,13.3412504196167,13.45324993133545,12.989500045776367,13.039750099182129,243864000,NVDA
2021-03-18,12.675742149353027,12.72249984741211,13.184000015258789,12.717000007629395,13.136500358581543,293896000,NVDA
2021-03-19,12.79853630065918,12.845749855041504,12.921500205993652,12.612500190734863,12.75,299208000,NVDA
2021-03-22,13.137787818908691,13.186249732971191,13.394499778747559,12.906749725341797,12.912750244140625,297804000,NVDA
2021-03-23,13.022711753845215,13.07075023651123,13.344499588012695,13.021249771118164,13.254249572753906,222048000,NVDA
2021-03-24,12.596532821655273,12.642999649047852,13.159250259399414,12.636750221252441,13.151249885559082,245840000,NVDA
2021-03-25,12.489180564880371,12.535249710083008,12.714750289916992,12.272000312805176,12.499500274658203,295144000,NVDA
2021-03-26,12.792062759399414,12.839249610900879,12.856249809265137,12.373499870300293,12.554499626159668,363968000,NVDA
2021-03-29,12.900662422180176,12.948249816894531,13.0625,12.699999809265137,12.820249557495117,273520000,NVDA
2021-03-30,12.824440956115723,12.871749877929688,12.975250244140625,12.704999923706055,12.842000007629395,200204000,NVDA
2021-03-31,13.29919147491455,13.348250389099121,13.470499992370605,12.982500076293945,13.01550006866455,314776000,NVDA
2021-04-01,13.760988235473633,13.811750411987305,13.869999885559082,13.511249542236328,13.572250366210938,308276000,NVDA
2021-04-05,13.9360933303833,13.987500190734863,14.013999938964844,13.732999801635742,13.867500305175781,255672000,NVDA
2021-04-06,13.810554504394531,13.861499786376953,14.05424976348877,13.773500442504883,13.999750137329102,191744000,NVDA
2021-04-07,14.091519355773926,14.143500328063965,14.243499755859375,13.71150016784668,13.880749702453613,251284000,NVDA
2021-04-08,14.264379501342773,14.317000389099121,14.471500396728516,14.24899959564209,14.252750396728516,244416000,NVDA
2021-04-09,14.347075462341309,14.399999618530273,14.407999992370605,14.175000190734863,14.21399974822998,195172000,NVDA
2021-04-12,15.153103828430176,15.208999633789062,15.352499961853027,14.139249801635742,14.289750099182129,869324000,NVDA
2021-04-13,15.621872901916504,15.679499626159668,15.699999809265137,15.125749588012695,15.231499671936035,676212000,NVDA
2021-04-14,15.22085189819336,15.277000427246094,15.720499992370605,15.227499961853027,15.625,385500000,NVDA
2021-04-15,16.077943801879883,16.137250900268555,16.214250564575195,15.631500244140625,15.662500381469727,598480000,NVDA
2021-04-16,15.854018211364746,15.912500381469727,16.16575050354004,15.865249633789062,16.05299949645996,335208000,NVDA
2021-04-19,15.305290222167969,15.361749649047852,15.807499885559082,15.232999801635742,15.536499977111816,404420000,NVDA
2021-04-20,15.115492820739746,15.171250343322754,15.496999740600586,14.963000297546387,15.323249816894531,334132000,NVDA
2021-04-21,15.304045677185059,15.36050033569336,15.362500190734863,15.102250099182129,15.118749618530273,216776000,NVDA
2021-04-22,14.795671463012695,14.850250244140625,15.43850040435791,14.783499717712402,15.375,277788000,NVDA
2021-04-23,15.209148406982422,15.265250205993652,15.335000038146973,14.900250434875488,14.934249877929688,227500000,NVDA
2021-04-26,15.421114921569824,15.477999687194824,15.479000091552734,15.125,15.1850004196167,197796000,NVDA
2021-04-27,15.325216293334961,15.381750106811523,15.670499801635742,15.354499816894531,15.578499794006348,164572000,NVDA
2021-04-28,15.220602989196777,15.276749610900879,15.53225040435791,15.215499877929688,15.364500045776367,209416000,NVDA
2021-04-29,15.268427848815918,15.324749946594238,15.43649959564209,15.071499824523926,15.399999618530273,173196000,NVDA
2021-04-30,14.95433235168457,15.009499549865723,15.364999771118164,14.996999740600586,15.174500465393066,201912000,NVDA
2021-05-03,14.782220840454102,14.836750030517578,15.246749877929688,14.787500381469727,15.125,203912000,NVDA
2021-05-04,14.298505783081055,14.351249694824219,14.637499809265137,14.010250091552734,14.637249946594238,405324000,NVDA
2021-05-05,14.405359268188477,14.458499908447266,14.81350040435791,14.387499809265137,14.708999633789062,292024000,NVDA
2021-05-06,14.469622611999512,14.52299976348877,14.571249961853027,14.218000411987305,14.49524974822998,193380000,NVDA
2021-05-07,14.757810592651367,14.812250137329102,14.970749855041504,14.67175006866455,14.808250427246094,229328000,NVDA
2021-05-10,14.213321685791016,14.26574993133545,14.805999755859375,14.25,14.787249565124512,268904000,NVDA
2021-05-11,14.253669738769531,14.306249618530273,14.35474967956543,13.75,13.824999809265137,285584000,NVDA
2021-05-12,13.70793342590332,13.758500099182129,14.260250091552734,13.709250450134277,14.009499549865723,303408000,NVDA
2021-05-13,13.615028381347656,13.665249824523926,14.080750465393066,13.458999633789062,14.0337495803833,285404000,NVDA
2021-05-14,14.190652847290039,14.243000030517578,14.32800006866455,13.748499870300293,13.890000343322754,258616000,NVDA
2021-05-17,14.11343765258789,14.165499687194824,14.169249534606934,13.853500366210938,14.156999588012695,216980000,NVDA
2021-05-18,13.964238166809082,14.01574993133545,14.404250144958496,14.003999710083008,14.267000198364258,186256000,NVDA
2021-05-19,14.014055252075195,14.065750122070312,14.079500198364258,13.54325008392334,13.566499710083008,344000000,NVDA
2021-05-20,14.558794021606445,14.612500190734863,14.68375015258789,14.270500183105469,14.302499771118164,321592000,NVDA
2021-05-21,14.936649322509766,14.99174976348877,15.222000122070312,14.869500160217285,15.163749694824219,672992000,NVDA
2021-05-24,15.554620742797852,15.612000465393066,15.744999885559082,15.175999641418457,15.212499618530273,554816000,NVDA
2021-05-25,15.590238571166992,15.647749900817871,15.818499565124512,15.482500076293945,15.765999794006348,435408000,NVDA
2021-05-26,15.64229679107666,15.699999809265137,15.793749809265137,15.586250305175781,15.73425006866455,370440000,NVDA
2021-05-27,15.43107795715332,15.48799991607666,15.75,15.460000038146973,15.699749946594238,581476000,NVDA
2021-05-28,16.184797286987305,16.24449920654297,16.27750015258789,15.50100040435791,15.50100040435791,644536000,NVDA
2021-06-01,16.204727172851562,16.26449966430664,16.38825035095215,15.903249740600586,16.270000457763672,472804000,NVDA
2021-06-02,16.716583251953125,16.778249740600586,16.918750762939453,16.23550033569336,16.25225067138672,594168000,NVDA
2021-06-03,16.90738296508789,16.969749450683594,17.259000778198242,16.58300018310547,16.70075035095215,580008000,NVDA
2021-06-04,17.51364517211914,17.578250885009766,17.660999298095703,17.095500946044922,17.112499237060547,617120000,NVDA
2021-06-07,17.55424690246582,17.618999481201172,17.8125,17.192750930786133,17.571250915527344,575756000,NVDA
2021-06-08,17.392841339111328,17.457000732421875,17.62150001525879,17.250999450683594,17.527250289916992,323848000,NVDA
2021-06-09,17.298418045043945,17.35824966430664,17.575000762939453,17.25575065612793,17.515750885009766,381656000,NVDA
2021-06-10,17.36493682861328,17.424999237060547,17.492000579833984,17.176000595092773,17.350000381469727,287772000,NVDA
2021-06-11,17.763809204101562,17.82525062561035,17.939250946044922,17.443750381469727,17.47949981689453,416308000,NVDA
2021-06-14,17.956642150878906,18.018749237060547,18.039499282836914,17.662750244140625,17.9060001373291,321376000,NVDA
2021-06-15,17.727184295654297,17.78849983215332,18.016250610351562,17.72800064086914,17.915000915527344,243032000,NVDA
2021-06-16,17.748859405517578,17.81024932861328,17.954750061035156,17.58449935913086,17.79075050354004,307124000,NVDA
2021-06-17,18.592939376831055,18.657249450683594,18.834999084472656,17.756250381469727,17.774499893188477,809656000,NVDA
2021-06-18,18.57450294494629,18.638750076293945,19.375,18.583999633789062,18.784000396728516,968856000,NVDA
2021-06-21,18.36372947692871,18.427249908447266,18.536500930786133,17.822750091552734,18.43524932861328,672384000,NVDA
2021-06-22,18.821653366088867,18.886749267578125,18.9637508392334,18.38599967956543,18.471500396728516,580144000,NVDA
2021-06-23,18.991558074951172,19.057249069213867,19.15275001525879,18.90774917602539,19.007749557495117,332356000,NVDA
2021-06-24,19.139291763305664,19.20549964904785,19.420000076293945,19.08824920654297,19.227750778198242,320924000,NVDA
2021-06-25,18.965402603149414,19.0310001373291,19.345500946044922,18.894500732421875,19.280500411987305,278364000,NVDA
2021-06-28,19.91611099243164,19.985000610351562,20.078750610351562,19.319000244140625,19.361249923706055,495436000,NVDA
2021-06-29,19.957721710205078,20.026750564575195,20.0987491607666,19.656999588012695,19.88249969482422,367632000,NVDA
2021-06-30,19.93355369567871,20.002500534057617,20.162500381469727,19.863750457763672,19.999250411987305,326568000,NVDA
2021-07-01,20.142330169677734,20.211999893188477,20.45599937438965,20.018999099731445,20.125,480136000,NVDA
2021-07-02,20.416379928588867,20.48699951171875,20.505250930786133,20.287750244140625,20.440250396728516,342764000,NVDA
2021-07-06,20.627153396606445,20.69849967956543,20.841999053955078,20.350250244140625,20.737499237060547,446708000,NVDA
2021-07-07,20.301528930664062,20.371749877929688,20.875,20.332000732421875,20.853500366210938,418428000,NVDA
2021-07-08,19.834144592285156,19.90275001525879,20.132999420166016,19.70075035095215,19.85650062561035,503300000,NVDA
2021-07-09,19.981136322021484,20.050249099731445,20.080249786376953,19.754249572753906,19.962499618530273,296624000,NVDA
2021-07-12,20.441797256469727,20.512500762939453,20.53274917602539,20.1877498626709,20.239999771118164,321984000,NVDA
2021-07-13,20.180198669433594,20.25,20.46125030517578,20.11400032043457,20.40049934387207,290708000,NVDA
2021-07-14,19.77310562133789,19.84149932861328,20.417749404907227,19.752750396728516,20.357749938964844,380100000,NVDA
2021-07-15,18.900869369506836,18.966249465942383,19.847000122070312,18.85849952697754,19.811750411987305,550564000,NVDA
2021-07-16,18.098398208618164,18.160999298095703,19.156999588012695,18.072999954223633,19.030500411987305,688224000,NVDA
2021-07-19,18.715015411376953,18.77975082397461,19.04199981689453,17.86549949645996,17.915250778198242,749060000,NVDA
2021-07-20,18.547847747802734,18.61199951171875,18.83799934387207,18.163999557495117,18.729999542236328,434687000,NVDA
2021-07-21,19.34309196472168,19.40999984741211,19.527000427246094,18.742000579833984,18.881999969482422,371017000,NVDA
2021-07-22,19.52645492553711,19.5939998626709,19.886999130249023,19.275999069213867,19.642000198364258,323826000,NVDA
2021-07-23,19.49058723449707,19.558000564575195,19.700000762939453,19.25,19.6560001373291,195672000,NVDA
2021-07-26,19.227497100830078,19.29400062561035,19.441999435424805,18.913999557495117,19.31100082397461,203943000,NVDA
2021-07-27,19.141788482666016,19.20800018310547,19.621999740600586,18.740999221801758,19.264999389648438,248863000,NVDA
2021-07-28,19.435773849487305,19.503000259399414,19.645999908447266,18.9950008392334,19.319000244140625,202191000,NVDA
2021-07-29,19.59422492980957,19.66200065612793,19.85300064086914,19.327999114990234,19.518999099731445,190781000,NVDA
2021-07-30,19.431785583496094,19.499000549316406,19.6299991607666,19.26300048828125,19.417999267578125,183497000,NVDA
2021-08-02,19.681922912597656,19.75,19.961000442504883,19.361000061035156,19.700000762939453,217444000,NVDA
2021-08-03,19.7466983795166,19.815000534057617,20.222000122070312,19.219999313354492,19.739999771118164,301811000,NVDA
2021-08-04,20.204113006591797,20.27400016784668,20.31800079345703,19.827999114990234,19.989999771118164,231309000,NVDA
2021-08-05,20.565868377685547,20.636999130249023,20.732999801635742,20.341999053955078,20.5,211435000,NVDA
2021-08-06,20.295795440673828,20.365999221801758,20.56999969482422,20.209999084472656,20.52400016784668,178497000,NVDA
2021-08-09,20.22504425048828,20.295000076293945,20.507999420166016,20.14299964904785,20.445999145507812,146443000,NVDA
2021-08-10,19.86728858947754,19.93600082397461,20.43000030517578,19.834999084472656,20.32200050354004,179238000,NVDA
2021-08-11,19.631099700927734,19.698999404907227,20.048999786376953,19.43000030517578,20.042999267578125,185925000,NVDA
2021-08-12,19.836389541625977,19.905000686645508,20.02899932861328,19.6200008392334,19.8700008392334,151652000,NVDA
2021-08-13,20.118417739868164,20.187999725341797,20.214000701904297,19.85099983215332,19.905000686645508,183063000,NVDA
2021-08-16,19.88123321533203,19.950000762939453,20.28700065612793,19.452999114990234,20.135000228881836,210876000,NVDA
2021-08-17,19.39093017578125,19.45800018310547,19.770000457763672,19.267000198364258,19.684999465942383,204585000,NVDA
2021-08-18,18.974369049072266,19.040000915527344,19.634000778198242,19.0,19.5,285913000,NVDA
2021-08-19,19.72975730895996,19.79800033569336,20.4950008392334,18.761999130249023,19.493999481201172,766555000,NVDA
2021-08-20,20.74424934387207,20.81599998474121,20.864999771118164,19.933000564575195,19.990999221801758,675741000,NVDA
2021-08-23,21.882308959960938,21.95800018310547,21.996999740600586,20.950000762939453,20.97100067138672,575807000,NVDA
2021-08-24,21.71788215637207,21.792999267578125,21.958999633789062,21.53499984741211,21.753000259399414,297299000,NVDA
2021-08-25,22.136430740356445,22.21299934387207,22.469999313354492,21.722000122070312,21.73699951171875,347701000,NVDA
2021-08-26,21.991931915283203,22.06800079345703,22.34000015258789,21.790000915527344,22.200000762939453,237940000,NVDA
2021-08-27,22.55797576904297,22.63599967956543,22.722000122070312,22.16699981689453,22.18400001525879,304722000,NVDA
2021-08-30,22.609792709350586,22.687999725341797,23.042999267578125,22.551000595092773,22.829999923706055,262580000,NVDA
2021-08-31,22.31177520751953,22.385000228881836,22.69499969482422,22.1200008392334,22.69499969482422,259850000,NVDA
2021-09-01,22.367591857910156,22.44099998474121,22.69700050354004,22.35700035095215,22.485000610351562,201767000,NVDA
2021-09-02,22.32274055480957,22.395999908447266,22.593000411987305,22.295000076293945,22.51799964904785,187834000,NVDA
2021-09-03,22.768272399902344,22.843000411987305,22.986000061035156,22.200000762939453,22.325000762939453,280532000,NVDA
2021-09-07,22.587867736816406,22.66200065612793,22.89900016784668,22.52199935913086,22.83300018310547,198107000,NVDA
2021-09-08,22.26592445373535,22.339000701904297,22.610000610351562,21.976999282836914,22.51300048828125,254434000,NVDA
2021-09-09,22.104454040527344,22.177000045776367,22.538000106811523,22.131000518798828,22.312000274658203,196856000,NVDA
2021-09-10,22.404468536376953,22.47800064086914,22.625999450683594,22.270000457763672,22.347999572753906,248376000,NVDA
2021-09-13,22.079538345336914,22.152000427246094,22.964000701904297,21.857999801635742,22.68400001525879,297500000,NVDA
2021-09-14,22.169248580932617,22.242000579833984,22.40999984741211,22.086000442504883,22.274999618530273,199755000,NVDA
2021-09-15,22.26791763305664,22.340999603271484,22.367000579833984,21.965999603271484,22.30900001525879,166538000,NVDA
2021-09-16,22.169248580932617,22.242000579833984,22.277000427246094,21.927000045776367,22.183000564575195,156033000,NVDA
2021-09-17,21.828359603881836,21.899999618530273,22.320999145507812,21.829999923706055,22.299999237060547,294503000,NVDA
2021-09-20,21.043933868408203,21.113000869750977,21.433000564575195,20.66200065612793,21.145999908447266,349440000,NVDA
2021-09-21,21.176496505737305,21.246000289916992,21.424999237060547,20.950000762939453,21.41699981689453,204688000,NVDA
2021-09-22,21.86922836303711,21.94099998474121,21.959999084472656,21.195999145507812,21.365999221801758,268726000,NVDA
2021-09-23,22.4084529876709,22.48200035095215,22.53499984741211,21.889999389648438,22.139999389648438,248555000,NVDA
2021-09-24,22.008769989013672,22.08099937438965,22.14900016784668,21.861000061035156,22.06999969482422,217655000,NVDA
2021-09-27,21.589149475097656,21.65999984741211,21.798999786376953,21.325000762939453,21.709999084472656,245215000,NVDA
2021-09-28,20.63128662109375,20.698999404907227,21.41900062561035,20.650999069213867,21.214000701904297,343069000,NVDA
2021-09-29,20.44988250732422,20.517000198364258,21.017000198364258,20.466999053955078,20.940000534057617,218394000,NVDA
2021-09-30,20.64823341369629,20.715999603271484,21.06599998474121,20.687999725341797,20.76799964904785,221009000,NVDA
2021-10-01,20.674152374267578,20.742000579833984,20.858999252319336,20.202999114990234,20.75,240978000,NVDA
2021-10-04,19.667451858520508,19.73200035095215,20.54199981689453,19.55500030517578,20.503999710083008,345635000,NVDA
2021-10-05,20.38409996032715,20.451000213623047,20.648000717163086,19.854000091552734,19.950000762939453,279282000,NVDA
2021-10-06,20.632286071777344,20.700000762939453,20.719999313354492,20.079999923706055,20.1200008392334,297202000,NVDA
2021-10-07,21.006061553955078,21.075000762939453,21.32200050354004,20.972000122070312,21.091999053955078,256919000,NVDA
2021-10-08,20.762853622436523,20.83099937438965,21.20599937438965,20.774999618530273,21.10099983215332,151258000,NVDA
2021-10-11,20.62730598449707,20.69499969482422,21.062999725341797,20.51099967956543,20.575000762939453,163388000,NVDA
2021-10-12,20.603382110595703,20.67099952697754,21.05699920654297,20.527999877929688,20.827999114990234,162134000,NVDA
2021-10-13,20.870502471923828,20.93899917602539,20.989999771118164,20.71299934387207,20.917999267578125,180652000,NVDA
2021-10-14,21.67486000061035,21.746000289916992,21.7549991607666,21.121999740600586,21.288000106811523,243589000,NVDA
2021-10-15,21.790489196777344,21.86199951171875,21.930999755859375,21.66200065612793,21.809999465942383,226994000,NVDA
2021-10-18,22.149311065673828,22.222000122070312,22.291000366210938,21.643999099731445,21.749000549316406,189494000,NVDA
2021-10-19,22.21708106994629,22.290000915527344,22.378999710083008,22.03700065612793,22.275999069213867,161473000,NVDA
2021-10-20,22.03070068359375,22.10300064086914,22.433000564575195,21.98200035095215,22.30500030517578,146276000,NVDA
2021-10-21,22.61777114868164,22.691999435424805,22.711000442504883,22.08300018310547,22.097000122070312,187590000,NVDA
2021-10-22,22.651655197143555,22.72599983215332,23.1299991607666,22.56100082397461,22.822999954223633,249384000,NVDA
2021-10-25,23.09021759033203,23.166000366210938,23.354999542236328,22.770000457763672,22.972999572753906,230235000,NVDA
2021-10-26,24.636144638061523,24.716999053955078,25.259000778198242,23.923999786376953,23.98900032043457,485898000,NVDA
2021-10-27,24.371013641357422,24.451000213623047,25.09000015258789,24.281999588012695,24.474000930786133,245990000,NVDA
2021-10-28,24.859413146972656,24.94099998474121,24.950000762939453,24.523000717163086,24.878000259399414,234204000,NVDA
2021-10-29,25.483367919921875,25.566999435424805,25.708999633789062,25.0,25.000999450683594,292503000,NVDA
2021-11-01,25.742511749267578,25.82699966430664,25.893999099731445,25.226999282836914,25.64900016784668,265740000,NVDA
2021-11-02,26.31463623046875,26.400999069213867,26.67799949645996,25.799999237060547,25.82200050354004,294112000,NVDA
2021-11-03,26.510990142822266,26.597999572753906,26.784000396728516,26.235000610351562,26.670000076293945,239910000,NVDA
2021-11-04,29.703519821166992,29.801000595092773,31.364999771118164,27.118000030517578,27.229000091552734,1153631000,NVDA
2021-11-05,29.654672622680664,29.75200080871582,31.399999618530273,29.40999984741211,30.187000274658203,851260000,NVDA
2021-11-08,30.703227996826172,30.804000854492188,31.100000381469727,29.906999588012695,30.14900016784668,503101000,NVDA
2021-11-09,30.556713104248047,30.656999588012695,32.310001373291016,29.964000701904297,32.28200149536133,646746000,NVDA
2021-11-10,29.36263084411621,29.458999633789062,30.850000381469727,28.777999877929688,29.356000900268555,636206000,NVDA
2021-11-11,30.29058265686035,30.389999389648438,30.59000015258789,29.777000427246094,30.468000411987305,332172000,NVDA
2021-11-12,30.29058265686035,30.389999389648438,30.68000030517578,29.6299991607666,30.010000228881836,413054000,NVDA
2021-11-15,29.926782608032227,30.024999618530273,30.643999099731445,29.246999740600586,30.552000045776367,384909000,NVDA
2021-11-16,30.104196548461914,30.202999114990234,30.389999389648438,29.70599937438965,29.759000778198242,264484000,NVDA
2021-11-17,29.165281295776367,29.26099967956543,30.509000778198242,28.799999237060547,30.417999267578125,428508000,NVDA
2021-11-18,31.57138442993164,31.674999237060547,32.7599983215332,31.320999145507812,32.367000579833984,781711000,NVDA
2021-11-19,32.87709426879883,32.98500061035156,33.0880012512207,31.905000686645508,32.24300003051758,533867000,NVDA
2021-11-22,31.851465225219727,31.95599937438965,34.64699935913086,31.899999618530273,33.516998291015625,754335000,NVDA
2021-11-23,31.642154693603516,31.746000289916992,32.36000061035156,30.8799991607666,31.53499984741211,532163000,NVDA
2021-11-24,32.56711959838867,32.67399978637695,32.85499954223633,30.92799949645996,31.461000442504883,435162000,NVDA
2021-11-26,31.399944305419922,31.503000259399414,32.709999084472656,31.350000381469727,32.599998474121094,283069000,NVDA
2021-11-29,33.266815185546875,33.375999450683594,33.4119987487793,32.0359992980957,32.36600112915039,454964000,NVDA
2021-11-30,32.5691032409668,32.67599868774414,33.35300064086914,31.86400032043457,33.16899871826172,622066000,NVDA
2021-12-01,31.336002349853516,31.434999465942383,33.28900146484375,31.3799991607666,33.21900177001953,484368000,NVDA
2021-12-02,32.02483367919922,32.125999450683594,32.47800064086914,31.024999618530273,31.214000701904297,472890000,NVDA
2021-12-03,30.596338272094727,30.69300079345703,32.12900161743164,30.1299991607666,32.0,544325000,NVDA
2021-12-06,29.942407608032227,30.03700065612793,30.240999221801758,28.038000106811523,29.8799991607666,658938000,NVDA
2021-12-07,32.32487487792969,32.426998138427734,32.44900131225586,30.650999069213867,30.957000732421875,593053000,NVDA
2021-12-08,31.725772857666016,31.826000213623047,32.290000915527344,31.42099952697754,31.999000549316406,475551000,NVDA
2021-12-09,30.393980026245117,30.489999771118164,32.20500183105469,30.42799949645996,31.733999252319336,488507000,NVDA
2021-12-10,30.10289764404297,30.197999954223633,31.30500030517578,29.861000061035156,31.149999618530273,488825000,NVDA
2021-12-13,28.072317123413086,28.160999298095703,30.29400062561035,28.115999221801758,30.249000549316406,598344000,NVDA
2021-12-14,28.247764587402344,28.336999893188477,28.67799949645996,27.25,27.698999404907227,667035000,NVDA
2021-12-15,30.363080978393555,30.458999633789062,30.5,27.83799934387207,28.399999618530273,698297000,NVDA
2021-12-16,28.2976016998291,28.386999130249023,31.15999984741211,28.093000411987305,31.152000427246094,707366000,NVDA
2021-12-17,27.713451385498047,27.801000595092773,28.922000885009766,27.760000228881836,27.985000610351562,713758000,NVDA
2021-12-20,27.63170623779297,27.7189998626709,28.143999099731445,27.145000457763672,27.30500030517578,461847000,NVDA
2021-12-21,28.983434677124023,29.075000762939453,29.1200008392334,27.400999069213867,28.374000549316406,524385000,NVDA
2021-12-22,29.307411193847656,29.399999618530273,29.55500030517578,28.448999404907227,28.891000747680664,395184000,NVDA
2021-12-23,29.54665756225586,29.639999389648438,30.05900001525879,29.430999755859375,29.7549991607666,343022000,NVDA
2021-12-27,30.84754753112793,30.94499969482422,31.086999893188477,29.639999389648438,29.65999984741211,403686000,NVDA
2021-12-28,30.22650718688965,30.32200050354004,31.329999923706055,30.011999130249023,31.312000274658203,420591000,NVDA
2021-12-29,29.90652084350586,30.000999450683594,30.54800033569336,29.365999221801758,30.273000717163086,343139000,NVDA
2021-12-30,29.492830276489258,29.586000442504883,30.457000732421875,29.540000915527344,29.82699966430664,308864000,NVDA
2021-12-31,29.318376541137695,29.410999298095703,30.030000686645508,29.33099937438965,29.673999786376953,266530000,NVDA
2022-01-03,30.026140213012695,30.121000289916992,30.711000442504883,29.78499984741211,29.815000534057617,391547000,NVDA
2022-01-04,29.1977596282959,29.290000915527344,30.468000411987305,28.349000930786133,30.277000427246094,527154000,NVDA
2022-01-05,27.517070770263672,27.604000091552734,29.416000366210938,27.533000946044922,28.948999404907227,498064000,NVDA
2022-01-06,28.089258193969727,28.17799949645996,28.437999725341797,27.065000534057617,27.639999389648438,454186000,NVDA
2022-01-07,27.16119384765625,27.246999740600586,28.422000885009766,27.05699920654297,28.141000747680664,409939000,NVDA
2022-01-10,27.3137149810791,27.399999618530273,27.4689998626709,25.643999099731445,26.58099937438965,594681000,NVDA
2022-01-11,27.72939682006836,27.816999435424805,28.065000534057617,26.839000701904297,27.322999954223633,404089000,NVDA
2022-01-12,27.910825729370117,27.999000549316406,28.594999313354492,27.607999801635742,28.066999435424805,383413000,NVDA
2022-01-13,26.491310119628906,26.575000762939453,28.479999542236328,26.49799919128418,28.378999710083008,540171000,NVDA
2022-01-14,26.85715675354004,26.941999435424805,27.19700050354004,26.209999084472656,26.299999237060547,395832000,NVDA
2022-01-18,25.82142448425293,25.902999877929688,26.63800048828125,25.770000457763672,26.260000228881836,424270000,NVDA
2022-01-19,24.988059997558594,25.066999435424805,26.542999267578125,25.052000045776367,26.07900047302246,488315000,NVDA
2022-01-20,24.073949813842773,24.149999618530273,25.57900047302246,24.077999114990234,25.304000854492188,435181000,NVDA
2022-01-21,23.300392150878906,23.374000549316406,24.822999954223633,23.26300048828125,23.506999969482422,718958000,NVDA
2022-01-24,23.298397064208984,23.371999740600586,23.3799991607666,20.88800048828125,22.329999923706055,913982000,NVDA
2022-01-25,22.253698348999023,22.323999404907227,22.94300079345703,22.0,22.54599952697754,664616000,NVDA
2022-01-26,22.700286865234375,22.77199935913086,24.05699920654297,22.299999237060547,23.239999771118164,755959000,NVDA
2022-01-27,21.87489128112793,21.944000244140625,23.9950008392334,21.674999237060547,23.56800079345703,573353000,NVDA
2022-01-28,22.768075942993164,22.84000015258789,22.857999801635742,21.29599952697754,22.011999130249023,543774000,NVDA
2022-01-31,24.408885955810547,24.486000061035156,24.509000778198242,23.052000045776367,23.18199920654297,564680000,NVDA
2022-02-01,24.560407638549805,24.63800048828125,25.145000457763672,23.889999389648438,25.104000091552734,518925000,NVDA
2022-02-02,25.162508010864258,25.242000579833984,25.816999435424805,24.55299949645996,25.79400062561035,543419000,NVDA
2022-02-03,23.87258529663086,23.947999954223633,25.07699966430664,23.780000686645508,24.45800018310547,410178000,NVDA
2022-02-04,24.242412567138672,24.319000244140625,24.635000228881836,23.631999969482422,23.972000122070312,354829000,NVDA
2022-02-07,24.65012550354004,24.72800064086914,25.18199920654297,24.20199966430664,24.371999740600586,376868000,NVDA
2022-02-08,25.0289306640625,25.107999801635742,25.229999542236328,23.979999542236328,24.358999252319336,410359000,NVDA
2022-02-09,26.620901107788086,26.704999923706055,26.725000381469727,25.35300064086914,25.621999740600586,524282000,NVDA
2022-02-10,25.742673873901367,25.823999404907227,26.924999237060547,25.600000381469727,25.9950008392334,513200000,NVDA
2022-02-11,23.873577117919922,23.948999404907227,26.152000427246094,23.773000717163086,25.916000366210938,605472000,NVDA
2022-02-14,24.190580368041992,24.267000198364258,24.875,23.7549991607666,23.93400001525879,440424000,NVDA
2022-02-15,26.411561965942383,26.4950008392334,26.545000076293945,24.784000396728516,24.948999404907227,699869000,NVDA
2022-02-16,26.427513122558594,26.51099967956543,26.582000732421875,25.552000045776367,26.259000778198242,732676000,NVDA
2022-02-17,24.429826736450195,24.506999969482422,25.78499984741211,24.165000915527344,25.6299991607666,810595000,NVDA
2022-02-18,23.56754493713379,23.642000198364258,24.986000061035156,23.100000381469727,24.667999267578125,761255000,NVDA
2022-02-22,23.31633949279785,23.389999389648438,24.06399917602539,23.0,23.03499984741211,633422000,NVDA
2022-02-23,22.316497802734375,22.386999130249023,24.155000686645508,22.301000595092773,23.802000045776367,566511000,NVDA
2022-02-24,23.673206329345703,23.74799919128418,23.799999237060547,20.889999389648438,21.014999389648438,735801000,NVDA
2022-02-25,24.0809268951416,24.156999588012695,24.216999053955078,23.381000518798828,23.72100067138672,528866000,NVDA
2022-02-28,24.308208465576172,24.385000228881836,24.665000915527344,23.707000732421875,23.992000579833984,477319000,NVDA
2022-03-01,23.403066635131836,23.476999282836914,24.37700080871582,23.131999969482422,24.291000366210938,412056000,NVDA
2022-03-02,24.14784049987793,24.219999313354492,24.409000396728516,23.415000915527344,23.756000518798828,389642000,NVDA
2022-03-03,23.64335060119629,23.714000701904297,24.326000213623047,23.4689998626709,24.261999130249023,365095000,NVDA
2022-03-04,22.867666244506836,22.93600082397461,23.68000030517578,22.48200035095215,23.384000778198242,431415000,NVDA
2022-03-07,21.28838348388672,21.351999282836914,23.033000946044922,21.329999923706055,22.816999435424805,450821000,NVDA
2022-03-08,21.44990348815918,21.513999938964844,22.37299919128418,20.649999618530273,21.30900001525879,557467000,NVDA
2022-03-09,22.9454345703125,23.013999938964844,23.219999313354492,22.246999740600586,22.386999130249023,492742000,NVDA
2022-03-10,22.590496063232422,22.658000946044922,22.788000106811523,21.881999969482422,22.5310001373291,428066000,NVDA
2022-03-11,22.034156799316406,22.100000381469727,23.145000457763672,22.04599952697754,23.02199935913086,367209000,NVDA
2022-03-14,21.266448974609375,21.329999923706055,22.261999130249023,21.159000396728516,21.868999481201172,385354000,NVDA
2022-03-15,22.90455436706543,22.972999572753906,23.038000106811523,21.32200050354004,21.51799964904785,491996000,NVDA
2022-03-16,24.42302131652832,24.496000289916992,24.597000122070312,23.172000885009766,23.5,671422000,NVDA
2022-03-17,24.692214965820312,24.766000747680664,24.841999053955078,23.9060001373291,24.1200008392334,471941000,NVDA
2022-03-18,26.374191284179688,26.452999114990234,26.569000244140625,24.624000549316406,24.798999786376953,730719000,NVDA
2022-03-21,26.65435028076172,26.733999252319336,27.152000427246094,25.966999053955078,26.506999969482422,591727000,NVDA
2022-03-22,26.444978713989258,26.52400016784668,27.238000869750977,26.07200050354004,26.726999282836914,547007000,NVDA
2022-03-23,25.557626724243164,25.634000778198242,26.61199951171875,25.575000762939453,26.125999450683594,502120000,NVDA
2022-03-24,28.066129684448242,28.149999618530273,28.31999969482422,25.906999588012695,26.166000366210938,877379000,NVDA
2022-03-25,27.6094970703125,27.691999435424805,28.357999801635742,27.270999908447266,27.88599967956543,579016000,NVDA
2022-03-28,28.13492774963379,28.2189998626709,28.25,27.20599937438965,27.756000518798828,425494000,NVDA
2022-03-29,28.570627212524414,28.6560001373291,28.945999145507812,27.979999542236328,28.69499969482422,488984000,NVDA
2022-03-30,27.607501983642578,27.690000534057617,28.496000289916992,27.503000259399414,28.304000854492188,463487000,NVDA
2022-03-31,27.204710006713867,27.285999298095703,28.24799919128418,27.270000457763672,27.781999588012695,523440000,NVDA
2022-04-01,26.632415771484375,26.711999893188477,27.496000289916992,26.267000198364258,27.375,517235000,NVDA
2022-04-04,27.278486251831055,27.360000610351562,27.558000564575195,26.613000869750977,26.72800064086914,397120000,NVDA
2022-04-05,25.853742599487305,25.930999755859375,27.319000244140625,25.81999969482422,27.253999710083008,436615000,NVDA
2022-04-06,24.334285736083984,24.406999588012695,25.299999237060547,24.003000259399414,24.93400001525879,703833000,NVDA
2022-04-07,24.135873794555664,24.20800018310547,24.722000122070312,23.47800064086914,24.44099998474121,557992000,NVDA
2022-04-08,23.050121307373047,23.118999481201172,23.92300033569336,23.062000274658203,23.91699981689453,524781000,NVDA
2022-04-11,21.85169792175293,21.91699981689453,22.31999969482422,21.65999984741211,22.214000701904297,575207000,NVDA
2022-04-12,21.43992805480957,21.503999710083008,22.725000381469727,21.281999588012695,22.53700065612793,662258000,NVDA
2022-04-13,22.13684844970703,22.202999114990234,22.5,21.454999923706055,21.72800064086914,516943000,NVDA
2022-04-14,21.194664001464844,21.257999420166016,22.777000427246094,21.163000106811523,22.5049991607666,569097000,NVDA
2022-04-18,21.718103408813477,21.783000946044922,22.08799934387207,21.07900047302246,21.200000762939453,525701000,NVDA
2022-04-19,22.13186264038086,22.197999954223633,22.37299919128418,21.31399917602539,21.719999313354492,512781000,NVDA
2022-04-20,21.41799545288086,21.48200035095215,22.670000076293945,21.200000762939453,22.517000198364258,468974000,NVDA
2022-04-21,20.122865676879883,20.183000564575195,22.392000198364258,20.0,21.708999633789062,656209000,NVDA
2022-04-22,19.456857681274414,19.514999389648438,20.486000061035156,19.5,20.30299949645996,624713000,NVDA
2022-04-25,19.84270668029785,19.902000427246094,19.94499969482422,19.09600067138672,19.20199966430664,641566000,NVDA
2022-04-26,18.732023239135742,18.788000106811523,19.788000106811523,18.670000076293945,19.718000411987305,653143000,NVDA
2022-04-27,18.360136032104492,18.415000915527344,19.16699981689453,18.290000915527344,18.597999572753906,499460000,NVDA
2022-04-28,19.723064422607422,19.781999588012695,20.03700065612793,18.489999771118164,18.966999053955078,570327000,NVDA
2022-04-29,18.491744995117188,18.547000885009766,20.128000259399414,18.517000198364258,19.402000427246094,500435000,NVDA
2022-05-02,19.474809646606445,19.533000946044922,19.573999404907227,18.391000747680664,18.541000366210938,572049000,NVDA
2022-05-03,19.543598175048828,19.601999282836914,19.825000762939453,19.132999420166016,19.399999618530273,475751000,NVDA
2022-05-04,20.273418426513672,20.333999633789062,20.399999618530273,18.750999450683594,19.92300033569336,648855000,NVDA
2022-05-05,18.78785514831543,18.8439998626709,19.924999237060547,18.5,19.867000579833984,626331000,NVDA
2022-05-06,18.619359970092773,18.674999237060547,19.511999130249023,17.989999771118164,18.736000061035156,633297000,NVDA
2022-05-09,16.89950180053711,16.950000762939453,18.2549991607666,16.82699966430664,18.034000396728516,644455000,NVDA
2022-05-10,17.54257583618164,17.594999313354492,18.197999954223633,17.024999618530273,17.68899917602539,761474000,NVDA
2022-05-11,16.5804500579834,16.6299991607666,17.753000259399414,16.56800079345703,17.347000122070312,670167000,NVDA
2022-05-12,16.12681007385254,16.174999237060547,16.788000106811523,15.567000389099121,16.2189998626709,708728000,NVDA
2022-05-13,17.653247833251953,17.70599937438965,17.92799949645996,16.593000411987305,16.788000106811523,670437000,NVDA
2022-05-16,17.212560653686523,17.263999938964844,17.788000106811523,17.106000900268555,17.509000778198242,521446000,NVDA
2022-05-17,18.12284278869629,18.177000045776367,18.371000289916992,17.634000778198242,18.073999404907227,585830000,NVDA
2022-05-18,16.887531280517578,16.937999725341797,18.118000030517578,16.86400032043457,17.704999923706055,545161000,NVDA
2022-05-19,17.07298469543457,17.124000549316406,17.687000274658203,16.733999252319336,16.937000274658203,621310000,NVDA
2022-05-20,16.644258499145508,16.694000244140625,17.40999984741211,15.755000114440918,17.332000732421875,739105000,NVDA
2022-05-23,16.84765625,16.898000717163086,16.915000915527344,16.179000854492188,16.27400016784668,639889000,NVDA
2022-05-24,16.10586929321289,16.15399932861328,16.597000122070312,15.779999732971191,16.510000228881836,588550000,NVDA
2022-05-25,16.924427032470703,16.975000381469727,17.111000061035156,16.0,16.020000457763672,781132000,NVDA
2022-05-26,17.797815322875977,17.85099983215332,18.091999053955078,16.02199935913086,16.035999298095703,996575000,NVDA
2022-05-27,18.754953384399414,18.81100082397461,18.881000518798828,18.100000381469727,18.18600082397461,738379000,NVDA
2022-05-31,18.61637306213379,18.672000885009766,19.200000762939453,18.350000381469727,18.979999542236328,664100000,NVDA
2022-06-01,18.265417098999023,18.31999969482422,19.05299949645996,18.121999740600586,18.724000930786133,544514000,NVDA
2022-06-02,19.533628463745117,19.591999053955078,19.618999481201172,18.197999954223633,18.29199981689453,648656000,NVDA
2022-06-03,18.664222717285156,18.719999313354492,19.332000732421875,18.52199935913086,19.082000732421875,598779000,NVDA
2022-06-06,18.73002815246582,18.785999298095703,19.336999893188477,18.56399917602539,19.138999938964844,422406000,NVDA
2022-06-07,18.869609832763672,18.926000595092773,19.0,18.187999725341797,18.472000122070312,388914000,NVDA
2022-06-08,18.59637451171875,18.648000717163086,19.18000030517578,18.53499984741211,18.798999786376953,363252000,NVDA
2022-06-09,17.99803352355957,18.04800033569336,18.933000564575195,18.041000366210938,18.481000900268555,395574000,NVDA
2022-06-10,16.9270076751709,16.974000930786133,17.69700050354004,16.868999481201172,17.600000381469727,465248000,NVDA
2022-06-13,15.603680610656738,15.647000312805176,16.312000274658203,15.605999946594238,16.0,604153000,NVDA
2022-06-14,15.792157173156738,15.836000442504883,16.06599998474121,15.411999702453613,15.730999946594238,469680000,NVDA
2022-06-15,16.48124122619629,16.527000427246094,16.868000030517578,15.925999641418457,16.094999313354492,563936000,NVDA
2022-06-16,15.557806968688965,15.60099983215332,15.942000389099121,15.401000022888184,15.859999656677246,545749000,NVDA
2022-06-17,15.836033821105957,15.880000114440918,15.994999885559082,15.32800006866455,15.64799976348877,630334000,NVDA
2022-06-21,16.52013397216797,16.56599998474121,17.007999420166016,16.406999588012695,16.475000381469727,483089000,NVDA
2022-06-22,16.31470489501953,16.360000610351562,16.66200065612793,16.18000030517578,16.22599983215332,437135000,NVDA
2022-06-23,16.180078506469727,16.225000381469727,16.584999084472656,15.852999687194824,16.518999099731445,463680000,NVDA
2022-06-24,17.078580856323242,17.125999450683594,17.139999389648438,16.309999465942383,16.5,472153000,NVDA
2022-06-27,16.822298049926758,16.868999481201172,17.329999923706055,16.625999450683594,17.312000274658203,427968000,NVDA
2022-06-28,15.937753677368164,15.982000350952148,17.20199966430664,15.944999694824219,16.899999618530273,461149000,NVDA
2022-06-29,15.498970985412598,15.541999816894531,15.819999694824219,15.170000076293945,15.814000129699707,482352000,NVDA
2022-06-30,15.117032051086426,15.159000396728516,15.567000389099121,14.862000465393066,15.361000061035156,686070000,NVDA
2022-07-01,14.482791900634766,14.52299976348877,15.062999725341797,14.392000198364258,14.89900016784668,577610000,NVDA
2022-07-05,14.92257022857666,14.96399974822998,14.970999717712402,14.055000305175781,14.175000190734863,651397000,NVDA
2022-07-06,15.088111877441406,15.130000114440918,15.319000244140625,14.788999557495117,15.010000228881836,529066000,NVDA
2022-07-07,15.814096450805664,15.857999801635742,15.944999694824219,15.388999938964844,15.456000328063965,492903000,NVDA
2022-07-08,15.794150352478027,15.838000297546387,16.03700065612793,15.388999938964844,15.430000305175781,467972000,NVDA
2022-07-11,15.110051155090332,15.152000427246094,15.527000427246094,15.038000106811523,15.526000022888184,437321000,NVDA
2022-07-12,15.040245056152344,15.081999778747559,15.430999755859375,14.876999855041504,15.267999649047852,458483000,NVDA
2022-07-13,15.122017860412598,15.163999557495117,15.375,14.46500015258789,14.59000015258789,521918000,NVDA
2022-07-14,15.329440116882324,15.371999740600586,15.472999572753906,14.727999687194824,15.107999801635742,456235000,NVDA
2022-07-15,15.71835994720459,15.76200008392334,15.781999588012695,15.444999694824219,15.659000396728516,385935000,NVDA
2022-07-18,16.056425094604492,16.10099983215332,16.89699935913086,16.00200080871582,16.302000045776367,670517000,NVDA
2022-07-19,16.944955825805664,16.992000579833984,17.110000610351562,16.172000885009766,16.486000061035156,702366000,NVDA
2022-07-20,17.757699966430664,17.80699920654297,17.933000564575195,16.801000595092773,16.94700050354004,760538000,NVDA
2022-07-21,18.000028610229492,18.049999237060547,18.143999099731445,17.545000076293945,17.885000228881836,557049000,NVDA
2022-07-22,17.27104949951172,17.319000244140625,17.966999053955078,17.136999130249023,17.89299964904785,536671000,NVDA
2022-07-25,16.976869583129883,17.02400016784668,17.124000549316406,16.64900016784668,17.018999099731445,480748000,NVDA
2022-07-26,16.48723030090332,16.533000946044922,16.91900062561035,16.47800064086914,16.888999938964844,397865000,NVDA
2022-07-27,17.740745544433594,17.790000915527344,17.93600082397461,16.913000106811523,17.031999588012695,569776000,NVDA
2022-07-28,17.9342098236084,17.983999252319336,18.139999389648438,17.440000534057617,17.975000381469727,474646000,NVDA
2022-07-29,18.112716674804688,18.163000106811523,18.243999481201172,17.691999435424805,17.812999725341797,435460000,NVDA
2022-08-01,18.389944076538086,18.44099998474121,18.84600067138672,17.989999771118164,18.18199920654297,476469000,NVDA
2022-08-02,18.474706649780273,18.525999069213867,18.937999725341797,18.091999053955078,18.121999740600586,489527000,NVDA
2022-08-03,18.84069061279297,18.89299964904785,18.968000411987305,18.136999130249023,18.18400001525879,418146000,NVDA
2022-08-04,19.161802291870117,19.21500015258789,19.27400016784668,18.760000228881836,18.849000930786133,409652000,NVDA
2022-08-05,18.936431884765625,18.98900032043457,19.229000091552734,18.666000366210938,18.809999465942383,386068000,NVDA
2022-08-08,17.74373435974121,17.792999267578125,18.23900032043457,17.242000579833984,17.50200080871582,981859000,NVDA
2022-08-09,17.038698196411133,17.086000442504883,17.44700050354004,16.724000930786133,17.25200080871582,668263000,NVDA
2022-08-10,18.046899795532227,18.097000122070312,18.118000030517578,17.316999435424805,17.697999954223633,597422000,NVDA
2022-08-11,17.89232635498047,17.941999435424805,18.707000732421875,17.875999450683594,18.131000518798828,509327000,NVDA
2022-08-12,18.657201766967773,18.708999633789062,18.718000411987305,17.952999114990234,18.15999984741211,478094000,NVDA
2022-08-15,18.97930908203125,19.031999588012695,19.163999557495117,18.613000869750977,18.701000213623047,457666000,NVDA
2022-08-16,18.826736450195312,18.878999710083008,19.142000198364258,18.500999450683594,18.920000076293945,451240000,NVDA
2022-08-17,18.284238815307617,18.334999084472656,18.687999725341797,18.145000457763672,18.523000717163086,446799000,NVDA
2022-08-18,18.721025466918945,18.773000717163086,18.864999771118164,18.183000564575195,18.301000595092773,415447000,NVDA
2022-08-19,17.79958724975586,17.849000930786133,18.520000457763672,17.770000457763672,18.4060001373291,441588000,NVDA
2022-08-22,16.98684310913086,17.034000396728516,17.558000564575195,16.965999603271484,17.489999771118164,409593000,NVDA
2022-08-23,17.133434295654297,17.180999755859375,17.46500015258789,16.969999313354492,16.98900032043457,369986000,NVDA
2022-08-24,17.174318313598633,17.222000122070312,17.4060001373291,16.895000457763672,17.011999130249023,522661000,NVDA
2022-08-25,17.863405227661133,17.913000106811523,17.94700050354004,16.83300018310547,16.8439998626709,770691000,NVDA
2022-08-26,16.214984893798828,16.260000228881836,17.923999786376953,16.23699951171875,17.85700035095215,769127000,NVDA
2022-08-29,15.757253646850586,15.800999641418457,16.33799934387207,15.767000198364258,16.020000457763672,496132000,NVDA
2022-08-30,15.425176620483398,15.468000411987305,16.038999557495117,15.182000160217285,15.960000038146973,530181000,NVDA
2022-08-31,15.052210807800293,15.093999862670898,15.539999961853027,14.958999633789062,15.383999824523926,573710000,NVDA
2022-09-01,13.898412704467773,13.937000274658203,14.380000114440918,13.270000457763672,14.208999633789062,1178865000,NVDA
2022-09-02,13.609216690063477,13.647000312805176,14.170999526977539,13.590999603271484,14.100000381469727,743157000,NVDA
2022-09-06,13.42772102355957,13.46500015258789,13.779000282287598,13.35099983215332,13.730999946594238,535751000,NVDA
2022-09-07,13.680094718933105,13.71399974822998,13.838000297546387,13.345999717712402,13.562999725341797,512657000,NVDA
2022-09-08,13.955412864685059,13.989999771118164,14.008000373840332,13.369000434875488,13.458999633789062,624873000,NVDA
2022-09-09,14.351432800292969,14.38700008392334,14.473999977111816,14.12600040435791,14.156999588012695,486612000,NVDA
2022-09-12,14.46914005279541,14.505000114440918,14.54699993133545,14.197999954223633,14.369000434875488,484159000,NVDA
2022-09-13,13.098535537719727,13.130999565124512,13.92199993133545,13.098999977111816,13.802000045776367,714956000,NVDA
2022-09-14,13.09554386138916,13.128000259399414,13.289999961853027,12.913000106811523,13.253999710083008,588507000,NVDA
2022-09-15,12.897035598754883,12.928999900817871,13.232999801635742,12.789999961853027,13.015000343322754,523625000,NVDA
2022-09-16,13.16537094116211,13.197999954223633,13.211999893188477,12.616999626159668,12.741999626159668,670751000,NVDA
2022-09-19,13.348917007446289,13.381999969482422,13.463000297546387,13.010000228881836,13.01200008392334,569685000,NVDA
2022-09-20,13.143424034118652,13.175999641418457,13.482999801635742,13.057000160217285,13.21500015258789,524818000,NVDA
2022-09-21,13.228215217590332,13.26099967956543,14.031000137329102,13.109999656677246,13.213000297546387,807679000,NVDA
2022-09-22,12.52994441986084,12.560999870300293,13.14900016784668,12.428000450134277,13.069999694824219,759162000,NVDA
2022-09-23,12.485058784484863,12.515999794006348,12.611000061035156,12.256999969482422,12.420000076293945,663309000,NVDA
2022-09-26,12.197769165039062,12.227999687194824,12.659000396728516,12.21399974822998,12.491000175476074,547343000,NVDA
2022-09-27,12.382311820983887,12.413000106811523,12.736000061035156,12.258000373840332,12.506999969482422,553854000,NVDA
2022-09-28,12.704513549804688,12.736000061035156,12.822999954223633,12.354000091552734,12.40999984741211,542414000,NVDA
2022-09-29,12.189790725708008,12.220000267028809,12.5,11.946000099182129,12.447999954223633,532763000,NVDA
2022-09-30,12.108987808227539,12.138999938964844,12.633000373840332,12.074999809265137,12.086999893188477,565638000,NVDA
2022-10-03,12.481066703796387,12.51200008392334,12.678000450134277,12.104999542236328,12.347000122070312,547478000,NVDA
2022-10-04,13.13444995880127,13.166999816894531,13.220000267028809,12.878999710083008,12.878999710083008,584182000,NVDA
2022-10-05,13.176345825195312,13.208999633789062,13.321000099182129,12.621000289916992,12.91100025177002,507131000,NVDA
2022-10-06,13.097539901733398,13.130000114440918,13.656000137329102,13.102999687194824,13.220000267028809,644157000,NVDA
2022-10-07,12.046144485473633,12.076000213623047,12.670000076293945,12.022000312805176,12.505000114440918,672478000,NVDA
2022-10-10,11.64114761352539,11.670000076293945,12.12399959564209,11.407999992370605,12.036999702453613,698699000,NVDA
2022-10-11,11.557355880737305,11.586000442504883,11.845999717712402,11.282999992370605,11.560999870300293,667482000,NVDA
2022-10-12,11.47156810760498,11.5,11.734999656677246,11.345000267028809,11.579000473022461,492590000,NVDA
2022-10-13,11.930431365966797,11.960000038146973,12.07800006866455,10.812999725341797,10.970999717712402,850103000,NVDA
2022-10-14,11.19924259185791,11.22700023651123,12.111000061035156,11.204000473022461,12.057000160217285,713432000,NVDA
2022-10-17,11.858607292175293,11.887999534606934,11.947999954223633,11.517000198364258,11.517999649047852,580774000,NVDA
2022-10-18,11.937417030334473,11.967000007629395,12.491999626159668,11.618000030517578,12.343999862670898,659362000,NVDA
2022-10-19,12.021206855773926,12.050999641418457,12.350000381469727,11.833999633789062,11.878999710083008,523131000,NVDA
2022-10-20,12.163851737976074,12.194000244140625,12.769000053405762,12.104999542236328,12.11299991607666,652398000,NVDA
2022-10-21,12.4351806640625,12.465999603271484,12.498000144958496,11.88700008392334,12.097999572753906,609494000,NVDA
2022-10-24,12.567853927612305,12.598999977111816,12.710000038146973,12.064000129699707,12.508000373840332,517457000,NVDA
2022-10-25,13.228215217590332,13.26099967956543,13.300000190734863,12.663999557495117,12.694000244140625,505482000,NVDA
2022-10-26,12.864116668701172,12.895999908447266,13.387999534606934,12.708000183105469,12.869000434875488,532953000,NVDA
2022-10-27,13.143424034118652,13.175999641418457,13.838000297546387,13.121999740600586,13.630000114440918,583113000,NVDA
2022-10-28,13.799798965454102,13.833999633789062,13.850000381469727,13.060999870300293,13.104000091552734,521040000,NVDA
2022-10-31,13.463629722595215,13.496999740600586,13.838000297546387,13.29699993133545,13.777999877929688,486341000,NVDA
2022-11-01,13.50951862335205,13.543000221252441,13.925000190734863,13.519000053405762,13.810999870300293,432817000,NVDA
2022-11-02,13.186319351196289,13.218999862670898,14.210000038146973,13.211000442504883,13.850000381469727,672628000,NVDA
2022-11-03,13.38782024383545,13.420999526977539,13.781000137329102,12.956000328063965,13.043000221252441,500065000,NVDA
2022-11-04,14.121003150939941,14.156000137329102,14.229000091552734,13.696999549865723,13.986000061035156,612576000,NVDA
2022-11-07,14.265644073486328,14.300999641418457,14.411999702453613,13.954000473022461,14.227999687194824,410061000,NVDA
2022-11-08,14.565898895263672,14.60200023651123,14.890999794006348,14.215999603271484,14.800999641418457,595292000,NVDA
2022-11-09,13.741942405700684,13.776000022888184,14.211000442504883,13.758999824523926,14.161999702453613,454414000,NVDA
2022-11-10,15.71106243133545,15.75,15.77299976348877,14.54699993133545,14.800000190734863,700819000,NVDA
2022-11-11,16.286632537841797,16.32699966430664,16.388999938964844,15.482000350952148,15.807000160217285,655487000,NVDA
2022-11-14,16.25471305847168,16.295000076293945,16.540000915527344,15.92199993133545,16.218000411987305,527852000,NVDA
2022-11-15,16.62479591369629,16.666000366210938,16.99799919128418,16.381999969482422,16.722000122070312,545876000,NVDA
2022-11-16,15.87066650390625,15.90999984741211,16.36199951171875,15.873000144958496,16.16200065612793,649547000,NVDA
2022-11-17,15.638243675231934,15.677000045776367,16.266000747680664,15.53499984741211,15.71500015258789,710894000,NVDA
2022-11-18,15.370904922485352,15.409000396728516,16.00200080871582,15.119999885559082,15.965999603271484,492072000,NVDA
2022-11-21,15.279132843017578,15.317000389099121,15.47700023651123,15.079999923706055,15.147000312805176,404739000,NVDA
2022-11-22,15.998350143432617,16.038000106811523,16.058000564575195,15.121999740600586,15.32800006866455,472866000,NVDA
2022-11-23,16.478160858154297,16.518999099731445,16.527000427246094,16.04800033569336,16.097999572753906,427241000,NVDA
2022-11-25,16.22977638244629,16.270000457763672,16.48699951171875,16.172000885009766,16.31800079345703,167934000,NVDA
2022-11-28,15.787872314453125,15.82699966430664,16.35700035095215,15.725000381469727,16.025999069213867,303741000,NVDA
2022-11-29,15.600336074829102,15.638999938964844,15.932000160217285,15.520000457763672,15.82699966430664,298384000,NVDA
2022-11-30,16.885480880737305,16.92300033569336,16.93000030517578,15.597000122070312,15.696999549865723,565298000,NVDA
2022-12-01,17.097009658813477,17.135000228881836,17.264999389648438,16.635000228881836,16.999000549316406,470977000,NVDA
2022-12-02,16.838586807250977,16.875999450683594,16.933000564575195,16.44499969482422,16.659000396728516,371389000,NVDA
2022-12-05,16.573177337646484,16.610000610351562,16.9950008392334,16.472000122070312,16.679000854492188,352255000,NVDA
2022-12-06,15.951555252075195,15.987000465393066,16.572999954223633,15.819000244140625,16.530000686645508,352694000,NVDA
2022-12-07,16.084260940551758,16.1200008392334,16.18600082397461,15.666999816894531,15.772000312805176,372388000,NVDA
2022-12-08,17.130935668945312,17.16900062561035,17.179000854492188,15.958999633789062,16.273000717163086,515456000,NVDA
2022-12-09,16.963308334350586,17.000999450683594,17.58300018310547,16.975000381469727,17.15999984741211,465338000,NVDA
2022-12-12,17.496124267578125,17.53499984741211,17.538000106811523,16.797000885009766,17.03700065612793,457328000,NVDA
2022-12-13,18.03192901611328,18.07200050354004,18.790000915527344,17.711000442504883,18.5310001373291,656589000,NVDA
2022-12-14,17.634815216064453,17.673999786376953,18.25200080871582,17.420000076293945,17.98699951171875,496888000,NVDA
2022-12-15,16.91441535949707,16.95199966430664,17.31999969482422,16.700000762939453,17.145999908447266,478542000,NVDA
2022-12-16,16.534263610839844,16.570999145507812,17.041000366210938,16.40999984741211,16.86400032043457,478232000,NVDA
2022-12-19,16.21796417236328,16.253999710083008,16.608999252319336,16.145000457763672,16.57200050354004,354039000,NVDA
2022-12-20,16.04933738708496,16.084999084472656,16.309999465942383,15.85200023651123,16.06399917602539,403260000,NVDA
2022-12-21,16.464418411254883,16.500999450683594,16.62700080871582,16.101999282836914,16.11400032043457,325025000,NVDA
2022-12-22,15.30499267578125,15.33899974822998,16.13800048828125,14.881999969482422,16.0939998626709,565045000,NVDA
2022-12-23,15.172286987304688,15.206000328063965,15.33899974822998,14.883000373840332,15.196000099182129,349326000,NVDA
2022-12-27,14.08969497680664,14.121000289916992,15.100000381469727,14.055999755859375,15.074000358581543,464902000,NVDA
2022-12-28,14.004881858825684,14.03600025177002,14.26200008392334,13.883999824523926,13.927000045776367,351066000,NVDA
2022-12-29,14.570623397827148,14.602999687194824,14.682999610900879,14.22700023651123,14.402000427246094,354923000,NVDA
2022-12-30,14.581598281860352,14.61400032043457,14.628999710083008,14.232999801635742,14.333999633789062,310490000,NVDA
2023-01-03,14.283263206481934,14.3149995803833,14.996000289916992,14.095999717712402,14.85099983215332,401277000,NVDA
2023-01-04,14.716299057006836,14.74899959564209,14.852999687194824,14.241000175476074,14.567000389099121,431324000,NVDA
2023-01-05,14.233375549316406,14.265000343322754,14.564000129699707,14.14799976348877,14.491000175476074,389168000,NVDA
2023-01-06,14.826056480407715,14.859000205993652,15.010000228881836,14.034000396728516,14.473999977111816,405044000,NVDA
2023-01-09,15.593352317810059,15.628000259399414,16.055999755859375,15.140999794006348,15.284000396728516,504231000,NVDA
2023-01-10,15.873729705810547,15.909000396728516,15.961999893188477,15.472000122070312,15.506999969482422,384101000,NVDA
2023-01-11,15.965523719787598,16.000999450683594,16.027999877929688,15.562999725341797,15.84000015258789,353285000,NVDA
2023-01-12,16.474395751953125,16.51099967956543,16.636999130249023,15.491999626159668,16.100000381469727,551409000,NVDA
2023-01-13,16.861536026000977,16.89900016784668,16.922000885009766,16.165000915527344,16.277999877929688,447287000,NVDA
2023-01-17,17.66275405883789,17.70199966430664,17.72800064086914,16.89900016784668,16.89900016784668,511102000,NVDA
2023-01-18,17.33847427368164,17.37700080871582,17.87299919128418,17.281999588012695,17.66699981689453,439624000,NVDA
2023-01-19,16.727828979492188,16.764999389648438,17.19700050354004,16.731000900268555,17.035999298095703,452932000,NVDA
2023-01-20,17.79945182800293,17.839000701904297,17.856000900268555,16.825000762939453,17.01099967956543,564967000,NVDA
2023-01-23,19.150447845458984,19.19300079345703,19.2450008392334,17.81800079345703,18.06399917602539,655163000,NVDA
2023-01-24,19.2222900390625,19.264999389648438,19.4950008392334,18.81999969482422,18.82699966430664,496204000,NVDA
2023-01-25,19.280160903930664,19.322999954223633,19.3700008392334,18.579999923706055,18.913000106811523,449537000,NVDA
2023-01-26,19.758102416992188,19.802000045776367,20.166000366210938,19.277999877929688,19.701000213623047,489535000,NVDA
2023-01-27,20.319849014282227,20.364999771118164,20.628000259399414,19.405000686645508,19.461999893188477,542142000,NVDA
2023-01-30,19.119516372680664,19.16200065612793,20.139999389648438,19.149999618530273,19.950000762939453,488611000,NVDA
2023-01-31,19.49368667602539,19.53700065612793,19.687000274658203,18.950000762939453,19.170000076293945,498017000,NVDA
2023-02-01,20.896568298339844,20.94300079345703,21.191999435424805,19.611000061035156,19.69099998474121,660477000,NVDA
2023-02-02,21.660865783691406,21.708999633789062,21.948999404907227,20.700000762939453,21.0,564276000,NVDA
2023-02-03,21.053218841552734,21.100000381469727,21.7450008392334,20.788999557495117,21.0,429366000,NVDA
2023-02-06,21.04224395751953,21.089000701904297,21.56999969482422,20.785999298095703,20.805999755859375,452197000,NVDA
2023-02-07,22.123844146728516,22.17300033569336,22.259000778198242,21.149999618530273,21.381999969482422,664150000,NVDA
2023-02-08,22.1557674407959,22.204999923706055,22.878000259399414,22.007999420166016,22.386999130249023,559651000,NVDA
2023-02-09,22.287477493286133,22.336999893188477,23.020000457763672,22.1200008392334,22.606000900268555,523876000,NVDA
2023-02-10,21.217853546142578,21.264999389648438,22.077999114990234,20.81100082397461,21.690000534057617,550737000,NVDA
2023-02-13,21.739694595336914,21.788000106811523,22.04800033569336,20.961999893188477,21.538000106811523,474919000,NVDA
2023-02-14,22.920074462890625,22.97100067138672,23.048999786376953,21.365999221801758,21.577999114990234,675474000,NVDA
2023-02-15,22.713531494140625,22.763999938964844,22.854999542236328,22.106000900268555,22.548999786376953,420575000,NVDA
2023-02-16,21.953222274780273,22.00200080871582,22.549999237060547,21.927000045776367,22.132999420166016,412026000,NVDA
2023-02-17,21.340585708618164,21.38800048828125,21.739999771118164,20.975000381469727,21.631000518798828,465888000,NVDA
2023-02-21,20.609209060668945,20.655000686645508,21.493999481201172,20.618000030517578,21.0,410015000,NVDA
2023-02-22,20.707983016967773,20.753999710083008,21.104000091552734,20.42099952697754,20.707000732421875,513184000,NVDA
2023-02-23,23.61153221130371,23.663999557495117,23.88800048828125,23.024999618530273,23.440000534057617,1117995000,NVDA
2023-02-24,23.234373092651367,23.285999298095703,23.474000930786133,22.94700050354004,23.225000381469727,589716000,NVDA
2023-02-27,23.448894500732422,23.500999450683594,23.8799991607666,23.45400047302246,23.670000076293945,452994000,NVDA
2023-02-28,23.16452980041504,23.215999603271484,23.825000762939453,23.20599937438965,23.371999740600586,455963000,NVDA
2023-03-01,22.64767837524414,22.697999954223633,23.256000518798828,22.507999420166016,23.191999435424805,460026000,NVDA
2023-03-02,23.262313842773438,23.31399917602539,23.3799991607666,22.43199920654297,22.488000869750977,389415000,NVDA
2023-03-03,23.837032318115234,23.889999389648438,23.899999618530273,23.1299991607666,23.31999969482422,412393000,NVDA
2023-03-06,23.501779556274414,23.554000854492188,24.24799919128418,23.48699951171875,23.891000747680664,437429000,NVDA
2023-03-07,23.240312576293945,23.288000106811523,24.125,23.240999221801758,23.600000381469727,515154000,NVDA
2023-03-08,24.131484985351562,24.180999755859375,24.200000762939453,23.423999786376953,23.48699951171875,513573000,NVDA
2023-03-09,23.38801383972168,23.43600082397461,24.45400047302246,23.382999420166016,24.174999237060547,501257000,NVDA
2023-03-10,22.91797637939453,22.96500015258789,23.62700080871582,22.72599983215332,23.409000396728516,474866000,NVDA
2023-03-13,22.918975830078125,22.965999603271484,23.29800033569336,22.297000885009766,22.75200080871582,421890000,NVDA
2023-03-14,24.01373291015625,24.062999725341797,24.2189998626709,23.459999084472656,23.496000289916992,474910000,NVDA
2023-03-15,24.178394317626953,24.22800064086914,24.285999298095703,23.360000610351562,23.76099967956543,524486000,NVDA
2023-03-16,25.488704681396484,25.541000366210938,25.58799934387207,23.893999099731445,24.027000427246094,583253000,NVDA
2023-03-17,25.672327041625977,25.725000381469727,26.39900016784668,25.667999267578125,25.98200035095215,848547000,NVDA
2023-03-20,25.84696388244629,25.899999618530273,26.02400016784668,25.1299991607666,25.614999771118164,432747000,NVDA
2023-03-21,26.145355224609375,26.198999404907227,26.392000198364258,25.381000518798828,26.18000030517578,547408000,NVDA
2023-03-22,26.41380500793457,26.468000411987305,27.589000701904297,26.23699951171875,26.424999237060547,797295000,NVDA
2023-03-23,27.13532257080078,27.19099998474121,27.499000549316406,26.690000534057617,27.114999771118164,564889000,NVDA
2023-03-24,26.724164962768555,26.77899932861328,27.16699981689453,26.354999542236328,27.0310001373291,454920000,NVDA
2023-03-27,26.4766788482666,26.5310001373291,27.0,26.364999771118164,26.836999893188477,361026000,NVDA
2023-03-28,26.35592269897461,26.40999984741211,26.51300048828125,25.850000381469727,26.44700050354004,356104000,NVDA
2023-03-29,26.92874526977539,26.983999252319336,27.077999114990234,26.597000122070312,26.825000762939453,393694000,NVDA
2023-03-30,27.32693099975586,27.382999420166016,27.499000549316406,27.101999282836914,27.229000091552734,364516000,NVDA
2023-03-31,27.720125198364258,27.777000427246094,27.833999633789062,27.104999542236328,27.139999389648438,433933000,NVDA
2023-04-03,27.90773582458496,27.96500015258789,28.0,27.336000442504883,27.509000778198242,398716000,NVDA
2023-04-04,27.396787643432617,27.452999114990234,28.0,27.30699920654297,27.965999603271484,368592000,NVDA
2023-04-05,26.825958251953125,26.881000518798828,26.99799919128418,26.395000457763672,26.82900047302246,515015000,NVDA
2023-04-06,26.981639862060547,27.03700065612793,27.079999923706055,26.427000045776367,26.583999633789062,397654000,NVDA
2023-04-10,27.522531509399414,27.57900047302246,27.621000289916992,26.66900062561035,26.822999954223633,395279000,NVDA
2023-04-11,27.113372802734375,27.16900062561035,27.790000915527344,27.125999450683594,27.724000930786133,314378000,NVDA
2023-04-12,26.440752029418945,26.4950008392334,27.468000411987305,26.447999954223633,27.3700008392334,446259000,NVDA
2023-04-13,26.4088134765625,26.46299934387207,26.886999130249023,26.32900047302246,26.733999252319336,353615000,NVDA
2023-04-14,26.703208923339844,26.757999420166016,26.882999420166016,26.219999313354492,26.503999710083008,395660000,NVDA
2023-04-17,26.946712493896484,27.00200080871582,27.006000518798828,26.433000564575195,26.565000534057617,321471000,NVDA
2023-04-18,27.6103515625,27.66699981689453,28.110000610351562,27.35700035095215,27.533000946044922,604812000,NVDA
2023-04-19,27.873809814453125,27.930999755859375,28.0,27.23200035095215,27.361000061035156,358660000,NVDA
2023-04-20,27.048500061035156,27.104000091552734,28.030000686645508,27.0,27.67099952697754,427713000,NVDA
2023-04-21,27.0634708404541,27.118999481201172,27.183000564575195,26.722000122070312,26.95199966430664,345103000,NVDA
2023-04-24,26.986629486083984,27.04199981689453,27.365999221801758,26.67099952697754,27.01300048828125,339282000,NVDA
2023-04-25,26.187267303466797,26.240999221801758,27.246999740600586,26.225000381469727,27.077999114990234,378527000,NVDA
2023-04-26,26.900806427001953,26.95599937438965,27.329999923706055,26.704999923706055,27.00200080871582,406337000,NVDA
2023-04-27,27.170249938964844,27.22599983215332,27.4950008392334,26.625,27.363000869750977,377161000,NVDA
2023-04-28,27.69218635559082,27.749000549316406,27.757999420166016,27.070999145507812,27.225000381469727,292216000,NVDA
2023-05-01,28.85080909729004,28.90999984741211,29.058000564575195,27.780000686645508,27.84000015258789,570329000,NVDA
2023-05-02,28.152236938476562,28.209999084472656,28.836000442504883,28.08300018310547,28.68000030517578,402730000,NVDA
2023-05-03,27.745073318481445,27.802000045776367,28.367000579833984,27.472000122070312,27.84000015258789,383387000,NVDA
2023-05-04,27.505565643310547,27.562000274658203,27.858999252319336,27.239999771118164,27.650999069213867,321850000,NVDA
2023-05-05,28.621274948120117,28.68000030517578,28.7549991607666,27.731000900268555,27.826000213623047,361494000,NVDA
2023-05-08,29.09130859375,29.150999069213867,29.219999313354492,28.350000381469727,28.52199935913086,344979000,NVDA
2023-05-09,28.512495040893555,28.570999145507812,28.972999572753906,28.450000762939453,28.89900016784668,314869000,NVDA
2023-05-10,28.825855255126953,28.885000228881836,29.113000869750977,28.461000442504883,29.0049991607666,369350000,NVDA
2023-05-11,28.51948356628418,28.577999114990234,28.950000762939453,28.246000289916992,28.895999908447266,322149000,NVDA
2023-05-12,28.281970977783203,28.34000015258789,28.780000686645508,28.04599952697754,28.52899932861328,274222000,NVDA
2023-05-15,28.893714904785156,28.952999114990234,28.9689998626709,28.152000427246094,28.507999420166016,293926000,NVDA
2023-05-16,29.153188705444336,29.21299934387207,29.8700008392334,28.832000732421875,28.840999603271484,449405000,NVDA
2023-05-17,30.1162052154541,30.17799949645996,30.198999404907227,29.43000030517578,29.583999633789062,432535000,NVDA
2023-05-18,31.613136291503906,31.67799949645996,31.827999114990234,30.31999969482422,30.40999984741211,748725000,NVDA
2023-05-19,31.199983596801758,31.263999938964844,31.579999923706055,30.916000366210938,31.535999298095703,473908000,NVDA
2023-05-22,31.11216163635254,31.176000595092773,31.520000457763672,30.68000030517578,30.900999069213867,372000000,NVDA
2023-05-23,30.62516212463379,30.687999725341797,31.288000106811523,30.631000518798828,31.0,356253000,NVDA
2023-05-24,30.4754695892334,30.538000106811523,30.60700035095215,29.805999755859375,30.209999084472656,721419000,NVDA
2023-05-25,37.90222930908203,37.97999954223633,39.47999954223633,36.6349983215332,38.52299880981445,1543911000,NVDA
2023-05-26,38.866249084472656,38.94599914550781,39.16999816894531,37.54999923706055,37.88999938964844,714397000,NVDA
2023-05-30,40.02886962890625,40.111000061035156,41.9379997253418,39.94900131225586,40.595001220703125,923401000,NVDA
2023-05-31,37.756526947021484,37.83399963378906,40.29499816894531,37.821998596191406,39.487998962402344,1002580000,NVDA
2023-06-01,39.68857192993164,39.77000045776367,40.04999923706055,38.34000015258789,38.48899841308594,635873000,NVDA
2023-06-02,39.24647521972656,39.32699966430664,40.5,39.05799865722656,40.09700012207031,482731000,NVDA
2023-06-05,39.090797424316406,39.17100143432617,39.564998626708984,38.707000732421875,38.909000396728516,396094000,NVDA
2023-06-06,38.57485580444336,38.65399932861328,39.15999984741211,38.14799880981445,38.83000183105469,388729000,NVDA
2023-06-07,37.40213394165039,37.474998474121094,39.499000549316406,37.35599899291992,38.915000915527344,511998000,NVDA
2023-06-08,38.435123443603516,38.5099983215332,38.86399841308594,37.505001068115234,37.7239990234375,417772000,NVDA
2023-06-09,38.69462203979492,38.77000045776367,39.71099853515625,38.56700134277344,39.0369987487793,427717000,NVDA
2023-06-12,39.405235290527344,39.481998443603516,39.529998779296875,38.61800003051758,39.20000076293945,388701000,NVDA
2023-06-13,40.94224166870117,41.02199935913086,41.10100173950195,39.7400016784668,40.18600082397461,613208000,NVDA
2023-06-14,42.91339874267578,42.99700164794922,43.0,40.551998138427734,40.82400131225586,740465000,NVDA
2023-06-15,42.57006072998047,42.65299987792969,43.28900146484375,42.14699935913086,42.60200119018555,568622000,NVDA
2023-06-16,42.60899353027344,42.69200134277344,43.72100067138672,42.6609992980957,43.45000076293945,655709000,NVDA
2023-06-20,43.72282791137695,43.80799865722656,43.9900016784668,42.67399978637695,42.99800109863281,451153000,NVDA
2023-06-21,42.9613037109375,43.04499816894531,43.6150016784668,42.08000183105469,43.500999450683594,551603000,NVDA
2023-06-22,42.941349029541016,43.025001525878906,43.42599868774414,42.23400115966797,42.25299835205078,417737000,NVDA
2023-06-23,42.12693405151367,42.20899963378906,42.808998107910156,42.01499938964844,42.4640007019043,358140000,NVDA
2023-06-26,40.553001403808594,40.63199996948242,42.763999938964844,40.099998474121094,42.46099853515625,594322000,NVDA
2023-06-27,41.79458236694336,41.875999450683594,41.939998626708984,40.448001861572266,40.79899978637695,462175000,NVDA
2023-06-28,41.03705978393555,41.117000579833984,41.845001220703125,40.518001556396484,40.65999984741211,582639000,NVDA
2023-06-29,40.74262619018555,40.821998596191406,41.599998474121094,40.599998474121094,41.55799865722656,380514000,NVDA
2023-06-30,42.21975326538086,42.301998138427734,42.54999923706055,41.500999450683594,41.68000030517578,501148000,NVDA
2023-07-03,42.33053207397461,42.41299819946289,42.89799880981445,42.20199966430664,42.516998291015625,198209000,NVDA
2023-07-05,42.23472213745117,42.31700134277344,43.176998138427734,42.084999084472656,42.1349983215332,323618000,NVDA
2023-07-06,42.02114486694336,42.10300064086914,42.17900085449219,41.34600067138672,41.84400177001953,303582000,NVDA
2023-07-07,42.42036437988281,42.50299835205078,43.2140007019043,42.18000030517578,42.321998596191406,355881000,NVDA
2023-07-10,42.09798812866211,42.18000030517578,42.81100082397461,41.64899826049805,42.65700149536133,353908000,NVDA
2023-07-11,42.322547912597656,42.404998779296875,42.757999420166016,42.06700134277344,42.48099899291992,298244000,NVDA
2023-07-12,43.8166389465332,43.902000427246094,43.935001373291016,42.777000427246094,43.03300094604492,481277000,NVDA
2023-07-13,45.88760757446289,45.97700119018555,46.154998779296875,44.492000579833984,44.518001556396484,478204000,NVDA
2023-07-14,45.38059997558594,45.46900177001953,48.0880012512207,45.060001373291016,46.58300018310547,772075000,NVDA
2023-07-17,46.37066650390625,46.46099853515625,46.49599838256836,45.262001037597656,46.28900146484375,510488000,NVDA
2023-07-18,47.40165710449219,47.49399948120117,47.895999908447266,45.73400115966797,46.70100021362305,569164000,NVDA
2023-07-19,46.985469818115234,47.07699966430664,47.81800079345703,46.742000579833984,47.4640007019043,427502000,NVDA
2023-07-20,45.431495666503906,45.52000045776367,47.08700180053711,45.0620002746582,46.50699996948242,537865000,NVDA
2023-07-21,44.22284698486328,44.308998107910156,45.86600112915039,44.099998474121094,45.78799819946289,963769000,NVDA
2023-07-24,44.52525329589844,44.61199951171875,45.10900115966797,44.040000915527344,44.73099899291992,382516000,NVDA
2023-07-25,45.59019088745117,45.67900085449219,46.18299865722656,44.92300033569336,44.941001892089844,348081000,NVDA
2023-07-26,45.36362838745117,45.45199966430664,46.053001403808594,44.630001068115234,46.020999908447266,364237000,NVDA
2023-07-27,45.810752868652344,45.900001525878906,47.39500045776367,45.75,46.51900100708008,455976000,NVDA
2023-07-28,46.65911102294922,46.75,47.027000427246094,46.38100051879883,46.667999267578125,331194000,NVDA
2023-07-31,46.63814163208008,46.729000091552734,47.130001068115234,46.50600051879883,46.75400161743164,251055000,NVDA
2023-08-01,46.41657638549805,46.50699996948242,46.900001525878906,46.027000427246094,46.459999084472656,237858000,NVDA
2023-08-02,44.18292999267578,44.26900100708008,45.84000015258789,43.387001037597656,45.83100128173828,530142000,NVDA
2023-08-03,44.42844772338867,44.51499938964844,45.11800003051758,43.79999923706055,43.79999923706055,324176000,NVDA
2023-08-04,44.5931282043457,44.68000030517578,45.641998291015625,44.393001556396484,44.98500061035156,362666000,NVDA
2023-08-07,45.328697204589844,45.41699981689453,45.540000915527344,44.5629997253418,45.111000061035156,322154000,NVDA
2023-08-08,44.5771598815918,44.66400146484375,45.242000579833984,44.055999755859375,44.85300064086914,353843000,NVDA
2023-08-09,42.47126388549805,42.55400085449219,44.3120002746582,42.13399887084961,44.27399826049805,586449000,NVDA
2023-08-10,42.30558776855469,42.38800048828125,43.57400131225586,41.834999084472656,42.15999984741211,492705000,NVDA
2023-08-11,40.77556610107422,40.85499954223633,42.018001556396484,40.638999938964844,41.750999450683594,533085000,NVDA
2023-08-14,43.66792678833008,43.75299835205078,43.79999923706055,40.31100082397461,40.486000061035156,690286000,NVDA
2023-08-15,43.85456466674805,43.939998626708984,45.268001556396484,43.709999084472656,44.560001373291016,676512000,NVDA
2023-08-16,43.40144729614258,43.486000061035156,44.67499923706055,43.40599822998047,44.52000045776367,527451000,NVDA
2023-08-17,43.259727478027344,43.34400177001953,44.0620002746582,43.000999450683594,43.970001220703125,452395000,NVDA
2023-08-18,43.21481704711914,43.29899978637695,43.577999114990234,41.65999984741211,42.6349983215332,583768000,NVDA
2023-08-21,46.87568664550781,46.96699905395508,47.064998626708984,44.22200012207031,44.49399948120117,692573000,NVDA
2023-08-22,45.579200744628906,45.667999267578125,48.1870002746582,45.33300018310547,48.1349983215332,755293000,NVDA
2023-08-23,47.024391174316406,47.11600112915039,47.20000076293945,45.20800018310547,45.86600112915039,779046000,NVDA
2023-08-24,47.0713005065918,47.16299819946289,50.26599884033203,47.159000396728516,50.215999603271484,1156044000,NVDA
2023-08-25,45.928524017333984,46.018001556396484,47.80500030517578,45.02399826049805,47.012001037597656,925341000,NVDA
2023-08-28,46.74393844604492,46.834999084472656,46.97999954223633,44.88800048828125,46.481998443603516,685192000,NVDA
2023-08-29,48.68914794921875,48.784000396728516,49.08100128173828,46.39099884033203,46.66600036621094,701397000,NVDA
2023-08-30,49.168212890625,49.263999938964844,49.926998138427734,48.42499923706055,49.04399871826172,735206000,NVDA
2023-08-31,49.259037017822266,49.35499954223633,49.74399948120117,48.95800018310547,49.380001068115234,528570000,NVDA
2023-09-01,48.41468048095703,48.50899887084961,49.79999923706055,48.141998291015625,49.762001037597656,463830000,NVDA
2023-09-05,48.45360565185547,48.54800033569336,48.85100173950195,47.86000061035156,48.222999572753906,382653000,NVDA
2023-09-06,46.973365783691406,47.06100082397461,48.54899978637695,46.58000183105469,48.441001892089844,468670000,NVDA
2023-09-07,46.1548957824707,46.24100112915039,46.34400177001953,45.152000427246094,45.525001525878906,433330000,NVDA
2023-09-08,45.48713302612305,45.571998596191406,46.60599899291992,45.270999908447266,45.94200134277344,473069000,NVDA
2023-09-11,45.09387969970703,45.178001403808594,46.16299819946289,44.3120002746582,46.14799880981445,473966000,NVDA
2023-09-12,44.78644943237305,44.869998931884766,45.67300033569336,44.53099822998047,44.737998962402344,349256000,NVDA
2023-09-13,45.400306701660156,45.48500061035156,45.93000030517578,44.50299835205078,44.599998474121094,398355000,NVDA
2023-09-14,45.49612808227539,45.58100128173828,45.98699951171875,45.13100051879883,45.95000076293945,370097000,NVDA
2023-09-15,43.81825256347656,43.900001525878906,45.5989990234375,43.80799865722656,45.340999603271484,506831000,NVDA
2023-09-18,43.88412857055664,43.965999603271484,44.242000579833984,42.0,42.74800109863281,500271000,NVDA
2023-09-19,43.438968658447266,43.52000045776367,43.965999603271484,43.00199890136719,43.83300018310547,373064000,NVDA
2023-09-20,42.160343170166016,42.23899841308594,43.90299987792969,42.222999572753906,43.599998474121094,367108000,NVDA
2023-09-21,40.94062042236328,41.016998291015625,42.099998474121094,40.97999954223633,41.58300018310547,450736000,NVDA
2023-09-22,41.53251647949219,41.61000061035156,42.1150016784668,41.23099899291992,41.571998596191406,479236000,NVDA
2023-09-25,42.14338302612305,42.22200012207031,42.5359992980957,41.176998138427734,41.590999603271484,419091000,NVDA
2023-09-26,41.83295440673828,41.9109992980957,42.81999969482422,41.654998779296875,42.000999450683594,402282000,NVDA
2023-09-27,42.388919830322266,42.46799850463867,42.87200164794922,41.62900161743164,42.33000183105469,444935000,NVDA
2023-09-28,43.008766174316406,43.0890007019043,43.44599914550781,42.1150016784668,42.459999084472656,424663000,NVDA
2023-09-29,43.41800308227539,43.499000549316406,44.14400100708008,43.30699920654297,43.82699966430664,397830000,NVDA
2023-10-02,44.6986083984375,44.78200149536133,45.17499923706055,43.861000061035156,44.029998779296875,433298000,NVDA
2023-10-03,43.435970306396484,43.516998291015625,45.130001068115234,43.24599838256836,44.80799865722656,470850000,NVDA
2023-10-04,43.9589958190918,44.04100036621094,44.143001556396484,43.29199981689453,43.742000579833984,361821000,NVDA
2023-10-05,44.60478591918945,44.6879997253418,44.900001525878906,43.88800048828125,44.04999923706055,393483000,NVDA
2023-10-06,45.67678451538086,45.762001037597656,45.78900146484375,44.0260009765625,44.19300079345703,434436000,NVDA
2023-10-09,45.18869400024414,45.27299880981445,45.60499954223633,44.36800003051758,44.84199905395508,409675000,NVDA
2023-10-10,45.71272277832031,45.79800033569336,46.25899887084961,45.0880012512207,45.310001373291016,368582000,NVDA
2023-10-11,46.71884536743164,46.805999755859375,46.85900115966797,46.04999923706055,46.19599914550781,378137000,NVDA
2023-10-12,46.85758590698242,46.94499969482422,47.60900115966797,46.33000183105469,46.777000427246094,481325000,NVDA
2023-10-13,45.3763427734375,45.46099853515625,47.11600112915039,45.279998779296875,46.959999084472656,474115000,NVDA
2023-10-16,46.00916290283203,46.095001220703125,46.224998474121094,44.9119987487793,45.0629997253418,375099000,NVDA
2023-10-17,43.85618591308594,43.9379997253418,44.75400161743164,42.47999954223633,44.0,812333000,NVDA
2023-10-18,42.117427825927734,42.19599914550781,43.21900177001953,41.82500076293945,42.590999603271484,627294000,NVDA
2023-10-19,42.022613525390625,42.10100173950195,43.297000885009766,41.88199996948242,42.81100082397461,501233000,NVDA
2023-10-20,41.3099365234375,41.387001037597656,42.470001220703125,41.077999114990234,41.88999938964844,477266000,NVDA
2023-10-23,42.89497756958008,42.974998474121094,43.24800109863281,40.94499969482422,41.229000091552734,478530000,NVDA
2023-10-24,43.581695556640625,43.66299819946289,43.696998596191406,42.691001892089844,43.07699966430664,401463000,NVDA
2023-10-25,41.701202392578125,41.77899932861328,43.650001525878906,41.55500030517578,43.39799880981445,398379000,NVDA
2023-10-26,40.25090789794922,40.32600021362305,42.25600051879883,39.880001068115234,41.85300064086914,541001000,NVDA
2023-10-27,40.424583435058594,40.5,41.20600128173828,40.01499938964844,41.130001068115234,416784000,NVDA
2023-10-30,41.084354400634766,41.1609992980957,41.76599884033203,40.48099899291992,41.08700180053711,388028000,NVDA
2023-10-31,40.70405960083008,40.779998779296875,40.87900161743164,39.22999954223633,40.45000076293945,517969000,NVDA
2023-11-01,42.24618911743164,42.32500076293945,42.38100051879883,40.86899948120117,40.88399887084961,437593000,NVDA
2023-11-02,43.42498779296875,43.50600051879883,43.88399887084961,42.89400100708008,43.327999114990234,409172000,NVDA
2023-11-03,44.92119216918945,45.005001068115234,45.308998107910156,43.722999572753906,44.02000045776367,424610000,NVDA
2023-11-06,45.665809631347656,45.750999450683594,45.935001373291016,44.89899826049805,45.28499984741211,400733000,NVDA
2023-11-07,45.86943054199219,45.95500183105469,46.21799850463867,45.15800094604492,45.71900177001953,343165000,NVDA
2023-11-08,46.48727798461914,46.57400131225586,46.867000579833984,45.96799850463867,46.099998474121094,346719000,NVDA
2023-11-09,46.862579345703125,46.95000076293945,48.22999954223633,46.75,47.46699905395508,540496000,NVDA
2023-11-10,48.24500274658203,48.334999084472656,48.47200012207031,47.28300094604492,47.5,421245000,NVDA
2023-11-13,48.52946090698242,48.619998931884766,49.11600112915039,48.0989990234375,48.31999969482422,384136000,NVDA
2023-11-14,49.563533782958984,49.65599822998047,49.83399963378906,49.040000915527344,49.68000030517578,416954000,NVDA
2023-11-15,48.79697036743164,48.88800048828125,49.959999084472656,48.20000076293945,49.935001373291016,475497000,NVDA
2023-11-16,49.38785934448242,49.47999954223633,49.525001525878906,48.33000183105469,48.67900085449219,339756000,NVDA
2023-11-17,49.206207275390625,49.29800033569336,49.71699905395508,49.00699996948242,49.52399826049805,325205000,NVDA
2023-11-20,50.31513595581055,50.409000396728516,50.54800033569336,49.180999755859375,49.3120002746582,414120000,NVDA
2023-11-21,49.85099792480469,49.944000244140625,50.516998291015625,49.22200012207031,50.125999450683594,565747000,NVDA
2023-11-22,48.62528610229492,48.715999603271484,50.334999084472656,47.689998626708984,49.85200119018555,899420000,NVDA
2023-11-24,47.687042236328125,47.7760009765625,48.92100143432617,47.744998931884766,48.470001220703125,294645000,NVDA
2023-11-27,48.15217590332031,48.242000579833984,48.529998779296875,47.652000427246094,47.79999923706055,395662000,NVDA
2023-11-28,47.731956481933594,47.82099914550781,48.323001861572266,47.472999572753906,48.236000061035156,401491000,NVDA
2023-11-29,48.05035400390625,48.13999938964844,48.762001037597656,47.86000061035156,48.37900161743164,382005000,NVDA
2023-11-30,46.68290710449219,46.77000045776367,48.11000061035156,46.422000885009766,48.02399826049805,526247000,NVDA
2023-12-01,46.677913665771484,46.76499938964844,47.20000076293945,46.1870002746582,46.525001525878906,369317000,NVDA
2023-12-04,45.42525100708008,45.5099983215332,46.07699966430664,45.0099983215332,46.07699966430664,437543000,NVDA
2023-12-05,46.48337936401367,46.566001892089844,46.599998474121094,45.270999908447266,45.465999603271484,371718000,NVDA
2023-12-06,45.42225646972656,45.50299835205078,47.387001037597656,45.4119987487793,47.21500015258789,380590000,NVDA
2023-12-07,46.51332092285156,46.59600067138672,46.62900161743164,45.604000091552734,45.70000076293945,350823000,NVDA
2023-12-08,47.42171096801758,47.50600051879883,47.74100112915039,46.54999923706055,46.595001220703125,359224000,NVDA
2023-12-11,46.54426956176758,46.62699890136719,47.53099822998047,45.83000183105469,47.49100112915039,509728000,NVDA
2023-12-12,47.57244110107422,47.65700149536133,47.66600036621094,46.04600143432617,46.04600143432617,372387000,NVDA
2023-12-13,48.00267791748047,48.0880012512207,48.59400177001953,47.608001708984375,47.62900161743164,447792000,NVDA
2023-12-14,48.26420593261719,48.349998474121094,48.66999816894531,47.422000885009766,48.38999938964844,391232000,NVDA
2023-12-15,48.80325698852539,48.88999938964844,49.40399932861328,48.119998931884766,48.194000244140625,479948000,NVDA
2023-12-18,49.98815155029297,50.07699966430664,50.43299865722656,49.150001525878906,49.400001525878906,412587000,NVDA
2023-12-19,49.515987396240234,49.604000091552734,49.70000076293945,48.89500045776367,49.42399978637695,464444000,NVDA
2023-12-20,48.025634765625,48.111000061035156,49.999000549316406,48.097999572753906,49.654998779296875,397894000,NVDA
2023-12-21,48.903076171875,48.9900016784668,49.095001220703125,48.41899871826172,48.81100082397461,300425000,NVDA
2023-12-22,48.74335861206055,48.83000183105469,49.382999420166016,48.46699905395508,49.19499969482422,252507000,NVDA
2023-12-26,49.19156265258789,49.27899932861328,49.599998474121094,48.959999084472656,48.96799850463867,244200000,NVDA
2023-12-27,49.329315185546875,49.41699981689453,49.68000030517578,49.084999084472656,49.51100158691406,233648000,NVDA
2023-12-28,49.43412780761719,49.52199935913086,49.88399887084961,49.4119987487793,49.643001556396484,246587000,NVDA
2023-12-29,49.43412780761719,49.52199935913086,49.99700164794922,48.750999450683594,49.8129997253418,389293000,NVDA
2024-01-02,48.08253479003906,48.167999267578125,49.29499816894531,47.595001220703125,49.24399948120117,411254000,NVDA
2024-01-03,47.48460006713867,47.569000244140625,48.183998107910156,47.31999969482422,47.48500061035156,320896000,NVDA
2024-01-04,47.912845611572266,47.99800109863281,48.5,47.507999420166016,47.766998291015625,306535000,NVDA
2024-01-05,49.009883880615234,49.09700012207031,49.547000885009766,48.305999755859375,48.46200180053711,415039000,NVDA
2024-01-08,52.160282135009766,52.25299835205078,52.275001525878906,49.479000091552734,49.512001037597656,642510000,NVDA
2024-01-09,53.045711517333984,53.13999938964844,54.32500076293945,51.689998626708984,52.4010009765625,773100000,NVDA
2024-01-10,54.253562927246094,54.349998474121094,54.599998474121094,53.48899841308594,53.61600112915039,533796000,NVDA
2024-01-11,54.724727630615234,54.821998596191406,55.34600067138672,53.560001373291016,54.999000549316406,596759000,NVDA
2024-01-12,54.6129264831543,54.709999084472656,54.970001220703125,54.33000183105469,54.619998931884766,352994000,NVDA
2024-01-16,56.28196334838867,56.38199996948242,56.834999084472656,54.900001525878906,55.018001556396484,449580000,NVDA
2024-01-17,55.953548431396484,56.053001403808594,56.47100067138672,54.7400016784668,56.34700012207031,474394000,NVDA
2024-01-18,57.00567626953125,57.106998443603516,57.599998474121094,56.106998443603516,57.2599983215332,491650000,NVDA
2024-01-19,59.38544845581055,59.49100112915039,59.5,57.224998474121094,57.98899841308594,543501000,NVDA
2024-01-22,59.548160552978516,59.65399932861328,60.33100128173828,59.06999969482422,60.04899978637695,452955000,NVDA
2024-01-23,59.76677322387695,59.87300109863281,59.90999984741211,58.584999084472656,59.56999969482422,294654000,NVDA
2024-01-24,61.25312042236328,61.36199951171875,62.8489990234375,59.9379997253418,60.30400085449219,560271000,NVDA
2024-01-25,61.50767135620117,61.617000579833984,62.71900177001953,60.849998474121094,62.349998474121094,482777000,NVDA
2024-01-26,60.92271423339844,61.03099822998047,61.78300094604492,60.573001861572266,60.959999084472656,390309000,NVDA
2024-01-29,62.35417175292969,62.46500015258789,62.48899841308594,60.90700149536133,61.231998443603516,348733000,NVDA
2024-01-30,62.6626091003418,62.77399826049805,63.49300003051758,62.2599983215332,62.900001525878906,410735000,NVDA
2024-01-31,61.4178352355957,61.527000427246094,62.26900100708008,60.70000076293945,61.439998626708984,453795000,NVDA
2024-02-01,62.91517639160156,63.027000427246094,63.191001892089844,61.650001525878906,62.099998474121094,369146000,NVDA
2024-02-02,66.0426254272461,66.16000366210938,66.5999984741211,63.689998626708984,63.9739990234375,476578000,NVDA
2024-02-05,69.208984375,69.33200073242188,69.49700164794922,67.20500183105469,68.2249984741211,680078000,NVDA
2024-02-06,68.10193634033203,68.2229995727539,69.75399780273438,66.30000305175781,69.62999725341797,683111000,NVDA
2024-02-07,69.97461700439453,70.0989990234375,70.22000122070312,67.5999984741211,68.31900024414062,495575000,NVDA
2024-02-08,69.5174331665039,69.64099884033203,70.79399871826172,69.45500183105469,70.0739974975586,414422000,NVDA
2024-02-09,72.00502014160156,72.13300323486328,72.18499755859375,70.21199798583984,70.53299713134766,436637000,NVDA
2024-02-12,72.11980438232422,72.24800109863281,74.61100006103516,71.25,72.5999984741211,613710000,NVDA
2024-02-13,72.0000228881836,72.12799835205078,73.44999694824219,69.62000274658203,70.4000015258789,602580000,NVDA
2024-02-14,73.76889038085938,73.9000015258789,74.23600006103516,71.93800354003906,73.2020034790039,504917000,NVDA
2024-02-15,72.52909088134766,72.65799713134766,73.9749984741211,72.4000015258789,73.86900329589844,420122000,NVDA
2024-02-16,72.4841537475586,72.61299896240234,74.4020004272461,72.5009994506836,74.0999984741211,495327000,NVDA
2024-02-20,69.32877349853516,69.4520034790039,71.95600128173828,67.73400115966797,71.9469985961914,704833000,NVDA
2024-02-21,67.35228729248047,67.47200012207031,68.88800048828125,66.24800109863281,68.00599670410156,673755000,NVDA
2024-02-22,78.3986587524414,78.53800201416016,78.57499694824219,74.22000122070312,75.0250015258789,865100000,NVDA
2024-02-23,78.67715454101562,78.81700134277344,82.39399719238281,77.56999969482422,80.79000091552734,829388000,NVDA
2024-02-26,78.95166778564453,79.09200286865234,80.64600372314453,78.50499725341797,79.69999694824219,503973000,NVDA
2024-02-27,78.56136322021484,78.70099639892578,79.4800033569336,77.16200256347656,79.38099670410156,391705000,NVDA
2024-02-28,77.52519989013672,77.66300201416016,78.93299865722656,77.125,77.62000274658203,393110000,NVDA
2024-02-29,78.97163391113281,79.11199951171875,79.98999786376953,78.3499984741211,79.09400177001953,507289000,NVDA
2024-03-01,82.13300323486328,82.27899932861328,82.30000305175781,79.43499755859375,80.0,479135000,NVDA
2024-03-04,85.08576965332031,85.23699951171875,87.69499969482422,83.71900177001953,84.12999725341797,615616000,NVDA
2024-03-05,85.81550598144531,85.96399688720703,86.09700012207031,83.41699981689453,85.2699966430664,520639000,NVDA
2024-03-06,88.54676055908203,88.69999694824219,89.7239990234375,87.02999877929688,88.02200317382812,582520000,NVDA
2024-03-07,92.50892639160156,92.66899871826172,92.76699829101562,89.60199737548828,90.15799713134766,608119000,NVDA
2024-03-08,87.37679290771484,87.52799987792969,97.4000015258789,86.50599670410156,95.13800048828125,1142269000,NVDA
2024-03-11,85.62583923339844,85.77400207519531,88.7969970703125,84.16600036621094,86.42900085449219,678364000,NVDA
2024-03-12,91.75422668457031,91.91300201416016,91.95999908447266,86.1500015258789,88.04900360107422,668075000,NVDA
2024-03-13,90.73098754882812,90.88800048828125,91.50399780273438,88.43499755859375,91.05500030517578,635713000,NVDA
2024-03-14,87.79207611083984,87.94400024414062,90.64600372314453,86.5999984741211,89.5770034790039,602318000,NVDA
2024-03-15,87.68527221679688,87.83699798583984,89.5459976196289,86.25700378417969,86.93000030517578,642086000,NVDA
2024-03-18,88.30219268798828,88.45500183105469,92.40499877929688,87.08499908447266,90.38800048828125,668976000,NVDA
2024-03-19,89.24357604980469,89.39800262451172,90.54399871826172,85.01000213623047,86.69999694824219,672171000,NVDA
2024-03-20,90.21588134765625,90.37200164794922,90.41000366210938,88.2229995727539,89.7969970703125,479063000,NVDA
2024-03-21,91.27703857421875,91.43499755859375,92.64800262451172,90.40499877929688,92.30000305175781,480372000,NVDA
2024-03-22,94.12611389160156,94.28900146484375,94.77799987792969,90.83399963378906,91.14099884033203,586719000,NVDA
2024-03-25,94.837890625,95.00199890136719,96.76599884033203,93.51000213623047,93.94100189208984,552136000,NVDA
2024-03-26,92.4011001586914,92.56099700927734,96.375,92.50199890136719,95.85099792480469,513648000,NVDA
2024-03-27,90.09410095214844,90.25,93.23999786376953,89.12300109863281,93.11199951171875,586067000,NVDA
2024-03-28,90.19992065429688,90.35600280761719,91.30000305175781,89.19300079345703,90.0,435212000,NVDA
2024-04-01,90.20690155029297,90.36299896240234,92.2249984741211,89.2040023803711,90.29900360107422,452441000,NVDA
2024-04-02,89.29747009277344,89.4520034790039,90.09400177001953,87.62000274658203,88.447998046875,433064000,NVDA
2024-04-03,88.81031036376953,88.96399688720703,90.3740005493164,88.4000015258789,88.48400115966797,370067000,NVDA
2024-04-04,85.756591796875,85.90499877929688,90.63400268554688,85.87999725341797,90.40599822998047,434965000,NVDA
2024-04-05,87.85597229003906,88.00800323486328,88.48100280761719,85.9260025024414,86.86599731445312,399678000,NVDA
2024-04-08,86.98247528076172,87.13300323486328,88.83000183105469,86.73200225830078,88.69999694824219,283220000,NVDA
2024-04-09,85.20655059814453,85.35399627685547,87.63500213623047,83.02200317382812,87.44200134277344,501700000,NVDA
2024-04-10,86.8886489868164,87.03900146484375,87.4000015258789,83.70899963378906,83.9260025024414,431929000,NVDA
2024-04-11,90.45946502685547,90.61599731445312,90.73899841308594,86.9260025024414,87.41999816894531,431637000,NVDA
2024-04-12,88.03366088867188,88.18599700927734,90.17500305175781,87.52999877929688,89.6989974975586,426805000,NVDA
2024-04-15,85.85242462158203,86.0009994506836,90.61299896240234,85.92900085449219,89.0979995727539,443077000,NVDA
2024-04-16,87.26399993896484,87.41500091552734,88.11799621582031,86.06400299072266,86.43299865722656,370453000,NVDA
2024-04-17,83.88982391357422,84.03500366210938,88.7750015258789,83.94999694824219,88.33999633789062,495400000,NVDA
2024-04-18,84.52472686767578,84.6709976196289,86.19000244140625,82.4020004272461,84.97000122070312,447260000,NVDA
2024-04-19,76.06836700439453,76.19999694824219,84.3239974975586,75.60600280761719,83.1500015258789,875198000,NVDA
2024-04-22,79.38063049316406,79.51799774169922,80.072998046875,76.4000015258789,78.10399627685547,596341000,NVDA
2024-04-23,82.28060913085938,82.4229965209961,82.76899719238281,80.26399993896484,80.76899719238281,438559000,NVDA
2024-04-24,79.53935241699219,79.677001953125,84.08200073242188,79.18299865722656,83.94999694824219,512208000,NVDA
2024-04-25,82.4892578125,82.63200378417969,83.322998046875,78.2229995727539,78.86799621582031,424641000,NVDA
2024-04-26,87.58345031738281,87.73500061035156,88.33100128173828,83.38700103759766,83.81800079345703,551011000,NVDA
2024-04-29,87.60540008544922,87.75700378417969,87.99199676513672,85.26599884033203,87.59500122070312,388971000,NVDA
2024-04-30,86.25273895263672,86.4020004272461,88.81900024414062,86.30000305175781,87.23999786376953,363709000,NVDA
2024-05-01,82.89753723144531,83.04100036621094,86.0,81.25499725341797,85.0770034790039,559863000,NVDA
2024-05-02,85.66874694824219,85.81700134277344,86.23699951171875,83.19999694824219,84.4489974975586,377898000,NVDA
2024-05-03,88.63561248779297,88.78900146484375,89.28099822998047,87.04000091552734,87.78900146484375,398341000,NVDA
2024-05-06,91.98082733154297,92.13999938964844,92.22000122070312,89.05500030517578,89.38999938964844,376203000,NVDA
2024-05-07,90.3975601196289,90.55400085449219,91.78099822998047,89.01100158691406,91.0979995727539,437342000,NVDA
2024-05-08,90.25582122802734,90.41200256347656,91.19400024414062,89.41999816894531,89.48300170898438,325721000,NVDA
2024-05-09,88.59369659423828,88.74700164794922,91.0719985961914,88.23100280761719,90.52899932861328,378013000,NVDA
2024-05-10,89.72273254394531,89.87799835205078,91.4010009765625,89.22699737548828,90.30500030517578,335325000,NVDA
2024-05-13,90.24284362792969,90.39900207519531,90.99800109863281,88.52899932861328,90.47799682617188,289680000,NVDA
2024-05-14,91.19818115234375,91.35600280761719,91.6510009765625,88.93399810791016,89.5989990234375,296507000,NVDA
2024-05-15,94.4665298461914,94.62999725341797,94.86199951171875,91.5989990234375,92.47200012207031,417735000,NVDA
2024-05-16,94.19599914550781,94.35900115966797,95.81900024414062,94.10299682617188,94.91000366210938,323952000,NVDA
2024-05-17,92.31924438476562,92.47899627685547,94.73999786376953,91.80599975585938,94.36900329589844,359691000,NVDA
2024-05-20,94.61626434326172,94.77999877929688,95.19999694824219,93.44000244140625,93.75,318764000,NVDA
2024-05-21,95.2212142944336,95.38600158691406,95.4000015258789,93.18000030517578,93.5989990234375,328946000,NVDA
2024-05-22,94.78596496582031,94.94999694824219,96.0199966430664,93.2490005493164,95.45899963378906,548648000,NVDA
2024-05-23,103.61970520019531,103.79900360107422,106.31999969482422,101.5199966430664,102.02799987792969,835065000,NVDA
2024-05-24,106.28507232666016,106.46900177001953,106.4749984741211,103.0,104.4489974975586,429494000,NVDA
2024-05-28,113.7042236328125,113.9010009765625,114.93900299072266,109.88300323486328,110.24400329589844,652728000,NVDA
2024-05-29,114.62663269042969,114.82499694824219,115.49199676513672,110.9010009765625,113.05000305175781,557442000,NVDA
2024-05-30,110.3091049194336,110.5,115.81900024414062,109.66300201416016,114.6500015258789,484553000,NVDA
2024-05-31,109.44361114501953,109.63300323486328,112.71700286865234,106.94000244140625,112.5199966430664,613263000,NVDA
2024-06-03,114.80133819580078,115.0,115.0,112.00299835205078,113.62100219726562,438392000,NVDA
2024-06-04,116.23585510253906,116.43699645996094,116.5999984741211,114.04499816894531,115.71600341796875,403324000,NVDA
2024-06-05,122.22847747802734,122.44000244140625,122.4489974975586,117.46800231933594,118.37100219726562,528402000,NVDA
2024-06-06,120.78898620605469,120.99800109863281,125.58699798583984,118.31999969482422,124.0479965209961,664696000,NVDA
2024-06-07,120.67916107177734,120.88800048828125,121.69200134277344,118.02200317382812,119.7699966430664,412386000,NVDA
2024-06-10,121.5796127319336,121.79000091552734,123.0999984741211,117.01000213623047,120.37000274658203,313434100,NVDA
2024-06-11,120.71105194091797,120.91000366210938,122.87000274658203,118.73999786376953,121.7699966430664,222551200,NVDA
2024-06-12,124.99398040771484,125.19999694824219,126.87999725341797,122.56999969482422,123.05999755859375,299595000,NVDA
2024-06-13,129.39674377441406,129.61000061035156,129.8000030517578,127.16000366210938,129.38999938964844,260704500,NVDA
2024-06-14,131.66299438476562,131.8800048828125,132.83999633789062,128.32000732421875,129.9600067138672,309320400,NVDA
2024-06-17,130.7644805908203,130.97999572753906,133.72999572753906,129.5800018310547,132.99000549316406,288504400,NVDA
2024-06-18,135.35690307617188,135.5800018310547,136.3300018310547,130.69000244140625,131.13999938964844,294335100,NVDA
2024-06-20,130.56478881835938,130.77999877929688,140.75999450683594,129.52000427246094,139.8000030517578,517768400,NVDA
2024-06-21,126.36173248291016,126.56999969482422,130.6300048828125,124.30000305175781,127.12000274658203,649445800,NVDA
2024-06-24,117.91564178466797,118.11000061035156,124.45999908447266,118.04000091552734,123.23999786376953,476060900,NVDA
2024-06-25,125.88251495361328,126.08999633789062,126.5,119.31999969482422,121.19999694824219,414192600,NVDA
2024-06-26,126.19200897216797,126.4000015258789,128.1199951171875,122.5999984741211,126.12999725341797,362975900,NVDA
2024-06-27,123.78595733642578,123.98999786376953,126.41000366210938,122.91999816894531,124.0999984741211,252571700,NVDA
2024-06-28,123.33671569824219,123.54000091552734,127.70999908447266,122.75,124.58000183105469,315516700,NVDA
2024-07-01,124.09546661376953,124.30000305175781,124.83999633789062,118.83000183105469,123.47000122070312,284885500,NVDA
2024-07-02,122.46814727783203,122.66999816894531,123.41000366210938,121.02999877929688,121.12999725341797,218374000,NVDA
2024-07-03,128.0689239501953,128.27999877929688,128.27999877929688,121.36000061035156,121.66000366210938,215749000,NVDA
2024-07-05,125.62294006347656,125.83000183105469,128.85000610351562,125.68000030517578,127.37999725341797,214176700,NVDA
2024-07-08,127.98902893066406,128.1999969482422,130.77000427246094,127.04000091552734,127.48999786376953,237677300,NVDA
2024-07-09,131.163818359375,131.3800048828125,133.82000732421875,128.64999389648438,130.35000610351562,285366600,NVDA
2024-07-10,134.68800354003906,134.91000366210938,135.10000610351562,132.4199981689453,134.02999877929688,248978600,NVDA
2024-07-11,127.19036102294922,127.4000015258789,136.14999389648438,127.05000305175781,135.75,374782700,NVDA
2024-07-12,129.02734375,129.24000549316406,131.9199981689453,127.22000122070312,128.25999450683594,252680500,NVDA
2024-07-15,128.2286376953125,128.44000244140625,131.38999938964844,127.18000030517578,130.55999755859375,208326200,NVDA
2024-07-16,126.1520767211914,126.36000061035156,129.0399932861328,124.58000183105469,128.44000244140625,214769500,NVDA
2024-07-17,117.79584503173828,117.98999786376953,121.8499984741211,116.72000122070312,121.3499984741211,390086200,NVDA
2024-07-18,120.89073944091797,121.08999633789062,122.4000015258789,116.55999755859375,121.8499984741211,320979500,NVDA
2024-07-19,117.73594665527344,117.93000030517578,121.5999984741211,117.37000274658203,120.3499984741211,217223800,NVDA
2024-07-22,123.33671569824219,123.54000091552734,124.06999969482422,119.86000061035156,120.3499984741211,258068900,NVDA
2024-07-23,122.38827514648438,122.58999633789062,124.69000244140625,122.0999984741211,122.77999877929688,173911000,NVDA
2024-07-24,114.06200408935547,114.25,119.94999694824219,113.44000244140625,119.16999816894531,327776900,NVDA
2024-07-25,112.09524536132812,112.27999877929688,116.62999725341797,106.30000305175781,113.04000091552734,460067000,NVDA
2024-07-26,112.87395477294922,113.05999755859375,116.19999694824219,111.58000183105469,116.19000244140625,293399100,NVDA
2024-07-29,111.4063720703125,111.58999633789062,116.27999877929688,111.30000305175781,113.69000244140625,248152100,NVDA
2024-07-30,103.5593032836914,103.7300033569336,111.98999786376953,102.54000091552734,111.5199966430664,486833300,NVDA
2024-07-31,116.82743835449219,117.0199966430664,118.33999633789062,110.87999725341797,112.9000015258789,473174200,NVDA
2024-08-01,109.03028869628906,109.20999908447266,120.16000366210938,106.80999755859375,117.52999877929688,523462300,NVDA
2024-08-02,107.09347534179688,107.2699966430664,108.72000122070312,101.37000274658203,103.76000213623047,482027500,NVDA
2024-08-05,100.28471374511719,100.44999694824219,103.41000366210938,90.69000244140625,92.05999755859375,552842400,NVDA
2024-08-06,104.07846069335938,104.25,107.70999908447266,100.55000305175781,103.83999633789062,409012100,NVDA
2024-08-07,98.74724578857422,98.91000366210938,108.80000305175781,98.69000244140625,107.80999755859375,411440400,NVDA
2024-08-08,104.7972640991211,104.97000122070312,105.5,97.5199966430664,102.0,391910000,NVDA
2024-08-09,104.57763671875,104.75,106.5999984741211,103.43000030517578,105.63999938964844,290844200,NVDA
2024-08-12,108.84060668945312,109.0199966430664,111.06999969482422,106.26000213623047,106.31999969482422,325559900,NVDA
2024-08-13,115.94889831542969,116.13999938964844,116.2300033569336,111.58000183105469,112.44000244140625,312646700,NVDA
2024-08-14,117.88570404052734,118.08000183105469,118.5999984741211,114.06999969482422,118.52999877929688,339246400,NVDA
2024-08-15,122.6578369140625,122.86000061035156,123.23999786376953,117.47000122070312,118.76000213623047,318086700,NVDA
2024-08-16,124.37499237060547,124.58000183105469,125.0,121.18000030517578,121.94000244140625,302589900,NVDA
2024-08-19,129.78607177734375,130.0,130.0,123.41999816894531,124.27999877929688,318333600,NVDA
2024-08-20,127.04061889648438,127.25,129.8800048828125,125.88999938964844,128.39999389648438,300087400,NVDA
2024-08-21,128.28857421875,128.5,129.35000610351562,126.66000366210938,127.31999969482422,257883600,NVDA
2024-08-22,123.53638458251953,123.73999786376953,130.75,123.0999984741211,130.02000427246094,376189100,NVDA
2024-08-23,129.15711975097656,129.3699951171875,129.60000610351562,125.22000122070312,125.86000061035156,323230300,NVDA
2024-08-26,126.25190734863281,126.45999908447266,131.25999450683594,124.37000274658203,129.57000732421875,331964700,NVDA
2024-08-27,128.0889129638672,128.3000030517578,129.1999969482422,123.87999725341797,125.05000305175781,303134600,NVDA
2024-08-28,125.4033203125,125.61000061035156,128.3300018310547,122.63999938964844,128.1199951171875,448101100,NVDA
2024-08-29,117.39649963378906,117.58999633789062,124.43000030517578,116.70999908447266,121.36000061035156,453023300,NVDA
2024-08-30,119.17357635498047,119.37000274658203,121.75,117.22000122070312,119.52999877929688,333751600,NVDA
2024-09-03,107.82229614257812,108.0,116.20999908447266,107.29000091552734,116.01000213623047,477155100,NVDA
2024-09-04,106.03523254394531,106.20999908447266,113.2699966430664,104.12000274658203,105.41000366210938,372470300,NVDA
2024-09-05,107.03358459472656,107.20999908447266,109.6500015258789,104.76000213623047,104.98999786376953,306850700,NVDA
2024-09-06,102.66080474853516,102.83000183105469,108.1500015258789,100.94999694824219,108.04000091552734,413638100,NVDA
2024-09-09,106.29479217529297,106.47000122070312,106.55000305175781,103.69000244140625,104.87999725341797,273912000,NVDA
2024-09-10,107.922119140625,108.0999984741211,109.4000015258789,104.94999694824219,107.80999755859375,268283700,NVDA
2024-09-11,116.7176284790039,116.91000366210938,117.19000244140625,107.41999816894531,109.38999938964844,441422400,NVDA
2024-09-12,118.95413208007812,119.13999938964844,120.79000091552734,115.37999725341797,116.83999633789062,366052700,NVDA
2024-09-13,118.9141845703125,119.0999984741211,119.95999908447266,117.5999984741211,119.08000183105469,238358300,NVDA
2024-09-16,116.59780883789062,116.77999877929688,118.18000030517578,114.36000061035156,116.79000091552734,248772300,NVDA
2024-09-17,115.40967559814453,115.58999633789062,118.80000305175781,114.83000183105469,118.16999816894531,231925900,NVDA
2024-09-18,113.19313049316406,113.37000274658203,117.69999694824219,113.22000122070312,115.88999938964844,310318900,NVDA
2024-09-19,117.68611907958984,117.87000274658203,119.66000366210938,117.25,117.3499984741211,293506400,NVDA
2024-09-20,115.81903076171875,116.0,118.62000274658203,115.38999938964844,117.05999755859375,382462400,NVDA
2024-09-23,116.07862091064453,116.26000213623047,116.98999786376953,114.86000061035156,116.55000305175781,206228500,NVDA
2024-09-24,120.68143463134766,120.87000274658203,121.80000305175781,115.37999725341797,116.5199966430664,354966800,NVDA
2024-09-25,123.31731414794922,123.51000213623047,124.94000244140625,121.61000061035156,122.0199966430664,284692900,NVDA
2024-09-26,123.84648895263672,124.04000091552734,127.66999816894531,121.80000305175781,126.80000305175781,302582900,NVDA
2024-09-27,121.21060943603516,121.4000015258789,124.02999877929688,119.26000213623047,123.97000122070312,271009200,NVDA
2024-09-30,121.25054168701172,121.44000244140625,121.5,118.1500015258789,118.30999755859375,226553700,NVDA
2024-10-01,116.81746673583984,117.0,122.44000244140625,115.79000091552734,121.7699966430664,302094500,NVDA
2024-10-02,118.66458129882812,118.8499984741211,119.37999725341797,115.13999938964844,116.44000244140625,221845900,NVDA
2024-10-03,122.6583480834961,122.8499984741211,124.36000061035156,120.33999633789062,120.91999816894531,277118000,NVDA
2024-10-04,124.72511291503906,124.91999816894531,125.04000091552734,121.83000183105469,124.94000244140625,243678100,NVDA
2024-10-07,127.52074432373047,127.72000122070312,130.63999938964844,124.94999694824219,124.98999786376953,346250200,NVDA
2024-10-08,132.6826934814453,132.88999938964844,133.47999572753906,129.4199981689453,130.25999450683594,285722500,NVDA
2024-10-09,132.44305419921875,132.64999389648438,134.52000427246094,131.3800048828125,134.11000061035156,246191600,NVDA
2024-10-10,134.59967041015625,134.80999755859375,135.0,131.0,131.91000366210938,242311300,NVDA
2024-10-11,134.58970642089844,134.8000030517578,135.77999877929688,133.66000366210938,134.00999450683594,170209500,NVDA
2024-10-14,137.8546142578125,138.07000732421875,139.60000610351562,136.3000030517578,136.47000122070312,232347700,NVDA
2024-10-15,131.3946990966797,131.60000610351562,138.57000732421875,128.74000549316406,137.8699951171875,377831000,NVDA
2024-10-16,135.5082550048828,135.72000122070312,136.6199951171875,131.5800018310547,133.97999572753906,264879700,NVDA
2024-10-17,136.71636962890625,136.92999267578125,140.88999938964844,136.8699951171875,139.33999633789062,306435900,NVDA
2024-10-18,137.7847137451172,138.0,138.89999389648438,137.27999877929688,138.6699981689453,176090200,NVDA
2024-10-21,143.4857940673828,143.7100067138672,143.7100067138672,138.0,138.1300048828125,264554500,NVDA
2024-10-22,143.36599731445312,143.58999633789062,144.4199981689453,141.77999877929688,142.91000366210938,226311600,NVDA
2024-10-23,139.34228515625,139.55999755859375,142.42999267578125,137.4600067138672,142.02999877929688,285930000,NVDA
2024-10-24,140.19094848632812,140.41000366210938,141.35000610351562,138.4600067138672,140.82000732421875,172354900,NVDA
2024-10-25,141.31918334960938,141.5399932861328,144.1300048828125,140.8000030517578,140.92999267578125,205122100,NVDA
2024-10-28,140.30076599121094,140.52000427246094,143.13999938964844,140.0500030517578,143.0,173586700,NVDA
2024-10-29,141.02963256835938,141.25,142.25999450683594,138.89999389648438,140.2899932861328,157593600,NVDA
2024-10-30,139.12261962890625,139.33999633789062,140.3300018310547,136.80999755859375,139.5399932861328,179418100,NVDA
2024-10-31,132.55288696289062,132.75999450683594,137.61000061035156,132.11000061035156,137.60000610351562,270039600,NVDA
2024-11-01,135.1887664794922,135.39999389648438,137.30999755859375,134.57000732421875,134.6999969482422,207127800,NVDA
2024-11-04,135.83775329589844,136.0500030517578,138.9600067138672,135.57000732421875,137.2100067138672,187528200,NVDA
2024-11-05,139.6917266845703,139.91000366210938,140.3699951171875,137.3300018310547,137.4499969482422,160537400,NVDA
2024-11-06,145.38284301757812,145.61000061035156,146.49000549316406,141.9600067138672,142.9600067138672,242043900,NVDA
2024-11-07,148.6477508544922,148.8800048828125,148.92999267578125,146.1699981689453,146.38999938964844,207323300,NVDA
2024-11-08,147.399658203125,147.6300048828125,149.77000427246094,146.25999450683594,148.77000427246094,175665800,NVDA
2024-11-11,145.03338623046875,145.25999450683594,148.85000610351562,143.57000732421875,148.67999267578125,182325600,NVDA
2024-11-12,148.0586395263672,148.2899932861328,149.64999389648438,146.00999450683594,146.77999877929688,198634700,NVDA
2024-11-13,146.04180908203125,146.27000427246094,149.3300018310547,145.89999389648438,149.07000732421875,191903300,NVDA
2024-11-14,146.53102111816406,146.75999450683594,149.0,145.5500030517578,147.63999938964844,194463300,NVDA
2024-11-15,141.75848388671875,141.97999572753906,145.24000549316406,140.0800018310547,144.8699951171875,250132900,NVDA
2024-11-18,139.93133544921875,140.14999389648438,141.5500030517578,137.14999389648438,139.5,221205300,NVDA
2024-11-19,146.7806396484375,147.00999450683594,147.1300048828125,140.99000549316406,141.32000732421875,227834900,NVDA
2024-11-20,145.6623992919922,145.88999938964844,147.55999755859375,142.72999572753906,147.41000366210938,309871700,NVDA
2024-11-21,146.44119262695312,146.6699981689453,152.88999938964844,140.6999969482422,149.35000610351562,400946600,NVDA
2024-11-22,141.7285614013672,141.9499969482422,147.16000366210938,141.10000610351562,145.92999267578125,236406200,NVDA
2024-11-25,135.80780029296875,136.02000427246094,142.0500030517578,135.82000732421875,141.99000549316406,344941900,NVDA
2024-11-26,136.70639038085938,136.9199981689453,139.3000030517578,135.6699981689453,137.6999969482422,190287700,NVDA
2024-11-27,135.1288604736328,135.33999633789062,137.22000122070312,131.8000030517578,135.00999450683594,226370900,NVDA
2024-11-29,138.03433227539062,138.25,139.35000610351562,136.0500030517578,136.77999877929688,141863200,NVDA
2024-12-02,138.41372680664062,138.6300048828125,140.4499969482422,137.82000732421875,138.8300018310547,171682800,NVDA
2024-12-03,140.0411834716797,140.25999450683594,140.5399932861328,137.9499969482422,138.25999450683594,164414000,NVDA
2024-12-04,144.91354370117188,145.13999938964844,145.7899932861328,140.2899932861328,142.0,231224300,NVDA
2024-12-05,144.8436737060547,145.05999755859375,146.5399932861328,143.9499969482422,145.11000061035156,172621200,NVDA
2024-12-06,142.2275848388672,142.44000244140625,145.6999969482422,141.30999755859375,144.60000610351562,188505600,NVDA
2024-12-09,138.6029815673828,138.80999755859375,139.9499969482422,137.1300048828125,138.97000122070312,189308600,NVDA
2024-12-10,134.8685760498047,135.07000732421875,141.82000732421875,133.7899932861328,139.00999450683594,210020900,NVDA
2024-12-11,139.10223388671875,139.30999755859375,140.1699981689453,135.2100067138672,137.36000061035156,184905200,NVDA
2024-12-12,137.1351776123047,137.33999633789062,138.44000244140625,135.8000030517578,137.0800018310547,159211400,NVDA
2024-12-13,134.0498046875,134.25,139.60000610351562,132.5399932861328,138.94000244140625,231514900,NVDA
2024-12-16,131.8031463623047,132.0,134.39999389648438,130.4199981689453,134.17999267578125,237951100,NVDA
2024-12-17,130.195556640625,130.38999938964844,131.58999633789062,126.86000061035156,129.08999633789062,259410300,NVDA
2024-12-18,128.71775817871094,128.91000366210938,136.6999969482422,128.27999877929688,133.86000061035156,277444500,NVDA
2024-12-19,130.485107421875,130.67999267578125,134.02999877929688,129.5500030517578,131.75999450683594,209719200,NVDA
2024-12-20,134.49911499023438,134.6999969482422,135.27999877929688,128.22000122070312,129.80999755859375,306528600,NVDA
2024-12-23,139.4617156982422,139.6699981689453,139.7899932861328,135.1199951171875,136.27999877929688,176053500,NVDA
2024-12-24,140.01089477539062,140.22000122070312,141.89999389648438,138.64999389648438,140.0,105157000,NVDA
2024-12-26,139.72132873535156,139.92999267578125,140.85000610351562,137.72999572753906,139.6999969482422,116205600,NVDA
2024-12-27,136.8056640625,137.00999450683594,139.02000427246094,134.7100067138672,138.5500030517578,170582600,NVDA
2024-12-30,137.2849578857422,137.49000549316406,140.27000427246094,134.02000427246094,134.8300018310547,167734700,NVDA
2024-12-31,134.08973693847656,134.2899932861328,138.07000732421875,133.8300018310547,138.02999877929688,155659200,NVDA
2025-01-02,138.1037139892578,138.30999755859375,138.8800048828125,134.6300048828125,136.0,198247200,NVDA
2025-01-03,144.2545623779297,144.47000122070312,144.89999389648438,139.72999572753906,140.00999450683594,229322500,NVDA
2025-01-06,149.2071533203125,149.42999267578125,152.16000366210938,147.82000732421875,148.58999633789062,265377400,NVDA
2025-01-07,139.93099975585938,140.13999938964844,153.1300048828125,140.00999450683594,153.02999877929688,351782200,NVDA
2025-01-08,139.9010467529297,140.11000061035156,143.9499969482422,137.55999755859375,142.5800018310547,227349900,NVDA
2025-01-10,135.7073211669922,135.91000366210938,139.9199981689453,134.22000122070312,137.4499969482422,207602500,NVDA
2025-01-13,133.03131103515625,133.22999572753906,133.49000549316406,129.50999450683594,129.99000549316406,204808900,NVDA
2025-01-14,131.56350708007812,131.75999450683594,136.3800048828125,130.0500030517578,136.0500030517578,195590500,NVDA
2025-01-15,136.03683471679688,136.24000549316406,136.4499969482422,131.2899932861328,133.64999389648438,185217300,NVDA
2025-01-16,133.3708038330078,133.57000732421875,138.75,133.49000549316406,138.63999938964844,209235600,NVDA
2025-01-17,137.504638671875,137.7100067138672,138.5,135.4600067138672,136.69000244140625,201188800,NVDA
2025-01-21,140.61996459960938,140.8300018310547,141.8300018310547,137.08999633789062,139.16000366210938,197749000,NVDA
2025-01-22,146.85067749023438,147.07000732421875,147.7899932861328,143.6699981689453,144.66000366210938,237651400,NVDA
2025-01-23,147.00047302246094,147.22000122070312,147.22999572753906,143.72000122070312,145.0500030517578,155915500,NVDA
2025-01-24,142.40731811523438,142.6199951171875,148.97000122070312,141.8800048828125,148.3699951171875,234657600,NVDA
2025-01-27,118.24340057373047,118.41999816894531,128.39999389648438,116.69999694824219,124.80000305175781,818830900,NVDA
2025-01-28,128.7976531982422,128.99000549316406,129.0,116.25,121.80999755859375,579666400,NVDA
2025-01-29,123.51553344726562,123.69999694824219,126.88999938964844,120.05000305175781,126.5,467120600,NVDA
2025-01-30,124.464111328125,124.6500015258789,125.0,118.0999984741211,123.0999984741211,392925500,NVDA
2025-01-31,119.89094543457031,120.06999969482422,127.8499984741211,119.19000244140625,123.77999877929688,388161100,NVDA
2025-02-03,116.48603057861328,116.66000366210938,118.56999969482422,113.01000213623047,114.75,371235700,NVDA
2025-02-04,118.47306060791016,118.6500015258789,121.19999694824219,116.69999694824219,116.95999908447266,256550000,NVDA
2025-02-05,124.64383697509766,124.83000183105469,125.0,120.76000213623047,121.76000213623047,262230800,NVDA
2025-02-06,128.4880828857422,128.67999267578125,128.77000427246094,125.20999908447266,127.41999816894531,251483600,NVDA
2025-02-07,129.6463623046875,129.83999633789062,130.3699951171875,125.0,129.22000122070312,228186300,NVDA
2025-02-10,133.3708038330078,133.57000732421875,135.0,129.9600067138672,130.08999633789062,216989100,NVDA
2025-02-11,132.6019744873047,132.8000030517578,134.47999572753906,131.02000427246094,132.5800018310547,178902400,NVDA
2025-02-12,130.94442749023438,131.13999938964844,132.24000549316406,129.0800018310547,130.02000427246094,160278600,NVDA
2025-02-13,135.08824157714844,135.2899932861328,136.5,131.1699981689453,131.55999755859375,197430000,NVDA
2025-02-14,138.6429443359375,138.85000610351562,139.25,135.5,136.47999572753906,195479600,NVDA
2025-02-18,139.19212341308594,139.39999389648438,143.44000244140625,137.92999267578125,141.27000427246094,219176600,NVDA
2025-02-19,139.02235412597656,139.22999572753906,141.36000061035156,137.22000122070312,139.50999450683594,167536000,NVDA
2025-02-20,139.9010467529297,140.11000061035156,140.66000366210938,136.7899932861328,140.02999877929688,143903600,NVDA
2025-02-21,134.22950744628906,134.42999267578125,141.4600067138672,134.02999877929688,140.0399932861328,228217600,NVDA
2025-02-24,130.08570861816406,130.27999877929688,138.58999633789062,130.0800018310547,136.55999755859375,251381100,NVDA
2025-02-25,126.44115447998047,126.62999725341797,130.1999969482422,124.44000244140625,129.97999572753906,271428700,NVDA
2025-02-26,131.08421325683594,131.27999877929688,133.72999572753906,128.49000549316406,129.99000549316406,322553800,NVDA
2025-02-27,119.9708251953125,120.1500015258789,135.00999450683594,120.01000213623047,135.0,443175800,NVDA
2025-02-28,124.73371124267578,124.91999816894531,125.08999633789062,116.4000015258789,118.0199966430664,389091100,NVDA
2025-03-03,113.88990020751953,114.05999755859375,123.69999694824219,112.27999877929688,123.51000213623047,411381400,NVDA
2025-03-04,115.81703186035156,115.98999786376953,119.30999755859375,110.11000061035156,110.6500015258789,398163300,NVDA
2025-03-05,117.12507629394531,117.30000305175781,118.27999877929688,114.51000213623047,117.58000183105469,284337900,NVDA
2025-03-06,110.40510559082031,110.56999969482422,115.3499984741211,110.22000122070312,113.52999877929688,321181900,NVDA
2025-03-07,112.5219497680664,112.69000244140625,113.4800033569336,107.55999755859375,111.25,341755500,NVDA
2025-03-10,106.8204574584961,106.9800033569336,111.8499984741211,105.45999908447266,109.9000015258789,366487400,NVDA
2025-03-11,108.59780883789062,108.76000213623047,112.23999786376953,104.7699966430664,106.98999786376953,354865700,NVDA
2025-03-12,115.57803344726562,115.73999786376953,116.76000213623047,112.87999725341797,114.12000274658203,323857500,NVDA
2025-03-13,115.41825103759766,115.58000183105469,117.76000213623047,113.79000091552734,117.02999877929688,299033100,NVDA
2025-03-14,121.49972534179688,121.66999816894531,121.87999725341797,118.1500015258789,118.61000061035156,277593500,NVDA
2025-03-17,119.36272430419922,119.52999877929688,122.88999938964844,118.02999877929688,122.73999786376953,255501500,NVDA
2025-03-18,115.26846313476562,115.43000030517578,119.0199966430664,114.54000091552734,118.0,299686900,NVDA
2025-03-19,117.35553741455078,117.5199966430664,120.44999694824219,115.68000030517578,117.2699966430664,273426200,NVDA
2025-03-20,118.36412048339844,118.52999877929688,120.19999694824219,116.47000122070312,116.55000305175781,248829700,NVDA
2025-03-21,117.5352783203125,117.69999694824219,117.98999786376953,115.41999816894531,116.94000244140625,266498500,NVDA
2025-03-24,121.24009704589844,121.41000366210938,122.22000122070312,119.33999633789062,119.87999725341797,228452500,NVDA
2025-03-25,120.5210952758789,120.69000244140625,121.29000091552734,118.91999816894531,120.55000305175781,167447200,NVDA
2025-03-26,113.60079956054688,113.76000213623047,118.83999633789062,112.70999908447266,118.7300033569336,293463300,NVDA
2025-03-27,111.27405548095703,111.43000030517578,114.44999694824219,110.66000366210938,111.3499984741211,236902100,NVDA
2025-03-28,109.51651763916016,109.66999816894531,112.87000274658203,109.06999969482422,111.48999786376953,229872500,NVDA
2025-03-31,108.22832489013672,108.37999725341797,110.95999908447266,103.6500015258789,105.12999725341797,299212700,NVDA
2025-04-01,109.99585723876953,110.1500015258789,110.19999694824219,106.47000122070312,108.5199966430664,222614000,NVDA
2025-04-02,110.26546478271484,110.41999816894531,111.9800033569336,106.79000091552734,107.29000091552734,220601200,NVDA
2025-04-03,101.65754699707031,101.80000305175781,105.62999725341797,101.5999984741211,103.51000213623047,338769400,NVDA
2025-04-04,94.17801666259766,94.30999755859375,100.12999725341797,92.11000061035156,98.91000366210938,532273800,NVDA
2025-04-07,97.50334930419922,97.63999938964844,101.75,86.62000274658203,87.45999908447266,611041300,NVDA
2025-04-08,96.16523742675781,96.30000305175781,105.8499984741211,94.45999908447266,103.80999755859375,476243400,NVDA
2025-04-09,114.17000579833984,114.33000183105469,115.0999984741211,97.52999877929688,98.88999938964844,612918300,NVDA
2025-04-10,107.4194564819336,107.56999969482422,110.86000061035156,99.1500015258789,109.37000274658203,437812400,NVDA
2025-04-11,110.77476501464844,110.93000030517578,111.55000305175781,107.4800033569336,108.5,313417300,NVDA
2025-04-14,110.55506896972656,110.70999908447266,114.29000091552734,109.06999969482422,114.11000061035156,264705000,NVDA
2025-04-15,112.04297637939453,112.19999694824219,113.62000274658203,110.5,110.97000122070312,228966900,NVDA
2025-04-16,104.3437728881836,104.48999786376953,106.79000091552734,100.44999694824219,104.55000305175781,397016900,NVDA
2025-04-17,101.34796905517578,101.48999786376953,104.47000122070312,100.05000305175781,104.44999694824219,292517500,NVDA
2025-04-21,96.7743911743164,96.91000366210938,99.44000244140625,95.04000091552734,98.7699966430664,288501100,NVDA
2025-04-22,98.75160217285156,98.88999938964844,99.80999755859375,97.27999877929688,98.77999877929688,241004800,NVDA
2025-04-23,102.56625366210938,102.70999908447266,104.80000305175781,102.0199966430664,104.5199966430664,247526000,NVDA
2025-04-24,106.28105163574219,106.43000030517578,106.54000091552734,103.11000061035156,103.4800033569336,220815000,NVDA
2025-04-25,110.85465240478516,111.01000213623047,111.91999816894531,105.7300033569336,106.8499984741211,251064700,NVDA
2025-04-28,108.57784271240234,108.7300033569336,110.37000274658203,106.0199966430664,109.69000244140625,207708500,NVDA
2025-04-29,108.867431640625,109.0199966430664,110.19999694824219,107.44000244140625,107.66999816894531,170444300,NVDA
2025-04-30,108.76756286621094,108.91999816894531,108.91999816894531,104.08000183105469,104.47000122070312,235044600,NVDA
2025-05-01,111.45381164550781,111.61000061035156,114.94000244140625,111.30000305175781,113.08000183105469,236121500,NVDA
2025-05-02,114.33976745605469,114.5,115.4000015258789,113.37000274658203,114.18000030517578,190194800,NVDA
2025-05-05,113.66072082519531,113.81999969482422,114.66999816894531,112.66000366210938,112.91000366210938,133163200,NVDA
2025-05-06,113.38111114501953,113.54000091552734,114.73999786376953,110.81999969482422,111.4800033569336,158525600,NVDA
2025-05-07,116.89617919921875,117.05999755859375,117.68000030517578,112.27999877929688,113.05000305175781,206758800,NVDA
2025-05-08,117.20574951171875,117.37000274658203,118.68000030517578,115.8499984741211,118.25,198428100,NVDA
2025-05-09,116.48676300048828,116.6500015258789,118.2300033569336,115.20999908447266,117.3499984741211,132972200,NVDA
2025-05-12,122.82786560058594,123.0,123.0,120.27999877929688,121.97000122070312,225023300,NVDA
2025-05-13,129.7481689453125,129.92999267578125,131.22000122070312,124.47000122070312,124.9800033569336,330430100,NVDA
2025-05-14,135.1505889892578,135.33999633789062,135.44000244140625,131.67999267578125,133.1999969482422,281180800,NVDA
2025-05-15,134.6413116455078,134.8300018310547,136.3000030517578,132.66000366210938,134.2899932861328,226632600,NVDA
2025-05-16,135.21051025390625,135.39999389648438,136.35000610351562,133.4600067138672,136.22000122070312,226542500,NVDA
2025-05-19,135.3802947998047,135.57000732421875,135.8699951171875,132.38999938964844,132.38999938964844,193154600,NVDA
2025-05-20,134.19192504882812,134.3800048828125,134.5800018310547,132.6199951171875,134.2899932861328,161514200,NVDA
2025-05-21,131.61557006835938,131.8000030517578,137.39999389648438,130.58999633789062,133.05999755859375,270608700,NVDA
2025-05-22,132.6441192626953,132.8300018310547,134.25,131.5500030517578,132.22999572753906,187344000,NVDA
2025-05-23,131.1062469482422,131.2899932861328,132.67999267578125,129.16000366210938,130.0,198821300,NVDA
2025-05-27,135.31036376953125,135.5,135.66000366210938,133.30999755859375,134.14999389648438,192953600,NVDA
2025-05-28,134.621337890625,134.80999755859375,137.25,134.7899932861328,136.02999877929688,304021100,NVDA
2025-05-29,138.9951934814453,139.19000244140625,143.49000549316406,137.91000366210938,142.25,369241900,NVDA
2025-05-30,134.94090270996094,135.1300048828125,139.6199951171875,132.9199981689453,138.72000122070312,333170900,NVDA
2025-06-02,137.187744140625,137.3800048828125,138.1199951171875,135.39999389648438,135.49000549316406,197663100,NVDA
2025-06-03,141.02235412597656,141.22000122070312,142.0,137.9499969482422,138.77999877929688,225578800,NVDA
2025-06-04,141.7213897705078,141.9199981689453,142.38999938964844,139.5399932861328,142.19000244140625,167120800,NVDA
2025-06-05,139.79408264160156,139.99000549316406,144.0,138.8300018310547,142.1699981689453,231397900,NVDA
2025-06-06,141.52166748046875,141.72000122070312,143.27000427246094,141.50999450683594,142.50999450683594,153986200,NVDA
2025-06-09,142.43040466308594,142.6300048828125,145.0,141.94000244140625,143.19000244140625,185114500,NVDA
2025-06-10,143.75852966308594,143.9600067138672,144.2899932861328,141.52999877929688,142.69000244140625,155881900,NVDA
2025-06-11,142.64002990722656,142.8300018310547,144.99000549316406,141.8699951171875,144.61000061035156,167694000,NVDA
2025-06-12,144.80714416503906,145.0,145.0,141.85000610351562,141.97000122070312,162365000,NVDA
2025-06-13,141.78115844726562,141.97000122070312,143.5800018310547,140.85000610351562,142.47999572753906,180820600,NVDA
2025-06-16,144.49755859375,144.69000244140625,146.17999267578125,143.1999969482422,143.35000610351562,183133700,NVDA
2025-06-17,143.9282989501953,144.1199951171875,145.22000122070312,143.77999877929688,144.49000549316406,139108000,NVDA
2025-06-18,145.28648376464844,145.47999572753906,145.64999389648438,143.1199951171875,144.00999450683594,161494100,NVDA
2025-06-20,143.65867614746094,143.85000610351562,146.1999969482422,142.64999389648438,145.4499969482422,242956200,NVDA
2025-06-23,143.97824096679688,144.1699981689453,144.77999877929688,142.02999877929688,142.5,154308900,NVDA
2025-06-24,147.70326232910156,147.89999389648438,147.9600067138672,145.5,145.55999755859375,187566100,NVDA
2025-06-25,154.10475158691406,154.30999755859375,154.4499969482422,149.25999450683594,149.27000427246094,269146500,NVDA
2025-06-26,154.81381225585938,155.02000427246094,156.72000122070312,154.0,155.97999572753906,198145700,NVDA
2025-06-27,157.5401611328125,157.75,158.7100067138672,155.25999450683594,156.0399932861328,263234500,NVDA
2025-06-30,157.7798614501953,157.99000549316406,158.66000366210938,155.9600067138672,158.39999389648438,194580300,NVDA
2025-07-01,153.09608459472656,153.3000030517578,157.1999969482422,151.49000549316406,156.2899932861328,213143600,NVDA
2025-07-02,157.0408477783203,157.25,157.60000610351562,152.97000122070312,152.97999572753906,171224100,NVDA
2025-07-03,159.1280517578125,159.33999633789062,160.97999572753906,157.77000427246094,158.3699951171875,143716100,NVDA
2025-07-07,158.02952575683594,158.24000549316406,159.30999755859375,157.33999633789062,158.1999969482422,140139000,NVDA
2025-07-08,159.78717041015625,160.0,160.22000122070312,158.38999938964844,159.3300018310547,138133000,NVDA
2025-07-09,162.66334533691406,162.8800048828125,164.4199981689453,161.16000366210938,161.22000122070312,183656400,NVDA
2025-07-10,163.88172912597656,164.10000610351562,164.5,161.61000061035156,164.32000732421875,167704100,NVDA
2025-07-11,164.70062255859375,164.9199981689453,167.88999938964844,163.47000122070312,163.72000122070312,193633300,NVDA
2025-07-14,163.8517608642578,164.07000732421875,165.49000549316406,162.02000427246094,165.3699951171875,136975800,NVDA
2025-07-15,170.4729461669922,170.6999969482422,172.39999389648438,169.1999969482422,171.19000244140625,230627400,NVDA
2025-07-16,171.14205932617188,171.3699951171875,171.75,168.89999389648438,171.05999755859375,158831500,NVDA
2025-07-17,172.76988220214844,173.0,174.16000366210938,170.8300018310547,172.02000427246094,160841100,NVDA
2025-07-18,172.18067932128906,172.41000366210938,174.25,171.25999450683594,173.63999938964844,146456400,NVDA
2025-07-21,171.1520538330078,171.3800048828125,173.3800048828125,171.0,172.75,123126100,NVDA
2025-07-22,166.80783081054688,167.02999877929688,171.38999938964844,164.5800018310547,171.33999633789062,193114300,NVDA
2025-07-23,170.55284118652344,170.77999877929688,171.25999450683594,167.97000122070312,169.52999877929688,154082200,NVDA
2025-07-24,173.50892639160156,173.74000549316406,173.8300018310547,171.3000030517578,172.44000244140625,128984600,NVDA
2025-07-25,173.2692413330078,173.5,174.72000122070312,172.9600067138672,173.61000061035156,122316800,NVDA
2025-07-28,176.51490783691406,176.75,177.0,173.97000122070312,174.02000427246094,140023500,NVDA
2025-07-29,175.2765350341797,175.50999450683594,179.3800048828125,175.02000427246094,177.9600067138672,154077500,NVDA
2025-07-30,179.03155517578125,179.27000427246094,179.88999938964844,176.0399932861328,176.50999450683594,174312200,NVDA
2025-07-31,177.6334228515625,177.8699951171875,183.3000030517578,175.92999267578125,182.89999389648438,221685400,NVDA
2025-08-01,173.4889373779297,173.72000122070312,176.5399932861328,170.88999938964844,174.08999633789062,204529000,NVDA
2025-08-04,179.76058959960938,180.0,180.1999969482422,174.52000427246094,175.16000366210938,148174600,NVDA
2025-08-05,178.02288818359375,178.25999450683594,180.25999450683594,175.89999389648438,179.6199951171875,156407600,NVDA
2025-08-06,179.1813507080078,179.4199981689453,179.89999389648438,176.25,176.3300018310547,137192300,NVDA
2025-08-07,180.52955627441406,180.77000427246094,183.8800048828125,178.8000030517578,181.57000732421875,151878400,NVDA
2025-08-08,182.4569854736328,182.6999969482422,183.3000030517578,180.39999389648438,181.5500030517578,123396700,NVDA
2025-08-11,181.81784057617188,182.05999755859375,183.83999633789062,180.25,182.0500030517578,138323200,NVDA
2025-08-12,182.9163818359375,183.16000366210938,184.47999572753906,179.4600067138672,182.9600067138672,145485700,NVDA
2025-08-13,181.3484649658203,181.58999633789062,183.97000122070312,179.35000610351562,182.6199951171875,179871700,NVDA
2025-08-14,181.77789306640625,182.02000427246094,183.02000427246094,179.4600067138672,179.75,129554000,NVDA
2025-08-15,180.20997619628906,180.4499969482422,181.89999389648438,178.0399932861328,181.8800048828125,156602200,NVDA
2025-08-18,181.7678985595703,182.00999450683594,182.94000244140625,180.58999633789062,180.60000610351562,132008000,NVDA
2025-08-19,175.40638732910156,175.63999938964844,182.5,175.49000549316406,182.42999267578125,185229200,NVDA
2025-08-20,175.1667022705078,175.39999389648438,176.0,168.8000030517578,175.1699981689453,215142700,NVDA
2025-08-21,174.7472381591797,174.97999572753906,176.89999389648438,173.80999755859375,174.85000610351562,140040900,NVDA
2025-08-22,177.7532501220703,177.99000549316406,178.58999633789062,171.1999969482422,172.61000061035156,172789400,NVDA
2025-08-25,179.57083129882812,179.80999755859375,181.91000366210938,176.57000732421875,178.35000610351562,163012800,NVDA
2025-08-26,181.52822875976562,181.77000427246094,182.38999938964844,178.80999755859375,180.05999755859375,168688200,NVDA
2025-08-27,181.35845947265625,181.60000610351562,182.49000549316406,179.10000610351562,181.97999572753906,235518900,NVDA
2025-08-28,179.9303436279297,180.1699981689453,184.47000122070312,176.41000366210938,180.82000732421875,281787800,NVDA
2025-08-29,173.94830322265625,174.17999267578125,178.14999389648438,173.14999389648438,178.11000061035156,243257900,NVDA
2025-09-02,170.55284118652344,170.77999877929688,172.3800048828125,167.22000122070312,170.0,231164900,NVDA
2025-09-03,170.39305114746094,170.6199951171875,172.41000366210938,168.8800048828125,171.05999755859375,164424900,NVDA
2025-09-04,171.43167114257812,171.66000366210938,171.86000061035156,169.41000366210938,170.57000732421875,141670100,NVDA
2025-09-05,166.7978515625,167.02000427246094,169.02999877929688,164.07000732421875,168.02999877929688,224441400,NVDA
2025-09-08,168.0861358642578,168.30999755859375,170.9600067138672,167.35000610351562,167.5500030517578,163769100,NVDA
2025-09-09,170.53286743164062,170.75999450683594,170.97999572753906,166.74000549316406,169.08999633789062,157548400,NVDA
2025-09-10,177.09414672851562,177.3300018310547,179.2899932861328,175.47000122070312,176.63999938964844,226852000,NVDA
2025-09-11,176.94432067871094,177.1699981689453,180.27999877929688,176.47999572753906,179.67999267578125,151159300,NVDA
2025-09-12,177.59349060058594,177.82000732421875,178.60000610351562,176.4499969482422,177.77000427246094,124911000,NVDA
2025-09-15,177.52359008789062,177.75,178.85000610351562,174.50999450683594,175.6699981689453,147061600,NVDA
2025-09-16,174.65725708007812,174.8800048828125,177.5,174.3800048828125,177.0,140737800,NVDA
2025-09-17,170.0730743408203,170.2899932861328,173.1999969482422,168.41000366210938,172.63999938964844,211843800,NVDA
2025-09-18,176.01551818847656,176.24000549316406,177.10000610351562,172.9600067138672,173.97999572753906,191763300,NVDA
2025-09-19,176.4449462890625,176.6699981689453,178.0800018310547,175.17999267578125,175.77000427246094,237182100,NVDA
2025-09-22,183.37612915039062,183.61000061035156,184.5500030517578,174.7100067138672,175.3000030517578,269637000,NVDA
2025-09-23,178.2027130126953,178.42999267578125,182.4199981689453,176.2100067138672,181.97000122070312,192559600,NVDA
2025-09-24,176.74456787109375,176.97000122070312,179.77999877929688,175.39999389648438,179.77000427246094,143564100,NVDA
2025-09-25,177.46365356445312,177.69000244140625,180.25999450683594,173.1300048828125,174.47999572753906,191586700,NVDA
2025-09-26,177.96302795410156,178.19000244140625,179.77000427246094,174.92999267578125,178.1699981689453,148573700,NVDA
2025-09-29,181.6183624267578,181.85000610351562,184.0,180.32000732421875,180.42999267578125,193063500,NVDA
2025-09-30,186.3423309326172,186.5800018310547,187.35000610351562,181.47999572753906,182.0800018310547,236981000,NVDA
2025-10-01,187.0015106201172,187.24000549316406,188.13999938964844,183.89999389648438,185.24000549316406,173844900,NVDA
2025-10-02,188.64939880371094,188.88999938964844,191.0500030517578,188.05999755859375,189.60000610351562,136805800,NVDA
2025-10-03,187.38101196289062,187.6199951171875,190.36000061035156,185.3800048828125,189.19000244140625,137596900,NVDA
2025-10-06,185.30364990234375,185.5399932861328,187.22999572753906,183.3300018310547,185.5,157678100,NVDA
2025-10-07,184.80430603027344,185.0399932861328,189.05999755859375,184.0,186.22999572753906,140088000,NVDA
2025-10-08,188.86911010742188,189.11000061035156,189.60000610351562,186.5399932861328,186.57000732421875,130168900,NVDA
2025-10-09,192.32470703125,192.57000732421875,195.3000030517578,191.05999755859375,192.22999572753906,182997200,NVDA
2025-10-10,182.92669677734375,183.16000366210938,195.6199951171875,182.0500030517578,193.50999450683594,268774400,NVDA
2025-10-13,188.0801239013672,188.32000732421875,190.11000061035156,185.9600067138672,187.97000122070312,153482800,NVDA
2025-10-14,179.80067443847656,180.02999877929688,184.8000030517578,179.6999969482422,184.77000427246094,205641400,NVDA
2025-10-15,179.60093688964844,179.8300018310547,184.8699951171875,177.2899932861328,184.8000030517578,214450500,NVDA
2025-10-16,181.57839965820312,181.80999755859375,183.27999877929688,179.77000427246094,182.22999572753906,179723300,NVDA
2025-10-17,182.98660278320312,183.22000122070312,184.10000610351562,179.75,180.17999267578125,173135200,NVDA
2025-10-20,182.4073486328125,182.63999938964844,185.1999969482422,181.72999572753906,183.1300048828125,128544700,NVDA
2025-10-21,180.9292449951172,181.16000366210938,182.7899932861328,179.8000030517578,182.7899932861328,124240200,NVDA
2025-10-22,180.0503692626953,180.27999877929688,183.44000244140625,176.75999450683594,181.13999938964844,162249600,NVDA
2025-10-23,181.92796325683594,182.16000366210938,183.02999877929688,179.7899932861328,180.4199981689453,111363700,NVDA
2025-10-24,186.02272033691406,186.25999450683594,187.47000122070312,183.5,183.83999633789062,131296700,NVDA
2025-10-27,191.24607849121094,191.49000549316406,192.0,188.42999267578125,189.99000549316406,153452700,NVDA
2025-10-28,200.77392578125,201.02999877929688,203.14999389648438,191.91000366210938,193.0500030517578,297986200,NVDA
2025-10-29,206.77627563476562,207.0399932861328,212.19000244140625,204.77999877929688,207.97999572753906,308829600,NVDA
2025-10-30,202.63156127929688,202.88999938964844,206.16000366210938,201.41000366210938,205.14999389648438,178864400,NVDA
2025-10-31,202.23207092285156,202.49000549316406,207.97000122070312,202.07000732421875,206.4499969482422,179802200,NVDA
2025-11-03,206.61647033691406,206.8800048828125,211.33999633789062,205.55999755859375,208.0800018310547,180267300,NVDA
2025-11-04,198.43690490722656,198.69000244140625,203.97000122070312,197.92999267578125,203.0,188919300,NVDA
2025-11-05,194.96136474609375,195.2100067138672,202.9199981689453,194.64999389648438,198.77000427246094,171350300,NVDA
2025-11-06,187.84043884277344,188.0800018310547,197.6199951171875,186.3800048828125,196.4199981689453,223029800,NVDA
2025-11-07,187.9103240966797,188.14999389648438,188.32000732421875,178.91000366210938,184.89999389648438,264942300,NVDA
2025-11-10,198.7964630126953,199.0500030517578,199.94000244140625,193.7899932861328,195.11000061035156,198897100,NVDA
2025-11-11,192.91395568847656,193.16000366210938,195.4199981689453,191.3000030517578,195.16000366210938,176483300,NVDA
2025-11-12,193.5531463623047,193.8000030517578,195.88999938964844,191.1300048828125,195.72000122070312,154935300,NVDA
2025-11-13,186.62197875976562,186.86000061035156,191.44000244140625,183.85000610351562,191.0500030517578,207423100,NVDA
2025-11-14,189.92774963378906,190.1699981689453,191.00999450683594,180.5800018310547,182.86000061035156,186591900,NVDA
2025-11-17,186.36231994628906,186.60000610351562,189.0,184.32000732421875,185.97000122070312,173628900,NVDA
2025-11-18,181.1289825439453,181.36000061035156,184.8000030517578,179.64999389648438,183.3800048828125,213598900,NVDA
2025-11-19,186.28240966796875,186.52000427246094,187.86000061035156,182.8300018310547,184.7899932861328,247246400,NVDA
2025-11-20,180.40989685058594,180.63999938964844,196.0,179.85000610351562,195.9499969482422,343504800,NVDA
2025-11-21,178.6521453857422,178.8800048828125,184.55999755859375,172.92999267578125,181.24000549316406,346926200,NVDA
2025-11-24,182.31747436523438,182.5500030517578,183.5,176.47999572753906,179.49000549316406,256618300,NVDA
2025-11-25,177.59349060058594,177.82000732421875,178.16000366210938,169.5500030517578,174.91000366210938,320600300,NVDA
2025-11-26,180.03038024902344,180.25999450683594,182.91000366210938,178.24000549316406,181.6300048828125,183852000,NVDA
2025-11-28,176.7745361328125,177.0,179.2899932861328,176.5,179.00999450683594,121332800,NVDA
2025-12-01,179.69081115722656,179.9199981689453,180.3000030517578,173.67999267578125,174.75999450683594,188131000,NVDA
2025-12-02,181.22886657714844,181.4600067138672,185.66000366210938,180.0,181.75999450683594,182632200,NVDA
2025-12-03,179.36123657226562,179.58999633789062,182.4499969482422,179.11000061035156,181.0800018310547,165138000,NVDA
2025-12-04,183.1566162109375,183.3800048828125,184.52000427246094,179.9600067138672,181.6199951171875,167364900,NVDA
2025-12-05,182.1877899169922,182.41000366210938,184.66000366210938,180.91000366210938,183.88999938964844,143971100,NVDA
2025-12-08,185.323974609375,185.5500030517578,188.0,182.39999389648438,182.63999938964844,204378100,NVDA
2025-12-09,184.7446746826172,184.97000122070312,185.72000122070312,183.32000732421875,185.55999755859375,144719700,NVDA
2025-12-10,183.55612182617188,183.77999877929688,185.47999572753906,182.0399932861328,184.97000122070312,162785400,NVDA
2025-12-11,180.70957946777344,180.92999267578125,181.32000732421875,176.6199951171875,180.27999877929688,182136600,NVDA
2025-12-12,174.80679321289062,175.02000427246094,182.82000732421875,174.6199951171875,181.11000061035156,204274900,NVDA
2025-12-15,176.0752410888672,176.2899932861328,178.4199981689453,175.02999877929688,177.94000244140625,164775600,NVDA
2025-12-16,177.50350952148438,177.72000122070312,178.49000549316406,174.89999389648438,176.25999450683594,148588100,NVDA
2025-12-17,170.7317657470703,170.94000244140625,176.1300048828125,170.30999755859375,176.10000610351562,222775500,NVDA
2025-12-18,173.9278564453125,174.13999938964844,176.14999389648438,171.82000732421875,174.52999877929688,176096000,NVDA
2025-12-19,180.76951599121094,180.99000549316406,181.4499969482422,176.33999633789062,176.6699981689453,324925900,NVDA
2025-12-22,183.4662322998047,183.69000244140625,184.16000366210938,182.35000610351562,183.9199981689453,129064400,NVDA
2025-12-23,188.97950744628906,189.2100067138672,189.3300018310547,182.89999389648438,182.97000122070312,174873600,NVDA
2025-12-24,188.38023376464844,188.61000061035156,188.91000366210938,186.58999633789062,187.94000244140625,65528500,NVDA
2025-12-26,190.2978973388672,190.52999877929688,192.69000244140625,188.0,189.9199981689453,139740300,NVDA
2025-12-29,187.99070739746094,188.22000122070312,188.75999450683594,185.91000366210938,187.7100067138672,120006100,NVDA
2025-12-30,187.31153869628906,187.5399932861328,188.99000549316406,186.92999267578125,188.24000549316406,97687300,NVDA
2025-12-31,186.27281188964844,186.5,190.55999755859375,186.49000549316406,189.57000732421875,120100500,NVDA
