Date,Adj Close,Close,High,Low,Open,Volume,Ticker
2019-01-02,147.87835693359375,154.8800048828125,155.75,150.8800048828125,150.99000549316406,58576700,QQQ
2019-01-03,143.0470733642578,149.82000732421875,153.25999450683594,149.49000549316406,152.60000610351562,74820200,QQQ
2019-01-04,149.16734313964844,156.22999572753906,157.0,151.74000549316406,152.33999633789062,74709300,QQQ
2019-01-07,150.9432373046875,158.08999633789062,158.86000061035156,156.11000061035156,156.6199951171875,52059300,QQQ
2019-01-08,152.30857849121094,159.52000427246094,160.11000061035156,157.1999969482422,159.5399932861328,49388700,QQQ
2019-01-09,153.5498504638672,160.82000732421875,161.52000427246094,159.47000122070312,160.13999938964844,46491700,QQQ
2019-01-10,153.98902893066406,161.27999877929688,161.3699951171875,158.6999969482422,159.60000610351562,38943400,QQQ
2019-01-11,153.4257049560547,160.69000244140625,160.86000061035156,159.7899932861328,160.3300018310547,30176600,QQQ
2019-01-14,152.0698699951172,159.27000427246094,159.9600067138672,158.58999633789062,159.3300018310547,30710200,QQQ
2019-01-15,155.03924560546875,162.3800048828125,162.60000610351562,159.91000366210938,160.0,40874200,QQQ
2019-01-16,155.01065063476562,162.35000610351562,163.77999877929688,162.2899932861328,162.64999389648438,33812200,QQQ
2019-01-17,156.23277282714844,163.6300048828125,164.36000061035156,161.57000732421875,161.8300018310547,39329000,QQQ
2019-01-18,157.77952575683594,165.25,166.02000427246094,163.82000732421875,164.77999877929688,57183200,QQQ
2019-01-22,154.61917114257812,161.94000244140625,164.13999938964844,160.75999450683594,164.05999755859375,56711700,QQQ
2019-01-23,154.8197021484375,162.14999389648438,163.50999450683594,160.32000732421875,162.77000427246094,38106100,QQQ
2019-01-24,155.8222198486328,163.1999969482422,163.44000244140625,162.05999755859375,162.67999267578125,32417800,QQQ
2019-01-25,157.68406677246094,165.14999389648438,165.64999389648438,163.9499969482422,164.50999450683594,36515900,QQQ
2019-01-28,155.73626708984375,163.11000061035156,163.1199951171875,161.75,163.02000427246094,33491200,QQQ
2019-01-29,154.26589965820312,161.57000732421875,163.24000549316406,160.99000549316406,163.1999969482422,30784200,QQQ
2019-01-30,158.19012451171875,165.67999267578125,166.27999877929688,162.88999938964844,163.39999389648438,41346500,QQQ
2019-01-31,160.5580291748047,168.16000366210938,168.99000549316406,166.47000122070312,166.6999969482422,37258400,QQQ
2019-02-01,159.88006591796875,167.4499969482422,168.60000610351562,166.99000549316406,167.3300018310547,32143700,QQQ
2019-02-04,161.8660430908203,169.52999877929688,169.52999877929688,167.3300018310547,167.47999572753906,26718800,QQQ
2019-02-05,163.29823303222656,171.02999877929688,171.22999572753906,169.69000244140625,169.75999450683594,28156400,QQQ
2019-02-06,162.8113555908203,170.52000427246094,171.3699951171875,169.75,171.07000732421875,27970000,QQQ
2019-02-07,160.6248321533203,168.22999572753906,169.4499969482422,166.9499969482422,169.02999877929688,42036200,QQQ
2019-02-08,160.93992614746094,168.55999755859375,168.58999633789062,166.57000732421875,166.75999450683594,29020700,QQQ
2019-02-11,160.78713989257812,168.39999389648438,169.5800018310547,167.97999572753906,169.1699981689453,21434100,QQQ
2019-02-12,163.16458129882812,170.88999938964844,171.13999938964844,169.3300018310547,169.6300048828125,29722100,QQQ
2019-02-13,163.27915954589844,171.00999450683594,172.16000366210938,170.82000732421875,171.64999389648438,26094100,QQQ
2019-02-14,163.47962951660156,171.22000122070312,171.8300018310547,169.8300018310547,170.39999389648438,30326800,QQQ
2019-02-15,164.1671142578125,171.94000244140625,172.55999755859375,171.13999938964844,172.52000427246094,32521700,QQQ
2019-02-19,164.4917449951172,172.27999877929688,172.8000030517578,171.3800048828125,171.41000366210938,19487700,QQQ
2019-02-20,164.46311950683594,172.25,173.0800018310547,171.32000732421875,172.39999389648438,32593000,QQQ
2019-02-21,163.861572265625,171.6199951171875,172.25999450683594,170.7100067138672,171.7899932861328,25207400,QQQ
2019-02-22,165.07418823242188,172.88999938964844,173.00999450683594,171.89999389648438,171.99000549316406,27735400,QQQ
2019-02-25,165.67568969726562,173.52000427246094,174.66000366210938,173.39999389648438,174.2100067138672,32608800,QQQ
2019-02-26,165.84759521484375,173.6999969482422,174.25,172.80999755859375,173.10000610351562,21939700,QQQ
2019-02-27,165.74252319335938,173.58999633789062,173.8000030517578,171.75999450683594,172.89999389648438,25162000,QQQ
2019-02-28,165.36061096191406,173.19000244140625,173.80999755859375,172.6999969482422,173.0500030517578,25085500,QQQ
2019-03-01,166.50631713867188,174.38999938964844,174.64999389648438,173.17999267578125,174.44000244140625,31431200,QQQ
2019-03-04,166.53501892089844,174.4199981689453,175.7899932861328,172.47000122070312,175.5399932861328,38063500,QQQ
2019-03-05,166.65911865234375,174.5500030517578,175.08999633789062,173.69000244140625,174.5500030517578,22319900,QQQ
2019-03-06,165.71385192871094,173.55999755859375,174.75,173.27999877929688,174.72000122070312,27194600,QQQ
2019-03-07,163.68016052246094,171.42999267578125,173.17999267578125,170.7899932861328,173.1199951171875,39407400,QQQ
2019-03-08,163.43191528320312,171.1699981689453,171.25999450683594,169.33999633789062,169.50999450683594,39303200,QQQ
2019-03-11,166.8309783935547,174.72999572753906,174.85000610351562,171.85000610351562,171.8800048828125,30518400,QQQ
2019-03-12,167.7476043701172,175.69000244140625,176.13999938964844,174.77000427246094,175.19000244140625,33953500,QQQ
2019-03-13,169.00794982910156,177.00999450683594,177.92999267578125,176.35000610351562,176.60000610351562,42426100,QQQ
2019-03-14,168.7214813232422,176.7100067138672,177.33999633789062,176.66000366210938,177.1300048828125,23751500,QQQ
2019-03-15,170.28732299804688,178.35000610351562,178.8800048828125,177.27999877929688,177.39999389648438,38192000,QQQ
2019-03-18,170.69290161132812,178.4499969482422,178.99000549316406,177.58999633789062,177.9499969482422,32935100,QQQ
2019-03-19,171.26683044433594,179.0500030517578,180.0,178.2899932861328,179.17999267578125,36893300,QQQ
2019-03-20,171.94595336914062,179.75999450683594,180.86000061035156,178.24000549316406,179.05999755859375,50105000,QQQ
2019-03-21,174.63381958007812,182.57000732421875,182.8300018310547,179.1999969482422,179.22000122070312,42428500,QQQ
2019-03-22,170.79811096191406,178.55999755859375,182.27000427246094,178.3699951171875,181.77999877929688,70794500,QQQ
2019-03-25,170.472900390625,178.22000122070312,178.83999633789062,176.92999267578125,177.91000366210938,46336500,QQQ
2019-03-26,171.26683044433594,179.0500030517578,180.69000244140625,178.13999938964844,179.60000610351562,33248100,QQQ
2019-03-27,170.16683959960938,177.89999389648438,179.72000122070312,176.60000610351562,179.32000732421875,37096700,QQQ
2019-03-28,170.55899047851562,178.30999755859375,178.97999572753906,177.24000549316406,178.36000061035156,30368200,QQQ
2019-03-29,171.8502960205078,179.66000366210938,179.8300018310547,178.58999633789062,179.69000244140625,35205500,QQQ
2019-04-01,174.12686157226562,182.0399932861328,182.25999450683594,180.77000427246094,181.50999450683594,30969500,QQQ
2019-04-02,174.7868194580078,182.72999572753906,182.91000366210938,181.77999877929688,182.24000549316406,22645200,QQQ
2019-04-03,175.79122924804688,183.77999877929688,184.9199981689453,183.2100067138672,183.75999450683594,31633500,QQQ
2019-04-04,175.72425842285156,183.7100067138672,184.5,182.64999389648438,183.8300018310547,28530800,QQQ
2019-04-05,176.63294982910156,184.66000366210938,184.77000427246094,184.02000427246094,184.24000549316406,25674700,QQQ
2019-04-08,177.08251953125,185.1300048828125,185.27999877929688,183.6300048828125,184.36000061035156,22697500,QQQ
2019-04-09,176.4607696533203,184.47999572753906,185.11000061035156,184.08999633789062,184.5,25631900,QQQ
2019-04-10,177.40769958496094,185.47000122070312,185.52999877929688,184.52000427246094,184.72000122070312,24563000,QQQ
2019-04-11,176.98687744140625,185.02999877929688,185.77999877929688,184.69000244140625,185.77999877929688,20654100,QQQ
2019-04-12,177.75210571289062,185.8300018310547,185.9499969482422,185.05999755859375,185.85000610351562,24989100,QQQ
2019-04-15,177.78077697753906,185.86000061035156,186.07000732421875,184.6199951171875,185.83999633789062,21073000,QQQ
2019-04-16,178.39295959472656,186.5,186.91000366210938,185.92999267578125,186.5399932861328,27195700,QQQ
2019-04-17,179.0147705078125,187.14999389648438,187.92999267578125,186.60000610351562,187.75,29651600,QQQ
2019-04-18,179.2442626953125,187.38999938964844,187.7899932861328,186.2899932861328,187.4600067138672,28580900,QQQ
2019-04-22,179.75125122070312,187.9199981689453,187.99000549316406,186.42999267578125,186.57000732421875,17936000,QQQ
2019-04-23,182.03733825683594,190.30999755859375,190.5399932861328,188.1300048828125,188.39999389648438,33665600,QQQ
2019-04-24,181.4634552001953,189.7100067138672,190.7100067138672,189.64999389648438,190.47000122070312,24977100,QQQ
2019-04-25,182.19993591308594,190.47999572753906,191.22000122070312,189.4499969482422,191.1300048828125,29517500,QQQ
2019-04-26,182.36256408691406,190.64999389648438,190.69000244140625,188.58999633789062,190.17999267578125,26359500,QQQ
2019-04-29,182.7165069580078,191.02000427246094,191.32000732421875,190.33999633789062,190.64999389648438,21716200,QQQ
2019-04-30,181.3008575439453,189.5399932861328,189.85000610351562,188.2100067138672,189.47999572753906,31495300,QQQ
2019-05-01,180.7173614501953,188.92999267578125,191.32000732421875,188.8000030517578,190.77999877929688,34797100,QQQ
2019-05-02,179.93299865722656,188.11000061035156,189.85000610351562,186.8699951171875,188.8699951171875,44110100,QQQ
2019-05-03,182.8025665283203,191.11000061035156,191.25,189.3300018310547,189.6699981689453,30386200,QQQ
2019-05-06,181.68344116210938,189.94000244140625,190.1999969482422,186.75999450683594,187.0500030517578,38371800,QQQ
2019-05-07,178.14427185058594,186.24000549316406,188.6699981689453,184.50999450683594,187.8699951171875,58818100,QQQ
2019-05-08,177.69467163085938,185.77000427246094,187.1699981689453,184.9600067138672,185.6300048828125,37165300,QQQ
2019-05-09,176.7381591796875,184.77000427246094,185.41000366210938,182.08999633789062,183.6999969482422,55351700,QQQ
2019-05-10,176.95822143554688,185.0,185.88999938964844,181.02999877929688,184.11000061035156,58526400,QQQ
2019-05-13,170.81727600097656,178.5800018310547,181.25999450683594,178.05999755859375,180.2899932861328,67185800,QQQ
2019-05-14,172.69203186035156,180.5399932861328,181.6300048828125,178.86000061035156,179.52000427246094,43360600,QQQ
2019-05-15,175.13121032714844,183.08999633789062,183.5500030517578,179.30999755859375,179.35000610351562,40944500,QQQ
2019-05-16,176.89122009277344,184.92999267578125,186.07000732421875,182.9499969482422,183.1699981689453,39281200,QQQ
2019-05-17,175.0833282470703,183.0399932861328,185.5800018310547,182.8800048828125,183.10000610351562,44702300,QQQ
2019-05-20,172.12770080566406,179.9499969482422,181.17999267578125,179.33999633789062,180.49000549316406,38608300,QQQ
2019-05-21,173.92596435546875,181.8300018310547,182.3300018310547,180.9199981689453,181.5,31613800,QQQ
2019-05-22,173.15121459960938,181.02000427246094,182.07000732421875,180.75,180.82000732421875,24332600,QQQ
2019-05-23,170.5015869140625,178.25,179.02000427246094,177.13999938964844,178.94000244140625,45351300,QQQ
2019-05-24,170.41546630859375,178.16000366210938,179.85000610351562,177.94000244140625,179.2100067138672,25903300,QQQ
2019-05-28,169.77462768554688,177.49000549316406,179.66000366210938,177.47000122070312,178.66000366210938,24763800,QQQ
2019-05-29,168.37808227539062,176.02999877929688,177.0,175.08999633789062,176.38999938964844,42178800,QQQ
2019-05-30,169.08592224121094,176.77000427246094,177.27000427246094,175.77000427246094,176.5,30354800,QQQ
2019-05-31,166.3885498046875,173.9499969482422,175.2899932861328,173.8699951171875,174.69000244140625,45446200,QQQ
2019-06-03,162.7249755859375,170.1199951171875,173.9499969482422,169.27000427246094,173.47999572753906,75842300,QQQ
2019-06-04,167.30677795410156,174.91000366210938,174.97000122070312,171.3699951171875,172.02999877929688,47797800,QQQ
2019-06-05,168.55023193359375,176.2100067138672,176.61000061035156,174.3800048828125,176.5800018310547,34412700,QQQ
2019-06-06,169.88938903808594,177.61000061035156,178.0399932861328,175.72999572753906,176.50999450683594,29913200,QQQ
2019-06-07,173.17030334472656,181.0399932861328,181.77000427246094,178.3300018310547,178.55999755859375,45888300,QQQ
2019-06-10,175.1885986328125,183.14999389648438,184.85000610351562,182.2100067138672,182.25,41385300,QQQ
2019-06-11,175.42767333984375,183.39999389648438,185.39999389648438,182.77999877929688,185.05999755859375,41260300,QQQ
2019-06-12,174.41378784179688,182.33999633789062,183.27999877929688,182.0,182.89999389648438,27758100,QQQ
2019-06-13,175.44686889648438,183.4199981689453,183.8699951171875,182.74000549316406,183.10000610351562,23715800,QQQ
2019-06-14,174.70077514648438,182.63999938964844,183.11000061035156,181.94000244140625,182.47999572753906,22844100,QQQ
2019-06-17,175.75289916992188,183.74000549316406,184.25,182.83999633789062,183.0399932861328,20379500,QQQ
2019-06-18,178.30685424804688,186.41000366210938,187.72000122070312,185.42999267578125,185.91000366210938,48177300,QQQ
2019-06-19,178.9764404296875,187.11000061035156,187.52999877929688,185.57000732421875,186.66000366210938,31672900,QQQ
2019-06-20,180.6407928466797,188.85000610351562,189.75999450683594,187.16000366210938,189.72000122070312,40922000,QQQ
2019-06-21,180.3730010986328,188.57000732421875,189.77000427246094,188.1699981689453,188.6300048828125,39980400,QQQ
2019-06-24,180.37876892089844,188.16000366210938,188.72000122070312,188.05999755859375,188.52999877929688,19375200,QQQ
2019-06-25,177.2823028564453,184.92999267578125,188.13999938964844,184.64999389648438,188.02999877929688,33921100,QQQ
2019-06-26,178.10678100585938,185.7899932861328,187.3300018310547,185.49000549316406,186.16000366210938,22595700,QQQ
2019-06-27,178.78738403320312,186.5,186.94000244140625,185.99000549316406,186.4600067138672,19709200,QQQ
2019-06-28,179.0174560546875,186.74000549316406,187.14999389648438,186.07000732421875,186.9499969482422,21179200,QQQ
2019-07-01,181.4332275390625,189.25999450683594,190.57000732421875,188.3800048828125,190.32000732421875,31025600,QQQ
2019-07-02,182.15225219726562,190.00999450683594,190.02999877929688,188.66000366210938,189.1999969482422,18035800,QQQ
2019-07-03,183.52310180664062,191.44000244140625,191.44000244140625,190.2899932861328,190.49000549316406,15792100,QQQ
2019-07-05,183.14923095703125,191.0500030517578,191.39999389648438,189.38999938964844,190.1300048828125,21415600,QQQ
2019-07-08,181.8646697998047,189.7100067138672,189.8699951171875,188.92999267578125,189.80999755859375,17598800,QQQ
2019-07-09,182.77536010742188,190.66000366210938,190.89999389648438,188.64999389648438,188.80999755859375,19193500,QQQ
2019-07-10,184.59677124023438,192.55999755859375,193.08999633789062,191.47000122070312,191.82000732421875,28374500,QQQ
2019-07-11,184.4625244140625,192.4199981689453,193.33999633789062,191.80999755859375,192.85000610351562,23736100,QQQ
2019-07-12,185.52671813964844,193.52999877929688,193.5399932861328,192.4499969482422,192.6300048828125,20211900,QQQ
2019-07-15,186.12103271484375,194.14999389648438,194.19000244140625,193.44000244140625,193.97999572753906,15606100,QQQ
2019-07-16,185.16236877441406,193.14999389648438,194.08999633789062,192.55999755859375,193.91000366210938,20190900,QQQ
2019-07-17,184.25167846679688,192.1999969482422,193.49000549316406,192.17999267578125,193.14999389648438,16765100,QQQ
2019-07-18,184.4625244140625,192.4199981689453,192.7899932861328,190.69000244140625,191.2899932861328,28877000,QQQ
2019-07-19,183.11087036132812,191.00999450683594,193.8300018310547,190.80999755859375,193.74000549316406,29387900,QQQ
2019-07-22,184.5680389404297,192.52999877929688,192.94000244140625,191.44000244140625,191.44000244140625,18954900,QQQ
2019-07-23,185.7759246826172,193.7899932861328,193.80999755859375,192.2899932861328,193.5800018310547,23786700,QQQ
2019-07-24,187.07969665527344,195.14999389648438,195.16000366210938,193.02999877929688,193.0500030517578,20422900,QQQ
2019-07-25,185.30618286132812,193.3000030517578,194.52000427246094,192.92999267578125,194.49000549316406,23434700,QQQ
2019-07-26,187.2138671875,195.2899932861328,195.5500030517578,194.42999267578125,194.52999877929688,20431200,QQQ
2019-07-29,186.57156372070312,194.6199951171875,195.17999267578125,193.38999938964844,195.11000061035156,20451700,QQQ
2019-07-30,185.7663116455078,193.77999877929688,194.5399932861328,192.99000549316406,193.1300048828125,18705000,QQQ
2019-07-31,183.19712829589844,191.10000610351562,194.42999267578125,189.32000732421875,194.3000030517578,41627500,QQQ
2019-08-01,182.28639221191406,190.14999389648438,194.97999572753906,189.22999572753906,191.42999267578125,63251600,QQQ
2019-08-02,179.60226440429688,187.35000610351562,188.99000549316406,186.2100067138672,188.72000122070312,55214000,QQQ
2019-08-05,173.25601196289062,180.72999572753906,183.50999450683594,179.1999969482422,183.42999267578125,75040000,QQQ
2019-08-06,175.68138122558594,183.25999450683594,183.8000030517578,181.07000732421875,182.39999389648438,41897200,QQQ
2019-08-07,176.63047790527344,184.25,184.50999450683594,179.88999938964844,181.27000427246094,49990600,QQQ
2019-08-08,180.474609375,188.25999450683594,188.32000732421875,184.57000732421875,185.0800018310547,38418100,QQQ
2019-08-09,178.77781677246094,186.49000549316406,188.0,185.02999877929688,187.36000061035156,33608900,QQQ
2019-08-12,176.72628784179688,184.35000610351562,185.89999389648438,183.5,185.33999633789062,24642900,QQQ
2019-08-13,180.59925842285156,188.38999938964844,189.67999267578125,184.02000427246094,184.19000244140625,40241900,QQQ
2019-08-14,175.2020721435547,182.75999450683594,185.9499969482422,182.4199981689453,185.36000061035156,51000500,QQQ
2019-08-15,175.00074768066406,182.5500030517578,183.58999633789062,181.16000366210938,183.0,36685000,QQQ
2019-08-16,177.80958557128906,185.47999572753906,185.9499969482422,184.10000610351562,184.2100067138672,32781400,QQQ
2019-08-19,180.63758850097656,188.42999267578125,188.8300018310547,187.5,188.16000366210938,22494100,QQQ
2019-08-20,179.23797607421875,186.97000122070312,188.63999938964844,186.9199981689453,187.9600067138672,19902900,QQQ
2019-08-21,180.82931518554688,188.6300048828125,189.22999572753906,187.9600067138672,188.61000061035156,20418500,QQQ
2019-08-22,180.24449157714844,188.02000427246094,189.4600067138672,186.5399932861328,188.97999572753906,24243700,QQQ
2019-08-23,174.5405731201172,182.07000732421875,188.4499969482422,181.55999755859375,186.74000549316406,55372400,QQQ
2019-08-26,177.17686462402344,184.82000732421875,184.8699951171875,183.0800018310547,184.13999938964844,27598900,QQQ
2019-08-27,176.80294799804688,184.42999267578125,186.4199981689453,183.7100067138672,186.11000061035156,28012800,QQQ
2019-08-28,177.4356689453125,185.08999633789062,185.39999389648438,182.91000366210938,183.8300018310547,21792400,QQQ
2019-08-29,180.148681640625,187.9199981689453,188.4600067138672,186.67999267578125,187.38999938964844,25358900,QQQ
2019-08-30,179.71726989746094,187.47000122070312,188.97000122070312,186.41000366210938,188.92999267578125,26319800,QQQ
2019-09-03,177.9725341796875,185.64999389648438,187.17999267578125,185.02999877929688,186.22000122070312,27964200,QQQ
2019-09-04,180.5417022705078,188.3300018310547,188.49000549316406,186.89999389648438,187.44000244140625,21592100,QQQ
2019-09-05,183.84902954101562,191.77999877929688,192.3300018310547,190.33999633789062,190.41000366210938,33932600,QQQ
2019-09-06,183.6669158935547,191.58999633789062,192.1699981689453,191.1699981689453,192.10000610351562,19487800,QQQ
2019-09-09,183.28346252441406,191.19000244140625,192.27000427246094,190.22000122070312,192.19000244140625,24407600,QQQ
2019-09-10,182.7561798095703,190.63999938964844,190.74000549316406,188.91000366210938,190.16000366210938,23744700,QQQ
2019-09-11,184.4721221923828,192.42999267578125,192.52999877929688,190.55999755859375,191.0,25063600,QQQ
2019-09-12,185.239013671875,193.22999572753906,194.7100067138672,192.97000122070312,193.61000061035156,28689900,QQQ
2019-09-13,184.5775909423828,192.5399932861328,193.39999389648438,192.2899932861328,192.9499969482422,27669800,QQQ
2019-09-16,183.7531280517578,191.67999267578125,192.0800018310547,191.11000061035156,191.3000030517578,20319000,QQQ
2019-09-17,184.63514709472656,192.60000610351562,192.60000610351562,191.2899932861328,191.6999969482422,20953400,QQQ
2019-09-18,184.5583953857422,192.52000427246094,192.60000610351562,190.11000061035156,192.1999969482422,29781300,QQQ
2019-09-19,184.86520385742188,192.83999633789062,194.0399932861328,192.47000122070312,192.86000061035156,26039400,QQQ
2019-09-20,182.90957641601562,190.8000030517578,193.30999755859375,190.16000366210938,193.11000061035156,29086100,QQQ
2019-09-23,182.99024963378906,190.5,191.07000732421875,189.72000122070312,190.36000061035156,22485900,QQQ
2019-09-24,180.5599822998047,187.97000122070312,191.7899932861328,187.14999389648438,191.3699951171875,40820700,QQQ
2019-09-25,182.58677673339844,190.0800018310547,190.5800018310547,186.2100067138672,187.77999877929688,34704900,QQQ
2019-09-26,181.9143829345703,189.3800048828125,190.0,187.97999572753906,189.8300018310547,26826000,QQQ
2019-09-27,179.6570281982422,187.02999877929688,189.8300018310547,185.75,189.72999572753906,40773500,QQQ
2019-09-30,181.3668670654297,188.80999755859375,189.11000061035156,187.39999389648438,187.7899932861328,26307700,QQQ
2019-10-01,179.88763427734375,187.27000427246094,190.58999633789062,186.9600067138672,189.5,32367600,QQQ
2019-10-02,176.79452514648438,184.0500030517578,186.02999877929688,183.02000427246094,186.0,48544300,QQQ
2019-10-03,178.7349395751953,186.07000732421875,186.2100067138672,181.82000732421875,184.02999877929688,39392500,QQQ
2019-10-04,181.3668670654297,188.80999755859375,189.0800018310547,186.8800048828125,187.0800018310547,31887600,QQQ
2019-10-07,180.81936645507812,188.24000549316406,189.74000549316406,187.91000366210938,188.27000427246094,21216000,QQQ
2019-10-08,178.11050415039062,185.4199981689453,187.86000061035156,185.27000427246094,187.05999755859375,32379300,QQQ
2019-10-09,179.84913635253906,187.22999572753906,188.0800018310547,186.42999267578125,186.99000549316406,20147400,QQQ
2019-10-10,181.24197387695312,188.67999267578125,189.42999267578125,187.1199951171875,187.27999877929688,25177700,QQQ
2019-10-11,183.57618713378906,191.11000061035156,192.6300048828125,190.72000122070312,190.8300018310547,40976700,QQQ
2019-10-14,183.5570068359375,191.08999633789062,191.6999969482422,190.64999389648438,190.83999633789062,14975000,QQQ
2019-10-15,185.89117431640625,193.52000427246094,193.97000122070312,191.55999755859375,191.67999267578125,23234200,QQQ
2019-10-16,185.43006896972656,193.0399932861328,193.52999877929688,192.42999267578125,192.86000061035156,20457100,QQQ
2019-10-17,185.9199981689453,193.5500030517578,194.5,192.80999755859375,194.1999969482422,19045200,QQQ
2019-10-18,184.13331604003906,191.69000244140625,193.6699981689453,190.7100067138672,193.1999969482422,27700800,QQQ
2019-10-21,185.76629638671875,193.38999938964844,193.52000427246094,192.13999938964844,192.7100067138672,15801200,QQQ
2019-10-22,184.28701782226562,191.85000610351562,194.4199981689453,191.7899932861328,194.14999389648438,22392300,QQQ
2019-10-23,184.6424560546875,192.22000122070312,192.25999450683594,191.14999389648438,191.4600067138672,14828400,QQQ
2019-10-24,186.43875122070312,194.08999633789062,194.2100067138672,192.74000549316406,193.58999633789062,18998500,QQQ
2019-10-25,187.92762756347656,195.63999938964844,195.74000549316406,193.0500030517578,193.08999633789062,21507100,QQQ
2019-10-28,189.7815399169922,197.57000732421875,197.8300018310547,196.5500030517578,196.5500030517578,18818700,QQQ
2019-10-29,188.31185913085938,196.0399932861328,197.5399932861328,196.00999450683594,197.24000549316406,18569700,QQQ
2019-10-30,189.22442626953125,196.99000549316406,197.32000732421875,195.2899932861328,196.4199981689453,21764300,QQQ
2019-10-31,189.3108367919922,197.0800018310547,197.64999389648438,195.94000244140625,197.55999755859375,26801800,QQQ
2019-11-01,191.03024291992188,198.8699951171875,198.8800048828125,197.6300048828125,197.92999267578125,22131900,QQQ
2019-11-04,192.21182250976562,200.10000610351562,200.52999877929688,198.8699951171875,200.19000244140625,19015900,QQQ
2019-11-05,192.3174591064453,200.2100067138672,200.5500030517578,199.5500030517578,200.35000610351562,15048900,QQQ
2019-11-06,191.8852081298828,199.75999450683594,200.0,198.7899932861328,199.97999572753906,19725500,QQQ
2019-11-07,192.52877807617188,200.42999267578125,201.72000122070312,199.85000610351562,200.75999450683594,17832400,QQQ
2019-11-08,193.2972869873047,201.22999572753906,201.25,199.5399932861328,200.07000732421875,15258800,QQQ
2019-11-11,193.03790283203125,200.9600067138672,201.0399932861328,199.94000244140625,200.2100067138672,10147600,QQQ
2019-11-12,193.59498596191406,201.5399932861328,202.2100067138672,200.82000732421875,201.1300048828125,14778300,QQQ
2019-11-13,193.64303588867188,201.58999633789062,201.77999877929688,200.7100067138672,200.83999633789062,15774600,QQQ
2019-11-14,193.48936462402344,201.42999267578125,201.55999755859375,200.22000122070312,200.8300018310547,16945400,QQQ
2019-11-15,194.9110107421875,202.91000366210938,202.91000366210938,202.0,202.64999389648438,18427900,QQQ
2019-11-18,195.06472778320312,203.07000732421875,203.38999938964844,201.77000427246094,202.58999633789062,18365900,QQQ
2019-11-19,195.35287475585938,203.3699951171875,203.83999633789062,202.58999633789062,203.83999633789062,16923300,QQQ
2019-11-20,194.18093872070312,202.14999389648438,203.4499969482422,200.6199951171875,202.83999633789062,36629000,QQQ
2019-11-21,193.74871826171875,201.6999969482422,202.07000732421875,201.07000732421875,201.92999267578125,17883600,QQQ
2019-11-22,193.8736114501953,201.8300018310547,202.32000732421875,200.74000549316406,202.1999969482422,17189600,QQQ
2019-11-25,196.16941833496094,204.22000122070312,204.25999450683594,202.6699981689453,202.6999969482422,17752800,QQQ
2019-11-26,196.54400634765625,204.61000061035156,204.8699951171875,204.0500030517578,204.35000610351562,14780600,QQQ
2019-11-27,197.91761779785156,206.0399932861328,206.0500030517578,204.88999938964844,205.13999938964844,16963100,QQQ
2019-11-29,197.0147247314453,205.10000610351562,205.8300018310547,205.0,205.52000427246094,9854600,QQQ
2019-12-02,194.99746704101562,203.0,205.17999267578125,201.77999877929688,205.11000061035156,28007000,QQQ
2019-12-03,193.4701690673828,201.41000366210938,201.49000549316406,199.22999572753906,200.2100067138672,31104100,QQQ
2019-12-04,194.44996643066406,202.42999267578125,202.91000366210938,202.13999938964844,202.44000244140625,15300100,QQQ
2019-12-05,194.83419799804688,202.8300018310547,203.14999389648438,201.83999633789062,203.14999389648438,14962300,QQQ
2019-12-06,196.9186553955078,205.0,205.14999389648438,204.14999389648438,204.30999755859375,16555300,QQQ
2019-12-09,196.02529907226562,204.07000732421875,205.58999633789062,203.97999572753906,204.6300048828125,13984100,QQQ
2019-12-10,195.86199951171875,203.89999389648438,204.8800048828125,203.44000244140625,204.1699981689453,21799800,QQQ
2019-12-11,196.89942932128906,204.97999572753906,205.19000244140625,204.0399932861328,204.36000061035156,18780800,QQQ
2019-12-12,198.36911010742188,206.50999450683594,207.32000732421875,204.49000549316406,204.77000427246094,32612000,QQQ
2019-12-13,199.02232360839844,207.19000244140625,207.91000366210938,205.9600067138672,206.39999389648438,32519400,QQQ
2019-12-16,201.02032470703125,209.27000427246094,209.52999877929688,208.47999572753906,208.5500030517578,21296600,QQQ
2019-12-17,201.13558959960938,209.38999938964844,209.7100067138672,209.0399932861328,209.5399932861328,15996100,QQQ
2019-12-18,201.28927612304688,209.5500030517578,210.1300048828125,209.3300018310547,209.57000732421875,15443300,QQQ
2019-12-19,202.5476531982422,210.86000061035156,210.92999267578125,209.6199951171875,209.63999938964844,17865900,QQQ
2019-12-20,203.36415100097656,211.7100067138672,212.52000427246094,211.27000427246094,211.86000061035156,27672600,QQQ
2019-12-23,203.90127563476562,211.80999755859375,212.14999389648438,211.6300048828125,212.0,23774700,QQQ
2019-12-24,204.00717163085938,211.9199981689453,212.08999633789062,211.44000244140625,212.0,7089000,QQQ
2019-12-26,205.80735778808594,213.7899932861328,213.80999755859375,212.22999572753906,212.25999450683594,17067500,QQQ
2019-12-27,205.63414001464844,213.61000061035156,214.55999755859375,213.0399932861328,214.5399932861328,18134100,QQQ
2019-12-30,204.286376953125,212.2100067138672,213.6300048828125,211.16000366210938,213.5,21815500,QQQ
2019-12-31,204.67141723632812,212.61000061035156,212.75999450683594,211.1999969482422,211.52999877929688,18170900,QQQ
2020-01-02,208.08888244628906,216.16000366210938,216.16000366210938,213.97999572753906,214.39999389648438,30969400,QQQ
2020-01-03,206.18280029296875,214.17999267578125,215.47000122070312,213.27999877929688,213.3000030517578,27518900,QQQ
2020-01-06,207.51129150390625,215.55999755859375,215.58999633789062,212.24000549316406,212.5,21655300,QQQ
2020-01-07,207.48240661621094,215.52999877929688,216.13999938964844,214.85000610351562,215.63999938964844,22139300,QQQ
2020-01-08,209.0419158935547,217.14999389648438,218.13999938964844,215.16000366210938,215.5,26397300,QQQ
2020-01-09,210.813232421875,218.99000549316406,219.41000366210938,217.7100067138672,218.94000244140625,23547000,QQQ
2020-01-10,210.2741241455078,218.42999267578125,219.8699951171875,218.0399932861328,219.85000610351562,21898500,QQQ
2020-01-13,212.69998168945312,220.9499969482422,220.97999572753906,218.97999572753906,219.3300018310547,22756900,QQQ
2020-01-14,211.8625030517578,220.0800018310547,221.2100067138672,219.74000549316406,220.83999633789062,24418100,QQQ
2020-01-15,211.94915771484375,220.1699981689453,221.1999969482422,219.4499969482422,220.1999969482422,25742100,QQQ
2020-01-16,213.9803466796875,222.27999877929688,222.32000732421875,220.8000030517578,221.27000427246094,18805000,QQQ
2020-01-17,215.039306640625,223.3800048828125,223.55999755859375,222.1199951171875,223.27999877929688,24325200,QQQ
2020-01-21,214.94302368164062,223.27999877929688,223.83999633789062,222.66000366210938,222.75999450683594,21146300,QQQ
2020-01-22,215.51095581054688,223.8699951171875,225.14999389648438,223.58999633789062,224.41000366210938,20736400,QQQ
2020-01-23,216.20411682128906,224.58999633789062,224.69000244140625,222.6999969482422,223.74000549316406,26496100,QQQ
2020-01-24,214.38470458984375,222.6999969482422,225.8800048828125,221.6699981689453,225.63999938964844,37436500,QQQ
2020-01-27,209.9564666748047,218.10000610351562,219.27999877929688,217.17999267578125,217.6699981689453,42264400,QQQ
2020-01-28,213.18130493164062,221.4499969482422,221.9600067138672,219.05999755859375,219.63999938964844,26731900,QQQ
2020-01-29,213.5279083251953,221.80999755859375,222.92999267578125,220.8300018310547,222.67999267578125,28924500,QQQ
2020-01-30,214.28848266601562,222.60000610351562,222.6999969482422,219.69000244140625,220.3800048828125,39568100,QQQ
2020-01-31,210.8902130126953,219.07000732421875,223.55999755859375,218.2899932861328,223.52999877929688,52015800,QQQ
2020-02-03,214.07664489746094,222.3800048828125,222.88999938964844,219.99000549316406,220.13999938964844,25408600,QQQ
2020-02-04,218.9765625,227.47000122070312,227.86000061035156,224.64999389648438,225.4199981689453,30691200,QQQ
2020-02-05,219.6985626220703,228.22000122070312,230.25,226.85000610351562,230.2100067138672,38534800,QQQ
2020-02-06,221.59500122070312,230.19000244140625,230.25,227.97999572753906,228.7899932861328,22467100,QQQ
2020-02-07,220.6419677734375,229.1999969482422,230.44000244140625,228.5399932861328,229.16000366210938,25884900,QQQ
2020-02-10,223.3085479736328,231.97000122070312,231.97999572753906,228.3800048828125,228.44000244140625,21478900,QQQ
2020-02-11,223.34703063964844,232.00999450683594,234.02000427246094,231.39999389648438,233.25,30198000,QQQ
2020-02-12,225.5226593017578,234.27000427246094,234.3800048828125,232.8000030517578,233.3800048828125,24471300,QQQ
2020-02-13,225.23388671875,233.97000122070312,234.92999267578125,232.36000061035156,232.63999938964844,22773200,QQQ
2020-02-14,225.87889099121094,234.63999938964844,234.86000061035156,233.5500030517578,234.33999633789062,23438500,QQQ
2020-02-18,225.96548461914062,234.72999572753906,235.1699981689453,233.25,233.5,24394500,QQQ
2020-02-19,228.1314239501953,236.97999572753906,237.47000122070312,235.85000610351562,236.1300048828125,22230500,QQQ
2020-02-20,226.01364135742188,234.77999877929688,236.9499969482422,231.8800048828125,236.4600067138672,42604000,QQQ
2020-02-21,221.67205810546875,230.27000427246094,234.00999450683594,229.32000732421875,233.61000061035156,66017200,QQQ
2020-02-24,213.12359619140625,221.38999938964844,224.25,220.25999450683594,221.67999267578125,84522600,QQQ
2020-02-25,207.32833862304688,215.3699951171875,223.99000549316406,214.74000549316406,223.25,97743000,QQQ
2020-02-26,208.3969268798828,216.47999572753906,220.27999877929688,214.89999389648438,216.7100067138672,79537700,QQQ
2020-02-27,197.96165466308594,205.63999938964844,216.4199981689453,205.5,210.89999389648438,121822600,QQQ
2020-02-28,198.11572265625,205.8000030517578,207.1699981689453,198.1699981689453,198.63999938964844,148173700,QQQ
2020-03-02,208.33914184570312,216.4199981689453,216.57000732421875,205.94000244140625,208.8800048828125,112933900,QQQ
2020-03-03,201.65830993652344,209.47999572753906,219.61000061035156,207.6199951171875,217.11000061035156,131953500,QQQ
2020-03-04,210.07192993164062,218.22000122070312,218.3300018310547,211.3699951171875,213.32000732421875,73086200,QQQ
2020-03-05,203.68951416015625,211.58999633789062,216.36000061035156,210.10000610351562,212.69000244140625,78705500,QQQ
2020-03-06,200.2528076171875,208.02000427246094,209.14999389648438,202.91000366210938,204.6699981689453,89828400,QQQ
2020-03-09,186.34239196777344,193.57000732421875,201.16000366210938,192.11000061035156,193.47999572753906,116424000,QQQ
2020-03-10,196.4888153076172,204.11000061035156,204.3000030517578,193.67999267578125,201.11000061035156,100599200,QQQ
2020-03-11,187.93075561523438,195.22000122070312,200.75,192.72999572753906,199.35000610351562,89168800,QQQ
2020-03-12,170.69912719726562,177.32000732421875,190.77999877929688,176.94000244140625,182.08999633789062,137820700,QQQ
2020-03-13,185.15829467773438,192.33999633789062,194.47999572753906,178.1300048828125,187.07000732421875,134882000,QQQ
2020-03-16,162.97857666015625,169.3000030517578,184.67999267578125,169.16000366210938,174.14999389648438,92054400,QQQ
2020-03-17,175.339111328125,182.13999938964844,184.38999938964844,169.77999877929688,175.47000122070312,121257100,QQQ
2020-03-18,170.0059814453125,176.60000610351562,179.22000122070312,166.8000030517578,171.61000061035156,114156300,QQQ
2020-03-19,171.0264129638672,177.66000366210938,183.49000549316406,171.6300048828125,175.69000244140625,120896500,QQQ
2020-03-20,164.32630920410156,170.6999969482422,182.8699951171875,170.10000610351562,181.74000549316406,118983900,QQQ
2020-03-23,164.44496154785156,170.4600067138672,174.2100067138672,164.92999267578125,170.9199981689453,124639800,QQQ
2020-03-24,177.17916870117188,183.66000366210938,183.8300018310547,177.9499969482422,179.91000366210938,94881800,QQQ
2020-03-25,175.8671875,182.3000030517578,189.50999450683594,179.97999572753906,184.4199981689453,88754900,QQQ
2020-03-26,185.12835693359375,191.89999389648438,192.72000122070312,183.61000061035156,183.8699951171875,79887600,QQQ
2020-03-27,178.76129150390625,185.3000030517578,190.50999450683594,184.66000366210938,186.92999267578125,58845000,QQQ
2020-03-30,185.263427734375,192.0399932861328,192.49000549316406,186.33999633789062,187.05999755859375,49356900,QQQ
2020-03-31,183.68130493164062,190.39999389648438,195.25,189.1999969482422,191.72000122070312,62659300,QQQ
2020-04-01,175.8767852783203,182.30999755859375,187.66000366210938,180.86000061035156,184.77000427246094,53715400,QQQ
2020-04-02,179.44619750976562,186.00999450683594,190.10000610351562,180.97000122070312,181.24000549316406,56465300,QQQ
2020-04-03,176.89938354492188,183.3699951171875,187.07000732421875,181.2899932861328,185.5500030517578,47487600,QQQ
2020-04-06,189.54676818847656,196.47999572753906,197.64999389648438,189.19000244140625,190.47999572753906,64763500,QQQ
2020-04-07,189.4696044921875,196.39999389648438,202.66000366210938,196.0,202.3699951171875,69904500,QQQ
2020-04-08,193.49244689941406,200.57000732421875,201.1699981689453,196.1699981689453,198.14999389648438,45940400,QQQ
2020-04-09,193.77220153808594,200.86000061035156,203.22000122070312,199.02999877929688,202.35000610351562,68252600,QQQ
2020-04-13,195.86563110351562,203.02999877929688,203.4199981689453,198.75,200.0,42853900,QQQ
2020-04-14,204.384033203125,211.86000061035156,212.5,206.4199981689453,207.22999572753906,63959600,QQQ
2020-04-15,202.039794921875,209.42999267578125,211.8300018310547,207.1199951171875,208.47999572753906,47036000,QQQ
2020-04-16,205.72503662109375,213.25,214.3699951171875,209.69000244140625,211.69000244140625,64657400,QQQ
2020-04-17,207.6930389404297,215.2899932861328,216.50999450683594,212.0800018310547,216.1699981689453,62863200,QQQ
2020-04-20,205.23301696777344,212.74000549316406,215.8800048828125,212.57000732421875,213.36000061035156,38249100,QQQ
2020-04-21,197.6600341796875,204.88999938964844,211.16000366210938,203.6300048828125,210.60000610351562,72932800,QQQ
2020-04-22,203.52549743652344,210.97000122070312,212.35000610351562,208.3300018310547,209.10000610351562,40089100,QQQ
2020-04-23,203.09136962890625,210.52000427246094,214.44000244140625,210.10000610351562,211.7899932861328,43278500,QQQ
2020-04-24,206.29415893554688,213.83999633789062,214.3000030517578,209.5,210.97000122070312,34231900,QQQ
2020-04-27,207.9534912109375,215.55999755859375,216.6300048828125,214.5,216.19000244140625,36451700,QQQ
2020-04-28,204.03675842285156,211.5,217.32000732421875,211.2100067138672,217.32000732421875,46862800,QQQ
2020-04-29,211.2720947265625,219.0,219.97000122070312,215.13999938964844,216.19000244140625,48716400,QQQ
2020-04-30,211.18527221679688,218.91000366210938,220.0399932861328,217.35000610351562,219.9499969482422,43359500,QQQ
2020-05-01,205.23301696777344,212.74000549316406,216.6699981689453,211.67999267578125,214.5,48795000,QQQ
2020-05-04,207.62548828125,215.22000122070312,215.4499969482422,211.1199951171875,211.4600067138672,32841000,QQQ
2020-05-05,209.97935485839844,217.66000366210938,220.13999938964844,216.85000610351562,217.44000244140625,37783100,QQQ
2020-05-06,211.2720947265625,219.0,221.0399932861328,218.11000061035156,219.39999389648438,36455200,QQQ
2020-05-07,213.9925994873047,221.82000732421875,222.72999572753906,220.4199981689453,221.82000732421875,38624800,QQQ
2020-05-08,216.92532348632812,224.86000061035156,225.0,222.47999572753906,223.5500030517578,31852300,QQQ
2020-05-11,218.8644256591797,226.8699951171875,227.92999267578125,223.25,223.49000549316406,35714100,QQQ
2020-05-12,214.28199768066406,222.1199951171875,228.10000610351562,222.08999633789062,227.49000549316406,41054100,QQQ
2020-05-13,211.60006713867188,219.33999633789062,224.61000061035156,216.7100067138672,222.66000366210938,65521200,QQQ
2020-05-14,214.00222778320312,221.8300018310547,221.8699951171875,215.99000549316406,217.97000122070312,51549300,QQQ
2020-05-15,215.3914031982422,223.27000427246094,223.3300018310547,218.3300018310547,218.77999877929688,55747200,QQQ
2020-05-18,219.40463256835938,227.42999267578125,228.67999267578125,225.47000122070312,226.27999877929688,42398100,QQQ
2020-05-19,218.85472106933594,226.86000061035156,229.85000610351562,226.7100067138672,227.6999969482422,36237300,QQQ
2020-05-20,223.22486877441406,231.38999938964844,231.75999450683594,229.47999572753906,229.5,37417000,QQQ
2020-05-21,220.79380798339844,228.8699951171875,232.13999938964844,228.33999633789062,231.44000244140625,43642900,QQQ
2020-05-22,221.55592346191406,229.66000366210938,229.8699951171875,227.5,228.4499969482422,28762400,QQQ
2020-05-26,220.9578399658203,229.0399932861328,233.57000732421875,228.7899932861328,233.36000061035156,33055300,QQQ
2020-05-27,222.16368103027344,230.2899932861328,230.41000366210938,223.94000244140625,228.69000244140625,55665600,QQQ
2020-05-28,221.87429809570312,229.99000549316406,233.47000122070312,229.0500030517578,229.11000061035156,42784300,QQQ
2020-05-29,225.1253662109375,233.36000061035156,233.60000610351562,228.75999450683594,230.3800048828125,50691800,QQQ
2020-06-01,225.80068969726562,234.05999755859375,234.4499969482422,232.0,232.4600067138672,25776000,QQQ
2020-06-02,227.31524658203125,235.6300048828125,235.69000244140625,232.00999450683594,234.5,33383400,QQQ
2020-06-03,228.33790588378906,236.69000244140625,237.47000122070312,235.35000610351562,236.25999450683594,37228700,QQQ
2020-06-04,226.7364501953125,235.02999877929688,237.7899932861328,233.67999267578125,236.3300018310547,38716100,QQQ
2020-06-05,231.2319793701172,239.69000244140625,240.3000030517578,235.6300048828125,236.22000122070312,47365600,QQQ
2020-06-08,233.02638244628906,241.5500030517578,241.67999267578125,237.91000366210938,239.5399932861328,32937300,QQQ
2020-06-09,234.71461486816406,243.3000030517578,244.17999267578125,240.47000122070312,240.66000366210938,35046300,QQQ
2020-06-10,237.53158569335938,246.22000122070312,247.82000732421875,244.50999450683594,245.0500030517578,58084400,QQQ
2020-06-11,225.76211547851562,234.02000427246094,243.58999633789062,233.9600067138672,242.16000366210938,72919400,QQQ
2020-06-12,227.5564422607422,235.8800048828125,240.39999389648438,231.74000549316406,239.08999633789062,72034800,QQQ
2020-06-15,230.32516479492188,238.75,239.4499969482422,231.47000122070312,232.44000244140625,45307400,QQQ
2020-06-16,234.28053283691406,242.85000610351562,244.38999938964844,239.10000610351562,243.77999877929688,48890100,QQQ
2020-06-17,235.02330017089844,243.6199951171875,245.5,242.72999572753906,244.39999389648438,34749300,QQQ
2020-06-18,235.66004943847656,244.27999877929688,244.52999877929688,242.49000549316406,243.2899932861328,30578600,QQQ
2020-06-19,235.62142944335938,244.24000549316406,247.0,242.4499969482422,246.72999572753906,49422100,QQQ
2020-06-22,238.4471893310547,246.74000549316406,246.8699951171875,243.3800048828125,243.67999267578125,24068700,QQQ
2020-06-23,240.4765625,248.83999633789062,251.14999389648438,247.82000732421875,248.38999938964844,32767400,QQQ
2020-06-24,235.51904296875,243.7100067138672,249.3300018310547,242.16000366210938,248.05999755859375,46032400,QQQ
2020-06-25,237.76104736328125,246.02999877929688,246.33999633789062,241.13999938964844,243.8000030517578,36940800,QQQ
2020-06-26,232.1462860107422,240.22000122070312,245.9600067138672,239.67999267578125,245.77999877929688,52824600,QQQ
2020-06-29,234.6782684326172,242.83999633789062,242.85000610351562,237.35000610351562,239.97000122070312,34377800,QQQ
2020-06-30,239.27830505371094,247.60000610351562,248.16000366210938,242.5800018310547,242.77000427246094,38909200,QQQ
2020-07-01,242.07113647460938,250.49000549316406,251.52000427246094,247.0800018310547,247.63999938964844,34689200,QQQ
2020-07-02,243.71400451660156,252.19000244140625,254.27000427246094,251.7100067138672,253.02000427246094,31956500,QQQ
2020-07-06,249.70567321777344,258.3900146484375,258.92999267578125,255.42999267578125,255.4499969482422,34589000,QQQ
2020-07-07,247.98545837402344,256.6099853515625,260.8800048828125,256.29998779296875,258.1300048828125,36578200,QQQ
2020-07-08,251.25189208984375,259.989990234375,260.0199890136719,256.5,257.9800109863281,30426300,QQQ
2020-07-09,253.3683319091797,262.17999267578125,262.8699951171875,257.6300048828125,261.9700012207031,40312900,QQQ
2020-07-10,255.09808349609375,263.9700012207031,264.2300109863281,259.260009765625,262.0299987792969,32885300,QQQ
2020-07-13,249.85060119628906,258.5400085449219,269.7900085449219,257.69000244140625,266.9100036621094,64108100,QQQ
2020-07-14,251.61900329589844,260.3699951171875,260.7900085449219,252.75999450683594,255.92999267578125,72230500,QQQ
2020-07-15,252.13124084472656,260.8999938964844,262.69000244140625,257.489990234375,261.8299865722656,54523900,QQQ
2020-07-16,250.41107177734375,259.1199951171875,259.7799987792969,255.6199951171875,258.0199890136719,47594100,QQQ
2020-07-17,250.7009735107422,259.4200134277344,260.30999755859375,257.1700134277344,259.5899963378906,35137900,QQQ
2020-07-20,257.8135986328125,266.7799987792969,267.42999267578125,258.7900085449219,260.0799865722656,40610100,QQQ
2020-07-21,255.1271209716797,264.0,268.4100036621094,263.1300048828125,268.3999938964844,43243800,QQQ
2020-07-22,256.0257263183594,264.92999267578125,265.8900146484375,262.54998779296875,264.510009765625,29865500,QQQ
2020-07-23,249.33840942382812,258.010009765625,265.239990234375,256.54998779296875,264.510009765625,51363500,QQQ
2020-07-24,246.97076416015625,255.55999755859375,256.92999267578125,251.32000732421875,254.0399932861328,54054500,QQQ
2020-07-27,251.37747192382812,260.1199951171875,260.5199890136719,256.45001220703125,257.260009765625,36445700,QQQ
2020-07-28,248.17868041992188,256.80999755859375,259.8500061035156,256.510009765625,259.30999755859375,31302400,QQQ
2020-07-29,251.0392303466797,259.7699890136719,260.6600036621094,257.9100036621094,258.3999938964844,27556900,QQQ
2020-07-30,252.35354614257812,261.1300048828125,261.7099914550781,256.54998779296875,257.739990234375,41774500,QQQ
2020-07-31,256.8569030761719,265.7900085449219,265.95001220703125,260.8500061035156,265.9100036621094,53686300,QQQ
2020-08-03,260.32623291015625,269.3800048828125,270.1499938964844,267.8699951171875,268.0,32081600,QQQ
2020-08-04,261.29266357421875,270.3800048828125,270.4800109863281,268.0899963378906,268.8599853515625,24911300,QQQ
2020-08-05,261.94012451171875,271.04998779296875,271.5199890136719,269.9599914550781,270.8800048828125,21612100,QQQ
2020-08-06,265.409423828125,274.6400146484375,274.9800109863281,270.19000244140625,270.8500061035156,28048200,QQQ
2020-08-07,262.3460693359375,271.4700012207031,274.8800048828125,269.25,274.0799865722656,44969400,QQQ
2020-08-10,261.2250061035156,270.30999755859375,271.9800109863281,266.6700134277344,271.7699890136719,35088400,QQQ
2020-08-11,256.277099609375,265.19000244140625,270.44000244140625,264.6300048828125,269.1099853515625,43104300,QQQ
2020-08-12,262.72296142578125,271.8599853515625,272.8399963378906,267.3699951171875,267.4200134277344,38773400,QQQ
2020-08-13,263.32208251953125,272.4800109863281,274.8299865722656,271.510009765625,272.6600036621094,31895700,QQQ
2020-08-14,263.0127868652344,272.1600036621094,273.3999938964844,270.7200012207031,273.1199951171875,30799500,QQQ
2020-08-17,266.06658935546875,275.32000732421875,275.8399963378906,272.20001220703125,273.92999267578125,24803000,QQQ
2020-08-18,268.6275634765625,277.9700012207031,278.4599914550781,274.9100036621094,276.4200134277344,23529500,QQQ
2020-08-19,266.82037353515625,276.1000061035156,279.0199890136719,275.57000732421875,277.92999267578125,31999400,QQQ
2020-08-20,270.5216369628906,279.92999267578125,280.42999267578125,274.8599853515625,275.2799987792969,27723400,QQQ
2020-08-21,272.3964538574219,281.8699951171875,282.3399963378906,279.4599914550781,280.1300048828125,34748900,QQQ
2020-08-24,274.0973205566406,283.6300048828125,286.0,281.2699890136719,285.25,36418500,QQQ
2020-08-25,276.2522888183594,285.8599853515625,286.05999755859375,282.3699951171875,282.8299865722656,34866600,QQQ
2020-08-26,282.1473083496094,291.9599914550781,292.2200012207031,285.8299865722656,287.1499938964844,42216700,QQQ
2020-08-27,281.2679443359375,291.04998779296875,293.8500061035156,288.7099914550781,292.9700012207031,49482700,QQQ
2020-08-28,282.69818115234375,292.5299987792969,293.17999267578125,290.92999267578125,292.3299865722656,28021000,QQQ
2020-08-31,284.96923828125,294.8800048828125,296.75,292.6199951171875,293.07000732421875,36321000,QQQ
2020-09-01,289.8398132324219,299.9200134277344,300.0400085449219,295.7900085449219,297.6199951171875,36216200,QQQ
2020-09-02,292.58441162109375,302.760009765625,303.5,296.8900146484375,303.2799987792969,50836800,QQQ
2020-09-03,277.75030517578125,287.4100036621094,298.6199951171875,284.4100036621094,298.1000061035156,110083300,QQQ
2020-09-04,274.04901123046875,283.5799865722656,288.92999267578125,271.79998779296875,285.55999755859375,123959000,QQQ
2020-09-08,260.8770446777344,269.95001220703125,278.2200012207031,269.6600036621094,272.2200012207031,99568600,QQQ
2020-09-09,268.5405578613281,277.8800048828125,280.04998779296875,273.0,275.6400146484375,64837900,QQQ
2020-09-10,263.1867370605469,272.3399963378906,282.20001220703125,270.55999755859375,280.94000244140625,69667500,QQQ
2020-09-11,261.3602600097656,270.45001220703125,275.2200012207031,266.8999938964844,274.1499938964844,71809000,QQQ
2020-09-14,265.9120178222656,275.1600036621094,277.2200012207031,272.9599914550781,274.3599853515625,38525200,QQQ
2020-09-15,269.680908203125,279.05999755859375,280.45001220703125,275.1300048828125,279.0299987792969,41849900,QQQ
2020-09-16,265.3804016113281,274.6099853515625,280.3599853515625,274.25,279.8800048828125,42321000,QQQ
2020-09-17,261.23468017578125,270.32000732421875,274.3999938964844,266.67999267578125,267.54998779296875,81570800,QQQ
2020-09-18,257.90057373046875,266.8699951171875,272.0899963378906,262.6300048828125,271.7900085449219,86251100,QQQ
2020-09-21,258.5190734863281,267.510009765625,267.6499938964844,260.1099853515625,262.4700012207031,57168600,QQQ
2020-09-22,263.32208251953125,272.4800109863281,273.0799865722656,266.5400085449219,269.989990234375,41128900,QQQ
2020-09-23,255.28176879882812,264.1600036621094,272.3399963378906,263.25,272.1499938964844,48837300,QQQ
2020-09-24,256.47039794921875,265.3900146484375,268.70001220703125,261.2200012207031,261.3900146484375,70631700,QQQ
2020-09-25,262.4330139160156,271.55999755859375,272.3999938964844,264.29998779296875,265.9100036621094,55242400,QQQ
2020-09-28,267.8834533691406,277.20001220703125,277.20001220703125,271.6700134277344,276.5799865722656,58438300,QQQ
2020-09-29,266.6754455566406,275.95001220703125,277.7099914550781,275.3699951171875,276.6199951171875,27050000,QQQ
2020-09-30,268.5019226074219,277.8399963378906,281.0899963378906,275.8699951171875,276.1499938964844,49380800,QQQ
2020-10-01,272.7636413574219,282.25,282.8800048828125,279.8399963378906,281.7900085449219,50020200,QQQ
2020-10-02,265.0905456542969,274.30999755859375,282.239990234375,273.44000244140625,276.0199890136719,75497400,QQQ
2020-10-05,270.7439880371094,280.1600036621094,280.489990234375,276.2300109863281,276.3399963378906,28184600,QQQ
2020-10-06,265.9120178222656,275.1600036621094,281.19000244140625,274.25,279.45001220703125,49704200,QQQ
2020-10-07,270.5120544433594,279.9200134277344,280.739990234375,277.2799987792969,277.8900146484375,27539700,QQQ
2020-10-08,271.9519348144531,281.4100036621094,282.4700012207031,280.30999755859375,282.3999938964844,25443300,QQQ
2020-10-09,276.107421875,285.7099914550781,285.7900085449219,282.7099914550781,283.1099853515625,30201100,QQQ
2020-10-12,284.6309509277344,294.5299987792969,297.4599914550781,289.4700012207031,290.54998779296875,79370700,QQQ
2020-10-13,284.62127685546875,294.5199890136719,297.04998779296875,293.1099853515625,296.3900146484375,64240000,QQQ
2020-10-14,282.2440185546875,292.05999755859375,296.3500061035156,290.260009765625,295.3500061035156,36949100,QQQ
2020-10-15,280.34991455078125,290.1000061035156,290.7099914550781,286.5400085449219,287.20001220703125,42514200,QQQ
2020-10-16,278.81329345703125,288.510009765625,293.2699890136719,288.1499938964844,291.79998779296875,40570700,QQQ
2020-10-19,274.26165771484375,283.79998779296875,291.4800109863281,282.7900085449219,290.489990234375,36756800,QQQ
2020-10-20,274.85113525390625,284.4100036621094,287.6199951171875,282.95001220703125,284.55999755859375,32195400,QQQ
2020-10-21,274.6385192871094,284.19000244140625,287.32000732421875,283.69000244140625,284.6700134277344,29306100,QQQ
2020-10-22,274.62884521484375,284.17999267578125,285.9800109863281,280.82000732421875,285.04998779296875,32196200,QQQ
2020-10-23,275.16998291015625,284.739990234375,284.9100036621094,281.7799987792969,284.7699890136719,24658500,QQQ
2020-10-26,271.0435485839844,280.4700012207031,285.29998779296875,276.760009765625,282.3800048828125,38421100,QQQ
2020-10-27,273.159912109375,282.6600036621094,283.510009765625,280.20001220703125,281.5,30559100,QQQ
2020-10-28,262.5104064941406,271.6400146484375,278.6400146484375,271.3800048828125,278.010009765625,53413500,QQQ
2020-10-29,267.1006774902344,276.3900146484375,279.489990234375,272.5199890136719,273.0,43246300,QQQ
2020-10-30,260.32623291015625,269.3800048828125,275.239990234375,267.07000732421875,274.3399963378906,65838300,QQQ
2020-11-02,260.9061279296875,269.9800109863281,273.5199890136719,266.9700012207031,271.8500061035156,39987400,QQQ
2020-11-03,265.41925048828125,274.6499938964844,276.82000732421875,270.8399963378906,271.9599914550781,43604100,QQQ
2020-11-04,277.2669982910156,286.9100036621094,288.7699890136719,281.8699951171875,283.5899963378906,75728200,QQQ
2020-11-05,284.4957275390625,294.3900146484375,295.3900146484375,292.0,293.5299987792969,52054200,QQQ
2020-11-06,284.7082824707031,294.6099853515625,295.3599853515625,289.8299865722656,293.7099914550781,40959800,QQQ
2020-11-09,278.8905944824219,288.5899963378906,299.1400146484375,288.1199951171875,297.6499938964844,86537100,QQQ
2020-11-10,273.8944091796875,283.4200134277344,286.6600036621094,280.6199951171875,285.1700134277344,69024900,QQQ
2020-11-11,280.0212707519531,289.760009765625,290.25,283.3800048828125,286.0299987792969,36102900,QQQ
2020-11-12,278.7069396972656,288.3999938964844,292.07000732421875,287.25,290.760009765625,34414600,QQQ
2020-11-13,281.1519470214844,290.92999267578125,291.57000732421875,287.8699951171875,290.1700134277344,24806900,QQQ
2020-11-16,283.3457336425781,293.20001220703125,293.510009765625,289.989990234375,290.6199951171875,30168400,QQQ
2020-11-17,282.4469299316406,292.2699890136719,293.739990234375,291.6099853515625,293.3999938964844,21843500,QQQ
2020-11-18,280.35955810546875,290.1099853515625,293.3699951171875,290.0199890136719,291.70001220703125,28069600,QQQ
2020-11-19,282.5533142089844,292.3800048828125,292.70001220703125,288.8500061035156,289.5400085449219,22718400,QQQ
2020-11-20,280.6204528808594,290.3800048828125,293.07000732421875,290.2900085449219,292.29998779296875,25907300,QQQ
2020-11-23,280.630126953125,290.3900146484375,292.75,288.07000732421875,291.4100036621094,26875600,QQQ
2020-11-24,284.57293701171875,294.4700012207031,294.9800109863281,289.6300048828125,291.489990234375,24516800,QQQ
2020-11-25,286.3221740722656,296.2799987792969,296.94000244140625,294.5899963378906,295.57000732421875,23326800,QQQ
2020-11-27,288.96038818359375,299.010009765625,300.1700134277344,297.8999938964844,298.30999755859375,17163100,QQQ
2020-11-30,289.5499267578125,299.6199951171875,299.9700012207031,294.7799987792969,299.3399963378906,27836200,QQQ
2020-12-01,293.26080322265625,303.4599914550781,305.1400146484375,300.8299865722656,301.9700012207031,27521300,QQQ
2020-12-02,293.6377258300781,303.8500061035156,304.20001220703125,300.3500061035156,302.25,23620000,QQQ
2020-12-03,294.05322265625,304.2799987792969,305.8800048828125,303.5299987792969,304.1700134277344,22828700,QQQ
2020-12-04,295.2516174316406,305.5199890136719,305.6700134277344,303.6300048828125,304.3299865722656,19332100,QQQ
2020-12-07,296.9234924316406,307.25,307.6300048828125,305.5199890136719,305.7099914550781,20851000,QQQ
2020-12-08,297.9285583496094,308.2900085449219,308.6000061035156,304.95001220703125,306.760009765625,18341500,QQQ
2020-12-09,291.1831359863281,301.30999755859375,308.3599853515625,300.2099914550781,308.07000732421875,48839300,QQQ
2020-12-10,292.3524169921875,302.5199890136719,303.67999267578125,298.0899963378906,299.2099914550781,27519500,QQQ
2020-12-11,291.7049865722656,301.8500061035156,301.9800109863281,298.4700012207031,300.80999755859375,26760400,QQQ
2020-12-14,293.8213195800781,304.0400085449219,306.04998779296875,303.010009765625,303.0799865722656,28804800,QQQ
2020-12-15,296.9621887207031,307.2900085449219,307.2900085449219,304.1099853515625,306.3699951171875,25709000,QQQ
2020-12-16,298.5953674316406,308.9800109863281,309.7900085449219,306.6199951171875,307.70001220703125,25461900,QQQ
2020-12-17,300.54736328125,311.0,311.239990234375,309.3900146484375,310.6300048828125,23730500,QQQ
2020-12-18,299.6390686035156,310.05999755859375,311.9800109863281,307.6099853515625,311.6600036621094,41173400,QQQ
2020-12-21,299.07843017578125,308.9200134277344,309.4700012207031,303.6000061035156,306.4599914550781,37095500,QQQ
2020-12-22,299.8917236328125,309.760009765625,310.7099914550781,306.8500061035156,309.8500061035156,26176300,QQQ
2020-12-23,298.38134765625,308.20001220703125,310.17999267578125,308.0400085449219,309.80999755859375,21201300,QQQ
2020-12-24,299.69805908203125,309.55999755859375,310.0199890136719,308.3900146484375,308.4700012207031,16785000,QQQ
2020-12-28,302.7185974121094,312.67999267578125,313.1700134277344,310.3599853515625,312.25,22497700,QQQ
2020-12-29,302.9897155761719,312.9599914550781,314.69000244140625,312.0299987792969,314.04998779296875,25871900,QQQ
2020-12-30,302.9993896484375,312.9700012207031,314.489990234375,312.3299865722656,314.1600036621094,18138100,QQQ
2020-12-31,303.74481201171875,313.739990234375,314.239990234375,311.760009765625,312.8699951171875,21611400,QQQ
2021-01-04,299.4559631347656,309.30999755859375,315.2900085449219,305.17999267578125,315.1099853515625,45305900,QQQ
2021-01-05,301.92474365234375,311.8599853515625,312.1400146484375,308.2900085449219,308.2900085449219,29323400,QQQ
2021-01-06,297.742431640625,307.5400085449219,311.8800048828125,305.9800109863281,307.0,52809600,QQQ
2021-01-07,304.94537353515625,314.9800109863281,315.8399963378906,310.25,310.2799987792969,30394800,QQQ
2021-01-08,308.8663635253906,319.0299987792969,319.3900146484375,315.0799865722656,317.3399963378906,33955800,QQQ
2021-01-11,304.40325927734375,314.4200134277344,317.19000244140625,313.75,315.9800109863281,32746400,QQQ
2021-01-12,303.9192199707031,313.9200134277344,315.5799865722656,311.20001220703125,314.4599914550781,29266800,QQQ
2021-01-13,305.97161865234375,316.0400085449219,316.8599853515625,313.57000732421875,314.19000244140625,22898400,QQQ
2021-01-14,304.3354797363281,314.3500061035156,317.5299987792969,313.8599853515625,316.5,23500100,QQQ
2021-01-15,301.92474365234375,311.8599853515625,315.1199951171875,310.5799865722656,314.1300048828125,35118700,QQQ
2021-01-19,306.3299255371094,316.4100036621094,316.92999267578125,313.1199951171875,314.25,24537000,QQQ
2021-01-20,313.4553527832031,323.7699890136719,324.739990234375,316.510009765625,320.1400146484375,30728100,QQQ
2021-01-21,315.9629211425781,326.3599853515625,327.1300048828125,323.7300109863281,325.1499938964844,25130600,QQQ
2021-01-22,315.0527648925781,325.4200134277344,326.4599914550781,324.7099914550781,325.2900085449219,21609400,QQQ
2021-01-25,317.65704345703125,328.1099853515625,330.32000732421875,321.4100036621094,328.9100036621094,39080600,QQQ
2021-01-26,318.12176513671875,328.5899963378906,329.760009765625,327.2200012207031,328.8500061035156,25498100,QQQ
2021-01-27,309.25360107421875,319.42999267578125,326.2699890136719,317.3599853515625,326.260009765625,55264000,QQQ
2021-01-28,311.0833435058594,321.32000732421875,326.4200134277344,320.0299987792969,320.6700134277344,42836300,QQQ
2021-01-29,304.53875732421875,314.55999755859375,320.7200012207031,312.760009765625,319.5799865722656,55259000,QQQ
2021-02-01,312.14837646484375,322.4200134277344,323.5400085449219,316.0199890136719,318.1099853515625,35646000,QQQ
2021-02-02,317.2408447265625,327.67999267578125,328.8699951171875,325.30999755859375,325.4800109863281,33930800,QQQ
2021-02-03,315.9822692871094,326.3800048828125,330.20001220703125,326.32000732421875,329.82000732421875,24824500,QQQ
2021-02-04,319.7192687988281,330.239990234375,330.3299865722656,326.4599914550781,327.82000732421875,22350900,QQQ
2021-02-05,320.80352783203125,331.3599853515625,332.3999938964844,329.5299987792969,331.2200012207031,22732000,QQQ
2021-02-08,322.9527587890625,333.5799865722656,333.739990234375,331.4100036621094,333.1000061035156,20462800,QQQ
2021-02-09,322.88507080078125,333.510009765625,334.80999755859375,332.6099853515625,332.6199951171875,17597500,QQQ
2021-02-10,322.14923095703125,332.75,335.4599914550781,329.5,334.989990234375,28068700,QQQ
2021-02-11,323.92095947265625,334.5799865722656,335.0,332.1199951171875,334.3299865722656,22046100,QQQ
2021-02-12,325.7314147949219,336.45001220703125,336.6199951171875,332.6300048828125,333.7099914550781,20346800,QQQ
2021-02-16,324.8503723144531,335.5400085449219,338.19000244140625,334.3399963378906,337.2699890136719,27080800,QQQ
2021-02-17,323.291748046875,333.92999267578125,335.6600036621094,330.1700134277344,332.4700012207031,31360300,QQQ
2021-02-18,321.878173828125,332.4700012207031,333.8699951171875,328.3599853515625,330.2300109863281,32236200,QQQ
2021-02-19,320.47442626953125,331.0199890136719,333.989990234375,329.9700012207031,333.8599853515625,39157700,QQQ
2021-02-22,312.1676940917969,322.44000244140625,327.79998779296875,322.2300109863281,326.5,47256900,QQQ
2021-02-23,311.23834228515625,321.4800109863281,323.20001220703125,311.0,317.0,97241900,QQQ
2021-02-24,313.8039245605469,324.1300048828125,324.45001220703125,315.9599914550781,318.739990234375,58206300,QQQ
2021-02-25,302.8638610839844,312.8299865722656,324.0299987792969,311.239990234375,321.3900146484375,110182600,QQQ
2021-02-26,304.13214111328125,314.1400146484375,319.1099853515625,310.8800048828125,315.8500061035156,104739800,QQQ
2021-03-01,313.2811279296875,323.5899963378906,323.94000244140625,317.94000244140625,319.2699890136719,49164500,QQQ
2021-03-02,308.25640869140625,318.3999938964844,324.3299865722656,318.1400146484375,324.25,48370000,QQQ
2021-03-03,299.31085205078125,309.1600036621094,318.239990234375,309.1000061035156,317.2699890136719,86301100,QQQ
2021-03-04,294.4120178222656,304.1000061035156,312.0400085449219,300.1099853515625,308.7799987792969,139131600,QQQ
2021-03-05,298.8460693359375,308.67999267578125,309.6099853515625,297.45001220703125,306.79998779296875,121523700,QQQ
2021-03-08,290.3844909667969,299.94000244140625,310.05999755859375,299.510009765625,308.1199951171875,88409800,QQQ
2021-03-09,301.83770751953125,311.7699890136719,313.7300109863281,306.9200134277344,307.4700012207031,80391100,QQQ
2021-03-10,300.9759826660156,310.8800048828125,316.4700012207031,310.1700134277344,316.1600036621094,76798100,QQQ
2021-03-11,307.9078674316406,318.0400085449219,319.8599853515625,314.8500061035156,315.7699890136719,53484800,QQQ
2021-03-12,305.41015625,315.4599914550781,318.2300109863281,311.3900146484375,313.8599853515625,69315600,QQQ
2021-03-15,308.672607421875,318.8299865722656,319.0,314.1000061035156,315.7900085449219,42955700,QQQ
2021-03-16,310.36700439453125,320.5799865722656,324.20001220703125,319.1000061035156,321.0899963378906,54925900,QQQ
2021-03-17,311.6449890136719,321.8999938964844,323.8500061035156,315.67999267578125,317.45001220703125,78258700,QQQ
2021-03-18,302.09912109375,312.0400085449219,317.8800048828125,311.57000732421875,316.8699951171875,82718100,QQQ
2021-03-19,303.16400146484375,313.1400146484375,314.7300109863281,309.6600036621094,311.8699951171875,78446200,QQQ
2021-03-22,308.8493347167969,318.6099853515625,320.739990234375,315.2099914550781,315.2099914550781,56194800,QQQ
2021-03-23,307.5018615722656,317.2200012207031,321.0899963378906,316.3800048828125,319.7300109863281,53455400,QQQ
2021-03-24,302.3157958984375,311.8699951171875,318.6700134277344,311.7200012207031,318.6300048828125,64803700,QQQ
2021-03-25,301.7923583984375,311.3299865722656,312.8900146484375,307.3900146484375,309.9700012207031,78729000,QQQ
2021-03-26,306.31927490234375,316.0,316.3299865722656,309.6700134277344,311.1099853515625,63519600,QQQ
2021-03-29,306.23199462890625,315.9100036621094,316.989990234375,312.4700012207031,315.45001220703125,54608000,QQQ
2021-03-30,304.6907653808594,314.32000732421875,314.9100036621094,311.5400085449219,313.8900146484375,44635700,QQQ
2021-03-31,309.35345458984375,319.1300048828125,320.739990234375,315.80999755859375,316.1600036621094,55032500,QQQ
2021-04-01,314.62677001953125,324.57000732421875,324.7099914550781,322.80999755859375,323.07000732421875,55685600,QQQ
2021-04-05,320.9082336425781,331.04998779296875,331.8399963378906,326.8800048828125,327.1300048828125,42172500,QQQ
2021-04-06,320.6852722167969,330.82000732421875,332.8299865722656,330.0199890136719,330.7300109863281,33537200,QQQ
2021-04-07,321.4607849121094,331.6199951171875,332.4800109863281,329.3699951171875,330.3299865722656,32046400,QQQ
2021-04-08,324.8148193359375,335.0799865722656,335.2699890136719,333.739990234375,334.55999755859375,29940800,QQQ
2021-04-09,326.7826232910156,337.1099853515625,337.32000732421875,332.9200134277344,333.67999267578125,36664900,QQQ
2021-04-12,326.356201171875,336.6700134277344,337.1000061035156,334.7300109863281,336.0400085449219,25833000,QQQ
2021-04-13,330.1656494140625,340.6000061035156,341.0799865722656,338.0199890136719,338.239990234375,30374000,QQQ
2021-04-14,326.20086669921875,336.510009765625,340.9800109863281,335.6700134277344,340.8500061035156,42564300,QQQ
2021-04-15,331.14471435546875,341.6099853515625,342.010009765625,336.2200012207031,339.4700012207031,36342800,QQQ
2021-04-16,331.5325012207031,342.010009765625,342.2300109863281,340.0799865722656,342.1499938964844,40860100,QQQ
2021-04-19,328.498291015625,338.8800048828125,341.5799865722656,336.8999938964844,340.3900146484375,34533100,QQQ
2021-04-20,326.1040344238281,336.4100036621094,339.5199890136719,334.3800048828125,338.20001220703125,38081800,QQQ
2021-04-21,328.89581298828125,339.2900085449219,339.4800109863281,333.9700012207031,335.0899963378906,36598100,QQQ
2021-04-22,324.93115234375,335.20001220703125,339.8999938964844,334.010009765625,338.8900146484375,45936100,QQQ
2021-04-23,329.0218505859375,339.4200134277344,340.7699890136719,335.8500061035156,335.8500061035156,36381900,QQQ
2021-04-26,331.16412353515625,341.6300048828125,341.9200134277344,338.8999938964844,339.6700134277344,30812000,QQQ
2021-04-27,329.7294616699219,340.1499938964844,342.1499938964844,339.1700134277344,341.92999267578125,33187200,QQQ
2021-04-28,328.6146545410156,339.0,340.8500061035156,338.3299865722656,339.80999755859375,33615700,QQQ
2021-04-29,329.7972412109375,340.2200012207031,342.79998779296875,336.8999938964844,342.3699951171875,37708900,QQQ
2021-04-30,327.6356506347656,337.989990234375,340.260009765625,337.04998779296875,337.70001220703125,38263400,QQQ
2021-05-03,325.8907775878906,336.19000244140625,340.0,335.7300109863281,339.2300109863281,29729700,QQQ
2021-05-04,320.0261535644531,330.1400146484375,333.8900146484375,326.2099914550781,333.55999755859375,65147000,QQQ
2021-05-05,318.9501037597656,329.0299987792969,333.1400146484375,328.2300109863281,332.25,46219300,QQQ
2021-05-06,321.3540954589844,331.510009765625,331.6700134277344,326.45001220703125,328.760009765625,46814300,QQQ
2021-05-07,323.96173095703125,334.20001220703125,336.6499938964844,331.69000244140625,334.3699951171875,53324500,QQQ
2021-05-10,315.7803039550781,325.760009765625,332.9599914550781,325.54998779296875,332.7799987792969,60700500,QQQ
2021-05-11,315.34405517578125,325.30999755859375,326.1300048828125,319.0199890136719,319.70001220703125,71963600,QQQ
2021-05-12,307.18206787109375,316.8900146484375,322.6199951171875,316.0,320.2300109863281,91164900,QQQ
2021-05-13,309.55694580078125,319.3399963378906,322.3999938964844,316.8999938964844,319.9200134277344,69877800,QQQ
2021-05-14,316.3910217285156,326.3900146484375,327.3299865722656,322.0799865722656,322.6000061035156,44370000,QQQ
2021-05-17,314.47161865234375,324.4100036621094,326.3699951171875,321.45001220703125,324.6300048828125,39395000,QQQ
2021-05-18,312.3487548828125,322.2200012207031,326.6499938964844,321.94000244140625,325.3900146484375,36528500,QQQ
2021-05-19,312.7073974609375,322.5899963378906,322.8999938964844,316.29998779296875,316.6600036621094,66319100,QQQ
2021-05-20,318.7562255859375,328.8299865722656,329.7099914550781,323.8900146484375,324.1199951171875,46466100,QQQ
2021-05-21,316.9920349121094,327.010009765625,330.8599853515625,326.6400146484375,330.42999267578125,50330400,QQQ
2021-05-24,322.3234558105469,332.510009765625,333.6700134277344,326.8999938964844,329.3699951171875,32475800,QQQ
2021-05-25,322.7693786621094,332.9700012207031,334.80999755859375,331.760009765625,334.07000732421875,31280300,QQQ
2021-05-26,323.8938903808594,334.1300048828125,334.6099853515625,332.95001220703125,333.6600036621094,25444900,QQQ
2021-05-27,322.6821594238281,332.8800048828125,334.5400085449219,332.6700134277344,333.6700134277344,27931700,QQQ
2021-05-28,323.7000732421875,333.92999267578125,335.57000732421875,333.6000061035156,334.1199951171875,29927400,QQQ
2021-06-01,322.6240234375,332.82000732421875,335.7900085449219,331.42999267578125,335.29998779296875,31145400,QQQ
2021-06-02,323.2541198730469,333.4700012207031,334.3399963378906,331.70001220703125,333.25,22047900,QQQ
2021-06-03,319.890380859375,330.0,331.8599853515625,328.2799987792969,330.54998779296875,37057800,QQQ
2021-06-04,325.3188781738281,335.6000061035156,336.05999755859375,331.7799987792969,331.8500061035156,38736500,QQQ
2021-06-07,326.2882080078125,336.6000061035156,336.6600036621094,334.3399963378906,335.04998779296875,32611900,QQQ
2021-06-08,326.4432678222656,336.760009765625,339.2900085449219,335.0299987792969,338.3999938964844,27282800,QQQ
2021-06-09,326.5209045410156,336.8399963378906,338.9700012207031,336.6499938964844,338.1700134277344,21485300,QQQ
2021-06-10,329.9233093261719,340.3500061035156,340.4599914550781,336.7300109863281,337.19000244140625,33702100,QQQ
2021-06-11,330.7859802246094,341.239990234375,341.25,339.69000244140625,340.3599853515625,21222800,QQQ
2021-06-14,333.9559631347656,344.510009765625,344.5199890136719,340.4599914550781,341.67999267578125,27827700,QQQ
2021-06-15,331.77484130859375,342.260009765625,344.4700012207031,341.5199890136719,344.1499938964844,35963800,QQQ
2021-06-16,330.5630798339844,341.010009765625,343.8399963378906,337.45001220703125,342.739990234375,55399500,QQQ
2021-06-17,334.7604675292969,345.3399963378906,346.3800048828125,339.9200134277344,339.9700012207031,59722700,QQQ
2021-06-18,332.1335144042969,342.6300048828125,344.80999755859375,341.8599853515625,343.6300048828125,55414900,QQQ
2021-06-21,334.19769287109375,344.3599853515625,344.69000244140625,340.1499938964844,342.42999267578125,32992600,QQQ
2021-06-22,337.3129577636719,347.57000732421875,348.0299987792969,343.8399963378906,344.1499938964844,28941600,QQQ
2021-06-23,337.4779968261719,347.739990234375,348.9200134277344,346.8800048828125,347.510009765625,27188500,QQQ
2021-06-24,339.56451416015625,349.8900146484375,351.4599914550781,349.1700134277344,349.7300109863281,32581600,QQQ
2021-06-25,339.1472473144531,349.4599914550781,350.7200012207031,348.8399963378906,350.4700012207031,28682800,QQQ
2021-06-28,343.27178955078125,353.7099914550781,353.8500061035156,350.7200012207031,350.7799987792969,39130300,QQQ
2021-06-29,344.51397705078125,354.989990234375,355.0199890136719,352.6700134277344,353.5299987792969,29426000,QQQ
2021-06-30,343.9704895019531,354.42999267578125,355.2300109863281,353.8299865722656,354.8299865722656,32724000,QQQ
2021-07-01,344.10638427734375,354.57000732421875,355.0899963378906,352.67999267578125,354.07000732421875,29290000,QQQ
2021-07-02,348.0563049316406,358.6400146484375,358.9700012207031,356.2799987792969,356.5199890136719,32727200,QQQ
2021-07-06,349.5605163574219,360.19000244140625,360.4800109863281,356.489990234375,359.260009765625,38842400,QQQ
2021-07-07,350.2981262207031,360.95001220703125,362.760009765625,358.94000244140625,362.45001220703125,35265200,QQQ
2021-07-08,348.18243408203125,358.7699890136719,359.6499938964844,354.4200134277344,355.739990234375,50890000,QQQ
2021-07-09,350.3562927246094,361.010009765625,361.5,357.57000732421875,358.1700134277344,35184500,QQQ
2021-07-12,351.7247619628906,362.4200134277344,362.8900146484375,360.8299865722656,362.45001220703125,25717700,QQQ
2021-07-13,351.7247619628906,362.4200134277344,365.4700012207031,361.5400085449219,362.0299987792969,39723000,QQQ
2021-07-14,352.3555603027344,363.07000732421875,365.489990234375,362.2200012207031,364.8299865722656,35336400,QQQ
2021-07-15,349.8808288574219,360.5199890136719,363.19000244140625,358.4599914550781,362.9800109863281,53391600,QQQ
2021-07-16,347.0469665527344,357.6000061035156,362.4100036621094,357.239990234375,361.3999938964844,47262000,QQQ
2021-07-19,344.20343017578125,354.6700134277344,355.17999267578125,352.0400085449219,354.04998779296875,64404600,QQQ
2021-07-20,348.20184326171875,358.7900085449219,360.2799987792969,353.79998779296875,355.6300048828125,42183700,QQQ
2021-07-21,350.8901062011719,361.55999755859375,361.55999755859375,358.1199951171875,358.3500061035156,30259900,QQQ
2021-07-22,353.2096252441406,363.95001220703125,363.9599914550781,361.7699890136719,361.7699890136719,30252200,QQQ
2021-07-23,357.33416748046875,368.20001220703125,368.489990234375,363.9200134277344,365.30999755859375,31960800,QQQ
2021-07-26,357.6156005859375,368.489990234375,368.8900146484375,366.6000061035156,367.489990234375,28438100,QQQ
2021-07-27,353.6753845214844,364.42999267578125,368.2200012207031,360.1600036621094,368.2200012207031,57933100,QQQ
2021-07-28,355.0342102050781,365.8299865722656,367.45001220703125,363.239990234375,365.6000061035156,42066200,QQQ
2021-07-29,355.6649475097656,366.4800109863281,367.67999267578125,365.25,365.25,25672500,QQQ
2021-07-30,353.81121826171875,364.57000732421875,365.1700134277344,362.4100036621094,362.44000244140625,36484600,QQQ
2021-08-02,353.8404235839844,364.6000061035156,366.8800048828125,363.8699951171875,366.2799987792969,27334100,QQQ
2021-08-03,355.9852294921875,366.80999755859375,366.92999267578125,362.0,365.2799987792969,35558500,QQQ
2021-08-04,356.4994812011719,367.3399963378906,368.32000732421875,365.6300048828125,366.7699890136719,29602200,QQQ
2021-08-05,358.7607421875,369.6700134277344,369.9100036621094,367.45001220703125,368.17999267578125,21443900,QQQ
2021-08-06,357.1885986328125,368.04998779296875,369.3699951171875,366.9100036621094,368.3699951171875,33332100,QQQ
2021-08-09,357.8485412597656,368.7300109863281,369.2699890136719,367.3900146484375,368.5199890136719,25960200,QQQ
2021-08-10,356.0142822265625,366.8399963378906,369.55999755859375,365.6199951171875,369.260009765625,35130800,QQQ
2021-08-11,355.4028015136719,366.2099914550781,368.6499938964844,364.8399963378906,368.1400146484375,34249800,QQQ
2021-08-12,356.6839904785156,367.5299987792969,367.8999938964844,364.29998779296875,365.69000244140625,25969200,QQQ
2021-08-13,357.9358215332031,368.82000732421875,369.1600036621094,367.3800048828125,367.8900146484375,19336200,QQQ
2021-08-16,358.0912170410156,368.9800109863281,369.0199890136719,363.70001220703125,367.6700134277344,34856900,QQQ
2021-08-17,354.93707275390625,365.7300109863281,367.1499938964844,363.2300109863281,366.1499938964844,44793900,QQQ
2021-08-18,351.52093505859375,362.2099914550781,366.6199951171875,361.8699951171875,365.17999267578125,38541900,QQQ
2021-08-19,353.2193298339844,363.9599914550781,365.67999267578125,359.9599914550781,360.2200012207031,48499400,QQQ
2021-08-20,356.8780517578125,367.7300109863281,368.1400146484375,364.739990234375,365.05999755859375,39486000,QQQ
2021-08-23,362.21575927734375,373.2300109863281,373.94000244140625,368.7900085449219,368.79998779296875,34034700,QQQ
2021-08-24,363.3221130371094,374.3699951171875,374.989990234375,373.3599853515625,373.8399963378906,21732900,QQQ
2021-08-25,363.7394714355469,374.79998779296875,375.3900146484375,373.8599853515625,374.6300048828125,20441900,QQQ
2021-08-26,361.4295654296875,372.4200134277344,374.6199951171875,371.9700012207031,373.9200134277344,29133300,QQQ
2021-08-27,364.9429016113281,376.0400085449219,376.55999755859375,372.57000732421875,373.07000732421875,27104700,QQQ
2021-08-30,369.0383605957031,380.260009765625,380.760009765625,376.8299865722656,376.8500061035156,27295700,QQQ
2021-08-31,368.7374572753906,379.95001220703125,380.5799865722656,378.3599853515625,380.510009765625,29628200,QQQ
2021-09-01,369.3487854003906,380.5799865722656,382.7099914550781,380.3699951171875,381.0400085449219,28138300,QQQ
2021-09-02,369.1741943359375,380.3999938964844,382.30999755859375,379.1499938964844,381.9700012207031,25453400,QQQ
2021-09-03,370.30963134765625,381.57000732421875,381.9800109863281,379.20001220703125,379.2200012207031,24605400,QQQ
2021-09-07,370.8335876464844,382.1099853515625,382.7799987792969,380.489990234375,381.67999267578125,23970200,QQQ
2021-09-08,369.5428771972656,380.7799987792969,381.92999267578125,378.45001220703125,381.92999267578125,32949200,QQQ
2021-09-09,368.2715759277344,379.4700012207031,382.1499938964844,379.2200012207031,381.010009765625,29399000,QQQ
2021-09-10,365.4765625,376.5899963378906,381.9700012207031,376.25,381.2300109863281,40249400,QQQ
2021-09-13,365.2241516113281,376.3299865722656,379.42999267578125,374.2200012207031,378.989990234375,48741800,QQQ
2021-09-14,364.1859130859375,375.260009765625,378.6099853515625,374.2799987792969,377.8599853515625,41826600,QQQ
2021-09-15,366.8934631347656,378.04998779296875,378.4100036621094,373.3699951171875,375.7300109863281,34097900,QQQ
2021-09-16,367.145751953125,378.30999755859375,378.8999938964844,374.70001220703125,376.67999267578125,35193100,QQQ
2021-09-17,362.7979736328125,373.8299865722656,377.8699951171875,372.760009765625,377.82000732421875,60912300,QQQ
2021-09-20,355.3015441894531,365.70001220703125,369.25,360.92999267578125,367.4599914550781,76203200,QQQ
2021-09-21,355.73858642578125,366.1499938964844,368.80999755859375,364.989990234375,367.5799865722656,41927500,QQQ
2021-09-22,359.0613708496094,369.57000732421875,371.07000732421875,365.9599914550781,367.0899963378906,46972900,QQQ
2021-09-23,362.3743896484375,372.9800109863281,374.0400085449219,370.1000061035156,370.760009765625,44652000,QQQ
2021-09-24,362.7144775390625,373.3299865722656,373.760009765625,370.2699890136719,370.6499938964844,36056800,QQQ
2021-09-27,359.8191833496094,370.3500061035156,371.25,367.7300109863281,370.20001220703125,43338100,QQQ
2021-09-28,349.63720703125,359.8699951171875,370.29998779296875,359.3500061035156,365.6700134277344,97701600,QQQ
2021-09-29,349.06396484375,359.2799987792969,363.3699951171875,358.6400146484375,361.1700134277344,58076600,QQQ
2021-09-30,347.78143310546875,357.9599914550781,362.67999267578125,357.1000061035156,360.9700012207031,61384600,QQQ
2021-10-01,349.9383544921875,360.17999267578125,361.25,354.3800048828125,358.6000061035156,56375500,QQQ
2021-10-04,342.5932922363281,352.6199951171875,358.8599853515625,350.32000732421875,358.5199890136719,76766000,QQQ
2021-10-05,347.21795654296875,357.3800048828125,359.69000244140625,353.4800109863281,353.7099914550781,47232900,QQQ
2021-10-06,349.4427795410156,359.6700134277344,359.95001220703125,353.1499938964844,354.0799865722656,56806500,QQQ
2021-10-07,352.6490478515625,362.9700012207031,365.69000244140625,362.25,362.79998779296875,39411200,QQQ
2021-10-08,350.8905029296875,361.1600036621094,364.32000732421875,360.6099853515625,364.0799865722656,41822300,QQQ
2021-10-11,348.1991882324219,358.3900146484375,363.20001220703125,358.29998779296875,359.5799865722656,34847200,QQQ
2021-10-12,346.98486328125,357.1400146484375,360.3299865722656,356.4800109863281,359.8800048828125,43905100,QQQ
2021-10-13,349.76348876953125,360.0,360.69000244140625,357.42999267578125,359.510009765625,40120800,QQQ
2021-10-14,356.2049865722656,366.6300048828125,366.8500061035156,363.010009765625,363.69000244140625,43433900,QQQ
2021-10-15,358.4493103027344,368.94000244140625,369.05999755859375,366.82000732421875,367.8800048828125,40419900,QQQ
2021-10-18,362.0538635253906,372.6499938964844,372.8699951171875,366.989990234375,367.6099853515625,34513500,QQQ
2021-10-19,364.79364013671875,375.4700012207031,375.5199890136719,372.70001220703125,373.75,29091000,QQQ
2021-10-20,364.3175354003906,374.9800109863281,376.57000732421875,373.4599914550781,375.94000244140625,31390300,QQQ
2021-10-21,366.5424499511719,377.2699890136719,377.4700012207031,373.8500061035156,374.1600036621094,25469300,QQQ
2021-10-22,363.46258544921875,374.1000061035156,376.9700012207031,372.3900146484375,375.9800109863281,36275800,QQQ
2021-10-25,367.1836853027344,377.92999267578125,378.8699951171875,373.55999755859375,375.55999755859375,32597800,QQQ
2021-10-26,368.3397216796875,379.1199951171875,382.7099914550781,377.9100036621094,380.2300109863281,47191300,QQQ
2021-10-27,369.19482421875,380.0,383.1499938964844,379.30999755859375,379.5799865722656,45760500,QQQ
2021-10-28,373.2947998046875,384.2200012207031,384.4800109863281,381.1600036621094,381.95001220703125,38007000,QQQ
2021-10-29,375.1310729980469,386.1099853515625,386.2799987792969,380.70001220703125,381.05999755859375,37310100,QQQ
2021-11-01,376.4135437011719,387.42999267578125,387.55999755859375,384.4200134277344,386.55999755859375,30765300,QQQ
2021-11-02,377.98748779296875,389.04998779296875,389.5400085449219,386.75,386.79998779296875,25135300,QQQ
2021-11-03,382.0000305175781,393.17999267578125,393.6099853515625,388.4800109863281,389.54998779296875,33748900,QQQ
2021-11-04,386.8967590332031,398.2200012207031,399.20001220703125,393.9200134277344,394.4800109863281,40265300,QQQ
2021-11-05,387.2659606933594,398.6000061035156,400.989990234375,397.1600036621094,400.0400085449219,43383800,QQQ
2021-11-08,386.7413024902344,398.05999755859375,399.6199951171875,397.3999938964844,398.57000732421875,29256300,QQQ
2021-11-09,384.0792541503906,395.32000732421875,399.57000732421875,393.9200134277344,399.1600036621094,50490700,QQQ
2021-11-10,378.4344177246094,389.510009765625,395.3599853515625,387.5299987792969,392.4700012207031,54937400,QQQ
2021-11-11,379.483642578125,390.5899963378906,392.75,390.239990234375,392.57000732421875,32243000,QQQ
2021-11-12,383.4768371582031,394.70001220703125,395.25,390.1300048828125,391.7699890136719,34730600,QQQ
2021-11-15,383.38946533203125,394.6099853515625,396.239990234375,392.1000061035156,395.9100036621094,33716900,QQQ
2021-11-16,386.1195068359375,397.4200134277344,397.92999267578125,393.6600036621094,393.8599853515625,27872900,QQQ
2021-11-17,386.3235168457031,397.6300048828125,399.7200012207031,396.6400146484375,397.75,28703300,QQQ
2021-11-18,390.32635498046875,401.75,402.2699890136719,397.45001220703125,399.7300109863281,45721500,QQQ
2021-11-19,392.5026550292969,403.989990234375,405.29998779296875,402.5799865722656,403.42999267578125,45191700,QQQ
2021-11-22,387.9460144042969,399.29998779296875,408.7099914550781,399.19000244140625,405.57000732421875,61715400,QQQ
2021-11-23,386.177734375,397.4800109863281,400.2300109863281,392.9200134277344,398.1099853515625,70098700,QQQ
2021-11-24,387.42138671875,398.760009765625,399.04998779296875,392.5400085449219,394.92999267578125,46954400,QQQ
2021-11-26,380.0763244628906,391.20001220703125,397.5400085449219,389.7699890136719,396.1099853515625,51533300,QQQ
2021-11-29,388.3248596191406,399.69000244140625,400.7300109863281,395.1400146484375,395.8900146484375,54447100,QQQ
2021-11-30,382.6217956542969,393.82000732421875,401.19000244140625,391.75,398.7799987792969,81332700,QQQ
2021-12-01,376.1123046875,387.1199951171875,400.4800109863281,386.6400146484375,398.2799987792969,77766500,QQQ
2021-12-02,378.82305908203125,389.9100036621094,391.739990234375,384.3399963378906,385.79998779296875,84416600,QQQ
2021-12-03,372.2358093261719,383.1300048828125,392.3399963378906,378.8999938964844,391.30999755859375,105349100,QQQ
2021-12-06,375.218505859375,386.20001220703125,387.6000061035156,379.29998779296875,383.6300048828125,67588800,QQQ
2021-12-07,386.5177917480469,397.8299865722656,398.4599914550781,392.989990234375,393.0299987792969,56005300,QQQ
2021-12-08,388.2471923828125,399.6099853515625,399.82000732421875,396.2200012207031,398.1700134277344,39204000,QQQ
2021-12-09,382.5343933105469,393.7300109863281,400.20001220703125,393.5299987792969,398.3500061035156,49973700,QQQ
2021-12-10,386.69268798828125,398.010009765625,398.2799987792969,393.3599853515625,396.6199951171875,52545800,QQQ
2021-12-13,381.106201171875,392.260009765625,398.3299865722656,391.8800048828125,398.0,50166400,QQQ
2021-12-14,377.1615905761719,388.20001220703125,390.0899963378906,383.6300048828125,387.29998779296875,75199200,QQQ
2021-12-15,385.75994873046875,397.04998779296875,397.4200134277344,383.8800048828125,387.94000244140625,73858000,QQQ
2021-12-16,375.8403015136719,386.8399963378906,398.4800109863281,385.2099914550781,398.0400085449219,82591400,QQQ
2021-12-17,373.9652099609375,384.9100036621094,389.19000244140625,381.7699890136719,383.3299865722656,80492500,QQQ
2021-12-20,370.3375244140625,380.69000244140625,381.5,377.4700012207031,379.57000732421875,65336800,QQQ
2021-12-21,378.6258850097656,389.2099914550781,389.5299987792969,380.20001220703125,384.04998779296875,48899500,QQQ
2021-12-22,383.237060546875,393.95001220703125,394.1600036621094,388.2300109863281,388.9100036621094,37042200,QQQ
2021-12-23,386.12628173828125,396.9200134277344,398.42999267578125,394.1400146484375,394.30999755859375,29595500,QQQ
2021-12-27,392.5078430175781,403.4800109863281,403.4800109863281,398.2200012207031,398.25,32820700,QQQ
2021-12-28,390.6886291503906,401.6099853515625,404.5799865722656,400.7099914550781,404.3999938964844,33113700,QQQ
2021-12-29,390.6303405761719,401.54998779296875,403.04998779296875,399.1099853515625,401.75,32248500,QQQ
2021-12-30,389.4629211425781,400.3500061035156,403.57000732421875,399.75,401.3299865722656,23850100,QQQ
2021-12-31,387.0309753417969,397.8500061035156,401.05999755859375,397.3399963378906,399.6600036621094,34752900,QQQ
2022-01-03,390.7568359375,401.67999267578125,401.94000244140625,396.8800048828125,399.04998779296875,40575900,QQQ
2022-01-04,385.6884765625,396.4700012207031,402.2799987792969,393.2900085449219,402.239990234375,58027200,QQQ
2022-01-05,373.8397216796875,384.2900085449219,395.8900146484375,384.0299987792969,394.739990234375,75739800,QQQ
2022-01-06,373.57708740234375,384.0199890136719,387.3500061035156,380.1300048828125,382.4200134277344,70814300,QQQ
2022-01-07,369.5301513671875,379.8599853515625,385.760009765625,378.0400085449219,384.0299987792969,72652300,QQQ
2022-01-10,369.7733459472656,380.1099853515625,380.6400146484375,369.30999755859375,374.82000732421875,91770500,QQQ
2022-01-11,375.3281555175781,385.82000732421875,385.989990234375,377.2200012207031,379.3599853515625,68295700,QQQ
2022-01-12,376.81646728515625,387.3500061035156,390.20001220703125,385.010009765625,388.4599914550781,54576400,QQQ
2022-01-13,367.3899230957031,377.6600036621094,389.4700012207031,376.70001220703125,388.7699890136719,77994000,QQQ
2022-01-14,369.6761169433594,380.010009765625,380.3500061035156,374.8599853515625,375.07000732421875,80121200,QQQ
2022-01-18,360.4732971191406,370.54998779296875,376.2200012207031,369.7699890136719,374.0400085449219,75450900,QQQ
2022-01-19,356.5140380859375,366.4800109863281,374.69000244140625,366.2099914550781,372.1499938964844,81791500,QQQ
2022-01-20,351.8834533691406,361.7200012207031,373.8699951171875,361.1700134277344,369.7900085449219,88610700,QQQ
2022-01-21,342.1262512207031,351.69000244140625,362.17999267578125,351.3999938964844,359.4700012207031,143388900,QQQ
2022-01-24,343.6924743652344,353.29998779296875,353.9800109863281,334.1499938964844,345.9100036621094,198685800,QQQ
2022-01-25,335.7250671386719,345.1099853515625,351.0299987792969,341.67999267578125,346.6700134277344,124398400,QQQ
2022-01-26,335.1998291015625,344.57000732421875,356.8800048828125,340.7799987792969,352.9100036621094,146559500,QQQ
2022-01-27,331.8241882324219,341.1000061035156,351.2699890136719,340.04998779296875,349.3999938964844,95255700,QQQ
2022-01-28,342.2331848144531,351.79998779296875,352.0199890136719,337.95001220703125,343.0299987792969,108167900,QQQ
2022-01-31,353.17724609375,363.04998779296875,363.6499938964844,351.5199890136719,353.20001220703125,94326400,QQQ
2022-02-01,355.58013916015625,365.5199890136719,366.19000244140625,359.1400146484375,364.42999267578125,74433000,QQQ
2022-02-02,358.46929931640625,368.489990234375,370.1000061035156,364.2900085449219,369.760009765625,78777100,QQQ
2022-02-03,343.93560791015625,353.54998779296875,361.92999267578125,352.4599914550781,358.5299987792969,95384800,QQQ
2022-02-04,348.27435302734375,358.010009765625,361.3999938964844,351.9700012207031,354.0799865722656,86318300,QQQ
2022-02-07,345.47271728515625,355.1300048828125,361.04998779296875,353.8399963378906,358.6199951171875,58198100,QQQ
2022-02-08,349.3541564941406,359.1199951171875,360.239990234375,352.79998779296875,353.9599914550781,64720900,QQQ
2022-02-09,356.7572326660156,366.7300109863281,366.80999755859375,362.1199951171875,363.760009765625,55766400,QQQ
2022-02-10,348.6828918457031,358.42999267578125,366.489990234375,356.5400085449219,359.5199890136719,112468500,QQQ
2022-02-11,337.6221008300781,347.05999755859375,360.07000732421875,345.79998779296875,358.42999267578125,101569100,QQQ
2022-02-14,338.0404052734375,347.489990234375,350.9800109863281,343.8900146484375,346.489990234375,80254400,QQQ
2022-02-15,346.4454650878906,356.1300048828125,356.3699951171875,351.82000732421875,352.9100036621094,55128800,QQQ
2022-02-16,346.35791015625,356.0400085449219,357.0899963378906,350.7099914550781,353.82000732421875,58947100,QQQ
2022-02-17,336.0558776855469,345.45001220703125,353.4599914550781,345.0199890136719,352.739990234375,61801400,QQQ
2022-02-18,332.2230529785156,341.510009765625,346.80999755859375,339.1400146484375,346.4100036621094,80001500,QQQ
2022-02-22,328.8863525390625,338.0799865722656,344.0400085449219,334.3500061035156,338.489990234375,85967100,QQQ
2022-02-23,320.46185302734375,329.4200134277344,342.17999267578125,329.1000061035156,341.32000732421875,86215400,QQQ
2022-02-24,331.2308654785156,340.489990234375,341.0400085449219,318.260009765625,318.8399963378906,130614100,QQQ
2022-02-25,336.3670959472656,345.7699890136719,345.9800109863281,337.3900146484375,341.30999755859375,78842100,QQQ
2022-02-28,337.369140625,346.79998779296875,348.5400085449219,341.32000732421875,342.510009765625,77515500,QQQ
2022-03-01,332.20355224609375,341.489990234375,348.0799865722656,338.8999938964844,345.75,67407000,QQQ
2022-03-02,337.77783203125,347.2200012207031,348.5899963378906,340.239990234375,343.0799865722656,70609000,QQQ
2022-03-03,332.95263671875,342.260009765625,350.0400085449219,340.3500061035156,349.92999267578125,71089400,QQQ
2022-03-04,328.12750244140625,337.29998779296875,341.30999755859375,334.9200134277344,339.8399963378906,76936300,QQQ
2022-03-07,316.02587890625,324.8599853515625,338.4800109863281,324.6499938964844,337.2900085449219,89933800,QQQ
2022-03-08,314.5569152832031,323.3500061035156,333.2099914550781,319.94000244140625,324.04998779296875,116153900,QQQ
2022-03-09,325.88031005859375,334.989990234375,336.3800048828125,329.0899963378906,331.75,64723400,QQQ
2022-03-10,322.26153564453125,331.2699890136719,332.510009765625,326.7099914550781,330.82000732421875,69362700,QQQ
2022-03-11,315.5783386230469,324.3999938964844,334.6400146484375,323.8999938964844,334.32000732421875,66228400,QQQ
2022-03-14,309.5177001953125,318.1700134277344,326.5899963378906,317.45001220703125,323.1300048828125,79802600,QQQ
2022-03-15,319.226318359375,328.1499938964844,328.95001220703125,319.2300109863281,320.8800048828125,76471000,QQQ
2022-03-16,331.0654296875,340.32000732421875,340.44000244140625,328.3999938964844,332.1700134277344,105243000,QQQ
2022-03-17,335.07330322265625,344.44000244140625,344.5,337.0400085449219,338.3699951171875,67810000,QQQ
2022-03-18,341.931640625,351.489990234375,351.7900085449219,341.54998779296875,342.739990234375,85446300,QQQ
2022-03-21,340.9809875488281,350.0799865722656,352.4800109863281,345.5799865722656,350.20001220703125,73799100,QQQ
2022-03-22,347.6822814941406,356.9599914550781,357.8500061035156,350.20001220703125,350.5899963378906,63345900,QQQ
2022-03-23,342.6855163574219,351.8299865722656,357.6600036621094,351.7699890136719,354.010009765625,70615500,QQQ
2022-03-24,350.30230712890625,359.6499938964844,359.70001220703125,351.5899963378906,353.79998779296875,53555300,QQQ
2022-03-25,350.0100402832031,359.3500061035156,360.6700134277344,354.94000244140625,359.5899963378906,57584200,QQQ
2022-03-28,355.42559814453125,364.9100036621094,365.010009765625,358.07000732421875,359.3399963378906,56833900,QQQ
2022-03-29,361.54229736328125,371.19000244140625,371.8299865722656,366.05999755859375,368.8999938964844,68073000,QQQ
2022-03-30,357.5489501953125,367.0899963378906,370.9800109863281,365.57000732421875,369.2799987792969,68757700,QQQ
2022-03-31,353.1171569824219,362.5400085449219,367.6000061035156,361.67999267578125,367.239990234375,67011400,QQQ
2022-04-01,352.44512939453125,361.8500061035156,363.6099853515625,358.5899963378906,362.80999755859375,54527800,QQQ
2022-04-04,359.7015075683594,369.29998779296875,369.30999755859375,362.44000244140625,362.7099914550781,45950200,QQQ
2022-04-05,351.714599609375,361.1000061035156,368.5400085449219,359.92999267578125,367.80999755859375,62738700,QQQ
2022-04-06,344.078369140625,353.260009765625,356.7799987792969,350.55999755859375,355.6499938964844,90077100,QQQ
2022-04-07,344.8965759277344,354.1000061035156,356.3500061035156,348.69000244140625,352.239990234375,63777400,QQQ
2022-04-08,340.0752258300781,349.1499938964844,353.0899963378906,348.5,352.32000732421875,61956100,QQQ
2022-04-11,332.0298767089844,340.8900146484375,345.75,340.5400085449219,344.80999755859375,66107400,QQQ
2022-04-12,330.6272888183594,339.45001220703125,347.69000244140625,338.0400085449219,345.760009765625,72790200,QQQ
2022-04-13,337.34796142578125,346.3500061035156,347.42999267578125,339.05999755859375,339.79998779296875,61367800,QQQ
2022-04-14,329.6337585449219,338.42999267578125,346.9700012207031,338.2099914550781,346.44000244140625,73519400,QQQ
2022-04-18,329.8870849609375,338.69000244140625,341.0400085449219,335.7900085449219,337.3500061035156,58560600,QQQ
2022-04-19,337.26031494140625,346.260009765625,346.8500061035156,336.9800109863281,338.0299987792969,56515700,QQQ
2022-04-20,332.3415222167969,341.2099914550781,347.55999755859375,339.9599914550781,347.0899963378906,65500000,QQQ
2022-04-21,325.465087890625,334.1499938964844,347.8699951171875,333.20001220703125,345.19000244140625,75801000,QQQ
2022-04-22,316.9425048828125,325.3999938964844,335.55999755859375,324.9599914550781,334.30999755859375,82562100,QQQ
2022-04-25,321.0138854980469,329.5799865722656,329.8999938964844,322.42999267578125,323.7300109863281,101755900,QQQ
2022-04-26,308.8971252441406,317.1400146484375,327.6600036621094,316.8599853515625,327.4700012207031,105819600,QQQ
2022-04-27,308.527099609375,316.760009765625,322.8800048828125,315.0,317.239990234375,111204200,QQQ
2022-04-28,319.4846496582031,328.010009765625,329.8900146484375,317.5199890136719,321.8500061035156,99450000,QQQ
2022-04-29,305.1082458496094,313.25,327.2300109863281,312.6000061035156,323.70001220703125,91977900,QQQ
2022-05-02,310.2024230957031,318.4800109863281,318.7200012207031,309.6499938964844,312.8299865722656,115511800,QQQ
2022-05-03,310.5335388183594,318.82000732421875,321.1700134277344,315.9800109863281,318.5,78185500,QQQ
2022-05-04,321.0333251953125,329.6000061035156,330.2900085449219,313.8900146484375,319.30999755859375,116083400,QQQ
2022-05-05,304.86474609375,313.0,325.25,309.6199951171875,325.1700134277344,154607400,QQQ
2022-05-06,301.2122497558594,309.25,315.0899963378906,305.1099853515625,310.95001220703125,139572800,QQQ
2022-05-09,289.42669677734375,297.1499938964844,309.3500061035156,295.7200012207031,303.4800109863281,113387300,QQQ
2022-05-10,292.94293212890625,300.760009765625,305.760009765625,296.57000732421875,304.510009765625,124124600,QQQ
2022-05-11,284.2547302246094,291.8399963378906,304.0899963378906,290.95001220703125,298.44000244140625,140326100,QQQ
2022-05-12,283.5827331542969,291.1499938964844,295.75,284.94000244140625,287.45001220703125,120910900,QQQ
2022-05-13,294.09222412109375,301.94000244140625,303.0,294.0799865722656,295.7200012207031,83684900,QQQ
2022-05-16,290.68316650390625,298.44000244140625,302.260009765625,297.1300048828125,300.1499938964844,59190400,QQQ
2022-05-17,298.2122497558594,306.1700134277344,306.55999755859375,300.54998779296875,304.45001220703125,62715300,QQQ
2022-05-18,283.57293701171875,291.1400146484375,302.25,289.8500061035156,301.5400085449219,79477100,QQQ
2022-05-19,282.053466796875,289.5799865722656,294.3900146484375,287.5799865722656,289.2900085449219,79920700,QQQ
2022-05-20,281.17681884765625,288.67999267578125,293.79998779296875,280.2099914550781,293.1300048828125,91764200,QQQ
2022-05-23,285.8521728515625,293.4800109863281,293.8699951171875,287.2900085449219,289.75,63648400,QQQ
2022-05-24,279.7742919921875,287.239990234375,288.8599853515625,282.25,288.1300048828125,73491100,QQQ
2022-05-25,283.6898193359375,291.260009765625,293.3900146484375,285.5,285.7099914550781,67144500,QQQ
2022-05-26,291.5500183105469,299.3299865722656,300.9200134277344,290.1499938964844,290.44000244140625,59462200,QQQ
2022-05-27,301.06610107421875,309.1000061035156,309.25,302.4200134277344,302.5400085449219,66985600,QQQ
2022-05-31,300.26739501953125,308.2799987792969,311.3299865722656,304.3299865722656,309.07000732421875,60968300,QQQ
2022-06-01,298.0466613769531,306.0,312.6499938964844,303.7300109863281,310.4700012207031,65341700,QQQ
2022-06-02,306.20892333984375,314.3800048828125,314.55999755859375,303.3999938964844,304.8500061035156,59291300,QQQ
2022-06-03,298.2415466308594,306.20001220703125,310.4700012207031,304.9200134277344,309.0299987792969,60914700,QQQ
2022-06-06,299.2349548339844,307.2200012207031,312.3500061035156,305.6199951171875,310.75,51785000,QQQ
2022-06-07,301.8161315917969,309.8699951171875,310.6700134277344,302.69000244140625,303.80999755859375,44900300,QQQ
2022-06-08,299.6441345214844,307.6400146484375,311.7200012207031,306.7699890136719,309.04998779296875,38342100,QQQ
2022-06-09,291.61822509765625,299.3999938964844,309.04998779296875,299.2300109863281,305.9100036621094,55900500,QQQ
2022-06-10,281.332763671875,288.8399963378906,294.8699951171875,288.3800048828125,293.6499938964844,85963500,QQQ
2022-06-13,268.2518310546875,275.4100036621094,282.3399963378906,274.5299987792969,279.75,94442000,QQQ
2022-06-14,268.7388000488281,275.9100036621094,278.6600036621094,273.3399963378906,277.6600036621094,64697500,QQQ
2022-06-15,275.44970703125,282.79998779296875,286.8299865722656,276.6099853515625,279.4200134277344,86051400,QQQ
2022-06-16,264.3363037109375,271.3900146484375,276.05999755859375,269.2799987792969,275.5899963378906,81910300,QQQ
2022-06-17,267.5505065917969,274.69000244140625,277.19000244140625,270.510009765625,272.17999267578125,82703400,QQQ
2022-06-21,274.3006286621094,281.0799865722656,283.45001220703125,278.6400146484375,278.75,51633700,QQQ
2022-06-22,273.9005432128906,280.6700134277344,285.17999267578125,277.9100036621094,278.5199890136719,67472900,QQQ
2022-06-23,277.9797668457031,284.8500061035156,285.7200012207031,280.30999755859375,283.2099914550781,57457800,QQQ
2022-06-24,287.5043029785156,294.6099853515625,295.0400085449219,287.5,287.739990234375,58422300,QQQ
2022-06-27,285.3964538574219,292.45001220703125,296.5799865722656,291.2900085449219,296.0,54151500,QQQ
2022-06-28,276.7013244628906,283.5400085449219,295.6499938964844,283.3500061035156,293.0,61609800,QQQ
2022-06-29,276.95513916015625,283.79998779296875,285.3399963378906,280.8399963378906,283.3999938964844,57302700,QQQ
2022-06-30,273.51995849609375,280.2799987792969,283.94000244140625,275.7799987792969,280.75,79313600,QQQ
2022-07-01,275.3253479003906,282.1300048828125,282.5299987792969,277.0299987792969,278.95001220703125,56675100,QQQ
2022-07-05,280.03887939453125,286.9599914550781,287.0799865722656,276.75,278.30999755859375,61829300,QQQ
2022-07-06,281.83441162109375,288.79998779296875,290.95001220703125,285.5899963378906,287.3500061035156,63194700,QQQ
2022-07-07,287.8654479980469,294.9800109863281,295.70001220703125,289.6300048828125,289.6300048828125,56620100,QQQ
2022-07-08,288.2265625,295.3500061035156,296.75,291.1199951171875,292.0799865722656,59895500,QQQ
2022-07-11,282.0686950683594,289.0400085449219,293.1099853515625,288.1400146484375,292.8800048828125,55273900,QQQ
2022-07-12,279.336181640625,286.239990234375,292.2799987792969,284.6099853515625,290.32000732421875,55797100,QQQ
2022-07-13,278.76043701171875,285.6499938964844,288.04998779296875,280.0199890136719,280.6000061035156,73939400,QQQ
2022-07-14,279.7558898925781,286.6700134277344,287.55999755859375,279.79998779296875,282.989990234375,63741800,QQQ
2022-07-15,284.8304443359375,291.8699951171875,291.9800109863281,288.0799865722656,289.7300109863281,63818100,QQQ
2022-07-18,282.4200134277344,289.3999938964844,296.1600036621094,288.20001220703125,294.7200012207031,59519600,QQQ
2022-07-19,291.1053771972656,298.29998779296875,298.6000061035156,291.4700012207031,293.1099853515625,55172600,QQQ
2022-07-20,295.7212829589844,303.0299987792969,304.239990234375,297.92999267578125,298.7300109863281,67769400,QQQ
2022-07-21,299.9663391113281,307.3800048828125,307.44000244140625,300.7799987792969,303.5,55049400,QQQ
2022-07-22,294.70635986328125,301.989990234375,308.54998779296875,300.1199951171875,306.42999267578125,57127700,QQQ
2022-07-25,293.0278015136719,300.2699890136719,302.5,298.2200012207031,302.0199890136719,40582400,QQQ
2022-07-26,287.2701110839844,294.3699951171875,298.7900085449219,293.5400085449219,298.5299987792969,50074100,QQQ
2022-07-27,299.4100646972656,306.80999755859375,308.5400085449219,298.4599914550781,299.0400085449219,69304400,QQQ
2022-07-28,302.33770751953125,309.80999755859375,310.3999938964844,302.75,306.5899963378906,55139900,QQQ
2022-07-29,307.8514404296875,315.4599914550781,316.3900146484375,309.92999267578125,311.3900146484375,57501000,QQQ
2022-08-01,307.6659851074219,315.2699890136719,318.80999755859375,312.5299987792969,313.6499938964844,46358800,QQQ
2022-08-02,306.7486572265625,314.3299865722656,318.54998779296875,311.8399963378906,312.9200134277344,48676500,QQQ
2022-08-03,315.1022033691406,322.8900146484375,323.7300109863281,315.989990234375,316.04998779296875,53735700,QQQ
2022-08-04,316.57586669921875,324.3999938964844,324.7200012207031,320.7699890136719,322.9700012207031,38973700,QQQ
2022-08-05,313.98974609375,321.75,323.8299865722656,318.3900146484375,319.19000244140625,53894000,QQQ
2022-08-08,312.9748840332031,320.7099914550781,326.4700012207031,319.2099914550781,322.69000244140625,43878500,QQQ
2022-08-09,309.432373046875,317.0799865722656,319.0299987792969,315.4200134277344,318.7699890136719,39764200,QQQ
2022-08-10,318.06890869140625,325.92999267578125,326.2300109863281,322.05999755859375,324.5899963378906,51459600,QQQ
2022-08-11,316.2635192871094,324.0799865722656,330.3599853515625,323.3599853515625,328.30999755859375,45897700,QQQ
2022-08-12,322.42144775390625,330.3900146484375,330.5899963378906,325.1000061035156,326.17999267578125,40928400,QQQ
2022-08-15,325.0269775390625,333.05999755859375,333.57000732421875,329.3999938964844,329.4200134277344,38266600,QQQ
2022-08-16,324.26580810546875,332.2799987792969,334.4200134277344,329.1600036621094,332.05999755859375,41186900,QQQ
2022-08-17,320.56719970703125,328.489990234375,331.42999267578125,326.3599853515625,329.07000732421875,47842200,QQQ
2022-08-18,321.33819580078125,329.2799987792969,330.489990234375,326.7900085449219,328.44000244140625,41937200,QQQ
2022-08-19,315.07293701171875,322.8599853515625,326.8399963378906,322.0799865722656,326.1700134277344,51770600,QQQ
2022-08-22,306.77801513671875,314.3599853515625,318.739990234375,313.5299987792969,318.5,51098900,QQQ
2022-08-23,306.5242614746094,314.1000061035156,317.0,313.3299865722656,314.1199951171875,39497100,QQQ
2022-08-24,307.4123840332031,315.010009765625,316.8699951171875,312.989990234375,313.6099853515625,38057100,QQQ
2022-08-25,312.84796142578125,320.5799865722656,320.6000061035156,315.760009765625,316.8299865722656,38098300,QQQ
2022-08-26,300.02490234375,307.44000244140625,321.510009765625,307.3500061035156,320.2799987792969,69047700,QQQ
2022-08-29,297.0679626464844,304.4100036621094,307.2200012207031,303.2799987792969,304.6199951171875,48321900,QQQ
2022-08-30,293.7597351074219,301.0199890136719,306.7300109863281,298.44000244140625,306.1000061035156,51184500,QQQ
2022-08-31,292.0519104003906,299.2699890136719,304.9100036621094,299.1600036621094,303.989990234375,50044000,QQQ
2022-09-01,292.1788024902344,299.3999938964844,299.7799987792969,292.95001220703125,296.7200012207031,57990700,QQQ
2022-09-02,288.05084228515625,295.1700134277344,303.75,293.5199890136719,302.3399963378906,64666800,QQQ
2022-09-06,285.98193359375,293.04998779296875,296.6000061035156,290.8699951171875,295.6600036621094,57005400,QQQ
2022-09-07,291.7591552734375,298.9700012207031,299.989990234375,293.2699890136719,293.5400085449219,49260400,QQQ
2022-09-08,293.27178955078125,300.5199890136719,301.8699951171875,295.45001220703125,296.8500061035156,55649800,QQQ
2022-09-09,299.683349609375,307.0899963378906,307.6000061035156,300.5199890136719,302.8299865722656,56125200,QQQ
2022-09-12,303.24530029296875,310.739990234375,311.0799865722656,308.17999267578125,308.5,45905700,QQQ
2022-09-13,286.6163024902344,293.70001220703125,303.0199890136719,292.7900085449219,301.79998779296875,79562200,QQQ
2022-09-14,288.89013671875,296.0299987792969,296.92999267578125,293.05999755859375,294.8699951171875,54907200,QQQ
2022-09-15,284.0790100097656,291.1000061035156,296.5299987792969,289.4599914550781,294.07000732421875,65299400,QQQ
2022-09-16,282.34197998046875,289.32000732421875,289.7200012207031,285.6199951171875,287.7200012207031,79920400,QQQ
2022-09-19,284.5406188964844,291.04998779296875,291.2099914550781,286.0400085449219,286.1000061035156,52613800,QQQ
2022-09-20,282.27252197265625,288.7300109863281,291.07000732421875,286.3800048828125,288.489990234375,51271100,QQQ
2022-09-21,277.2181396484375,283.55999755859375,293.95001220703125,283.4200134277344,289.5899963378906,82931000,QQQ
2022-09-22,273.80621337890625,280.07000732421875,283.0299987792969,278.82000732421875,282.0,62757100,QQQ
2022-09-23,269.3481750488281,275.510009765625,277.8500061035156,272.0199890136719,277.54998779296875,74815200,QQQ
2022-09-26,268.2336730957031,274.3699951171875,279.489990234375,273.55999755859375,275.0299987792969,71176700,QQQ
2022-09-27,268.34124755859375,274.4800109863281,280.2099914550781,272.1099853515625,277.80999755859375,69780100,QQQ
2022-09-28,273.67913818359375,279.94000244140625,281.25,272.95001220703125,274.4599914550781,79652100,QQQ
2022-09-29,265.7895812988281,271.8699951171875,276.25,268.8399963378906,275.8599853515625,81216000,QQQ
2022-09-30,261.2826843261719,267.260009765625,275.19000244140625,267.1000061035156,271.0299987792969,78482400,QQQ
2022-10-03,267.4124450683594,273.5299987792969,275.1600036621094,267.5299987792969,269.07000732421875,61267400,QQQ
2022-10-04,275.8201599121094,282.1300048828125,282.8500061035156,278.989990234375,278.989990234375,66696900,QQQ
2022-10-05,275.6734924316406,281.9800109863281,283.80999755859375,275.4200134277344,278.2799987792969,55766300,QQQ
2022-10-06,273.5031433105469,279.760009765625,284.17999267578125,279.42999267578125,280.9599914550781,53489400,QQQ
2022-10-07,263.08154296875,269.1000061035156,275.1499938964844,267.739990234375,275.0199890136719,71354700,QQQ
2022-10-10,260.45166015625,266.4100036621094,269.70001220703125,263.6400146484375,269.29998779296875,60393000,QQQ
2022-10-11,256.8735656738281,262.75,267.6300048828125,261.0299987792969,264.70001220703125,66522500,QQQ
2022-10-12,256.7856140136719,262.6600036621094,265.3599853515625,261.95001220703125,263.3999938964844,50580200,QQQ
2022-10-13,262.807861328125,268.82000732421875,270.1700134277344,254.25999450683594,255.16000366210938,112894100,QQQ
2022-10-14,254.90847778320312,260.739990234375,271.80999755859375,260.1400146484375,271.20001220703125,77244300,QQQ
2022-10-17,263.3259582519531,269.3500061035156,270.239990234375,266.739990234375,266.8399963378906,64576500,QQQ
2022-10-18,265.4083251953125,271.4800109863281,277.2099914550781,268.739990234375,276.5299987792969,69781000,QQQ
2022-10-19,264.4404296875,270.489990234375,273.67999267578125,268.07000732421875,269.92999267578125,53115400,QQQ
2022-10-20,263.09136962890625,269.1099853515625,274.8399963378906,267.9200134277344,269.5799865722656,60605500,QQQ
2022-10-21,269.2602233886719,275.4200134277344,275.9700012207031,266.82000732421875,267.9800109863281,77897700,QQQ
2022-10-24,272.222412109375,278.45001220703125,279.3999938964844,271.9700012207031,275.69000244140625,63963600,QQQ
2022-10-25,277.8536682128906,284.2099914550781,284.6000061035156,277.8999938964844,279.4100036621094,59014500,QQQ
2022-10-26,271.7140808105469,277.92999267578125,283.9800109863281,277.42999267578125,278.4599914550781,63492400,QQQ
2022-10-27,266.7672424316406,272.8699951171875,278.2799987792969,272.3399963378906,276.7900085449219,57760300,QQQ
2022-10-28,274.93048095703125,281.2200012207031,281.70001220703125,272.05999755859375,272.2300109863281,62651300,QQQ
2022-10-31,271.733642578125,277.95001220703125,279.760009765625,275.989990234375,278.9200134277344,47742000,QQQ
2022-11-01,268.9570617675781,275.1099853515625,282.07000732421875,274.739990234375,281.5,45895900,QQQ
2022-11-02,259.7380065917969,265.67999267578125,278.2099914550781,265.6099853515625,275.0799865722656,79803100,QQQ
2022-11-03,254.66403198242188,260.489990234375,264.5,260.1000061035156,263.010009765625,70038900,QQQ
2022-11-04,258.7604675292969,264.67999267578125,266.6099853515625,259.0799865722656,265.5299987792969,78313200,QQQ
2022-11-07,261.60528564453125,267.5899963378906,268.1400146484375,263.57000732421875,265.75,47333800,QQQ
2022-11-08,263.5116882324219,269.5400085449219,272.8500061035156,265.5199890136719,269.1400146484375,63213800,QQQ
2022-11-09,257.43084716796875,263.32000732421875,268.55999755859375,263.0299987792969,267.760009765625,64862100,QQQ
2022-11-10,276.42633056640625,282.75,283.04998779296875,273.8500061035156,276.010009765625,99256700,QQQ
2022-11-11,281.5197448730469,287.9599914550781,288.6400146484375,281.19000244140625,282.55999755859375,66961800,QQQ
2022-11-14,279.05615234375,285.44000244140625,289.2099914550781,284.44000244140625,285.8599853515625,55290700,QQQ
2022-11-15,282.9177551269531,289.3900146484375,293.260009765625,285.9700012207031,292.2099914550781,73985400,QQQ
2022-11-16,279.05615234375,285.44000244140625,289.4800109863281,284.6000061035156,287.3900146484375,48859800,QQQ
2022-11-17,278.4402160644531,284.80999755859375,286.32000732421875,280.7200012207031,280.8800048828125,55462100,QQQ
2022-11-18,278.4499816894531,284.82000732421875,287.989990234375,282.32000732421875,287.8900146484375,53588600,QQQ
2022-11-21,275.5855407714844,281.8900146484375,284.5799865722656,281.0400085449219,283.3999938964844,40083500,QQQ
2022-11-22,279.5547180175781,285.95001220703125,286.1099853515625,280.4599914550781,282.6400146484375,41873400,QQQ
2022-11-23,282.3605041503906,288.82000732421875,289.4599914550781,285.7900085449219,285.9700012207031,46390000,QQQ
2022-11-25,280.50299072265625,286.9200134277344,287.9100036621094,286.4200134277344,287.19000244140625,15498800,QQQ
2022-11-28,276.3872375488281,282.7099914550781,286.9599914550781,281.760009765625,284.8999938964844,38714200,QQQ
2022-11-29,274.2950134277344,280.57000732421875,283.3500061035156,279.1700134277344,282.94000244140625,35618900,QQQ
2022-11-30,286.7989501953125,293.3599853515625,293.4700012207031,279.9700012207031,280.8399963378906,74718100,QQQ
2022-12-01,287.15093994140625,293.7200012207031,295.75,290.8800048828125,293.69000244140625,51547300,QQQ
2022-12-02,286.007080078125,292.54998779296875,293.45001220703125,288.3599853515625,288.5400085449219,53583200,QQQ
2022-12-05,281.2068786621094,287.6400146484375,291.67999267578125,286.1499938964844,290.3800048828125,41482100,QQQ
2022-12-06,275.38018798828125,281.67999267578125,287.6199951171875,280.260009765625,287.4800109863281,53937600,QQQ
2022-12-07,274.2559509277344,280.5299987792969,282.57000732421875,278.7799987792969,280.4700012207031,45614300,QQQ
2022-12-08,277.5016784667969,283.8500061035156,284.8399963378906,279.7900085449219,281.9100036621094,42594900,QQQ
2022-12-09,275.73211669921875,282.0400085449219,285.6400146484375,281.5899963378906,282.80999755859375,47860500,QQQ
2022-12-12,279.1929626464844,285.5799865722656,285.6400146484375,281.1600036621094,282.2200012207031,35732500,QQQ
2022-12-13,282.1943359375,288.6499938964844,296.8800048828125,285.9100036621094,296.6499938964844,80667700,QQQ
2022-12-14,280.10223388671875,286.510009765625,291.4100036621094,283.19000244140625,288.04998779296875,64984400,QQQ
2022-12-15,270.6973571777344,276.8900146484375,283.010009765625,275.6700134277344,282.3299865722656,60554100,QQQ
2022-12-16,268.1163024902344,274.25,277.7699890136719,272.6099853515625,276.20001220703125,68300400,QQQ
2022-12-19,264.348388671875,269.75,273.9599914550781,268.489990234375,273.8699951171875,44167900,QQQ
2022-12-20,264.1425476074219,269.5400085449219,271.32000732421875,266.95001220703125,268.55999755859375,51064200,QQQ
2022-12-21,267.9743347167969,273.45001220703125,274.7799987792969,269.739990234375,270.6000061035156,46394700,QQQ
2022-12-22,261.4182434082031,266.760009765625,270.510009765625,262.4599914550781,270.3800048828125,60278400,QQQ
2022-12-23,262.00628662109375,267.3599853515625,268.0400085449219,263.5299987792969,265.4700012207031,39373600,QQQ
2022-12-27,258.3018798828125,263.5799865722656,266.8500061035156,263.0299987792969,266.739990234375,38009000,QQQ
2022-12-28,254.89166259765625,260.1000061035156,265.4700012207031,259.7300109863281,263.1700134277344,47139000,QQQ
2022-12-29,261.1047058105469,266.44000244140625,267.3999938964844,262.25,262.9599914550781,45893600,QQQ
2022-12-30,260.94781494140625,266.2799987792969,266.4100036621094,262.2900085449219,263.6199951171875,37858300,QQQ
2023-01-03,259.18389892578125,264.4800109863281,270.1499938964844,262.1300048828125,268.6499938964844,42335300,QQQ
2023-01-04,260.4186096191406,265.739990234375,267.45001220703125,262.5299987792969,266.6400146484375,47754900,QQQ
2023-01-05,256.3419494628906,261.5799865722656,264.2099914550781,261.260009765625,264.0400085449219,45396700,QQQ
2023-01-06,263.41741943359375,268.79998779296875,269.94000244140625,260.3399963378906,263.3500061035156,54659700,QQQ
2023-01-09,265.12255859375,270.5400085449219,275.2900085449219,269.9200134277344,270.8299865722656,45568700,QQQ
2023-01-10,267.3666076660156,272.8299865722656,272.94000244140625,268.9700012207031,269.489990234375,35247800,QQQ
2023-01-11,271.9921875,277.54998779296875,277.6600036621094,273.1199951171875,273.9200134277344,44077000,QQQ
2023-01-12,273.4621887207031,279.04998779296875,280.1000061035156,273.739990234375,278.1199951171875,60600000,QQQ
2023-01-13,275.34368896484375,280.9700012207031,281.2200012207031,276.1600036621094,276.5,44802900,QQQ
2023-01-17,275.9023132324219,281.5400085449219,282.8500061035156,279.5799865722656,280.7699890136719,36269700,QQQ
2023-01-18,272.3155822753906,277.8800048828125,284.69000244140625,277.6700134277344,283.1099853515625,47754500,QQQ
2023-01-19,269.6402282714844,275.1499938964844,277.3800048828125,273.8900146484375,276.2200012207031,44150400,QQQ
2023-01-20,277.0194091796875,282.67999267578125,283.0199890136719,275.7099914550781,276.7900085449219,60613600,QQQ
2023-01-23,283.17376708984375,288.9599914550781,290.2099914550781,282.7300109863281,283.5400085449219,52799900,QQQ
2023-01-24,282.59552001953125,288.3699951171875,289.54998779296875,286.7799987792969,287.30999755859375,44875100,QQQ
2023-01-25,281.9683837890625,287.7300109863281,288.3599853515625,281.17999267578125,283.7699890136719,50872000,QQQ
2023-01-26,287.4659118652344,293.3399963378906,293.5199890136719,288.5199890136719,291.2200012207031,51596300,QQQ
2023-01-27,290.3274841308594,296.260009765625,298.260009765625,291.8800048828125,292.0,56441900,QQQ
2023-01-30,284.4574890136719,290.2699890136719,294.3800048828125,289.8900146484375,292.92999267578125,49405800,QQQ
2023-01-31,288.7203674316406,294.6199951171875,294.7200012207031,290.20001220703125,290.30999755859375,46705100,QQQ
2023-02-01,294.8941955566406,300.9200134277344,303.42999267578125,292.29998779296875,294.4100036621094,67562200,QQQ
2023-02-02,305.4779052734375,311.7200012207031,313.67999267578125,306.7300109863281,307.57000732421875,83070600,QQQ
2023-02-03,300.0488586425781,306.17999267578125,312.3900146484375,304.5400085449219,304.94000244140625,76170800,QQQ
2023-02-06,297.5107116699219,303.5899963378906,305.9100036621094,302.2200012207031,303.510009765625,40802300,QQQ
2023-02-07,303.6747741699219,309.8800048828125,311.0299987792969,302.32000732421875,303.4599914550781,67584000,QQQ
2023-02-08,298.27508544921875,304.3699951171875,309.5,303.6700134277344,308.5400085449219,56720900,QQQ
2023-02-09,295.6390075683594,301.67999267578125,308.989990234375,300.20001220703125,308.8399963378906,49137800,QQQ
2023-02-10,293.6986999511719,299.70001220703125,301.57000732421875,297.25,299.4800109863281,50050100,QQQ
2023-02-13,298.4025573730469,304.5,305.1000061035156,299.92999267578125,301.1300048828125,39636700,QQQ
2023-02-14,300.607421875,306.75,307.7200012207031,300.9100036621094,302.8900146484375,64079100,QQQ
2023-02-15,302.9104309082031,309.1000061035156,309.2699890136719,304.20001220703125,304.8999938964844,43100600,QQQ
2023-02-16,297.22650146484375,303.29998779296875,308.42999267578125,303.1499938964844,304.3800048828125,59498600,QQQ
2023-02-17,295.12945556640625,301.1600036621094,301.92999267578125,298.1000061035156,301.07000732421875,58230700,QQQ
2023-02-21,288.1422119140625,294.0299987792969,298.7300109863281,293.8900146484375,297.260009765625,46526700,QQQ
2023-02-22,288.35784912109375,294.25,296.3599853515625,292.55999755859375,294.6199951171875,51389200,QQQ
2023-02-23,290.8763122558594,296.82000732421875,298.1300048828125,292.54998779296875,297.9700012207031,69294400,QQQ
2023-02-24,286.00579833984375,291.8500061035156,292.9700012207031,290.04998779296875,291.760009765625,74332000,QQQ
2023-02-27,288.053955078125,293.94000244140625,296.489990234375,293.3399963378906,295.07000732421875,48995000,QQQ
2023-02-28,287.68157958984375,293.55999755859375,296.1199951171875,292.9599914550781,293.29998779296875,48243100,QQQ
2023-03-01,285.36883544921875,291.20001220703125,293.92999267578125,290.20001220703125,293.260009765625,58287000,QQQ
2023-03-02,287.7305603027344,293.6099853515625,294.42999267578125,288.3699951171875,288.6600036621094,53565900,QQQ
2023-03-03,293.67901611328125,299.67999267578125,299.9200134277344,294.8699951171875,295.3900146484375,60511500,QQQ
2023-03-06,294.01220703125,300.0199890136719,304.0,299.82000732421875,300.94000244140625,56736300,QQQ
2023-03-07,290.40594482421875,296.3399963378906,301.010009765625,295.7200012207031,300.07000732421875,65955800,QQQ
2023-03-08,291.85626220703125,297.82000732421875,298.42999267578125,294.8800048828125,296.7699890136719,50876300,QQQ
2023-03-09,286.7995910644531,292.6600036621094,300.9800109863281,291.8299865722656,298.3299865722656,71456700,QQQ
2023-03-10,282.77191162109375,288.54998779296875,294.3500061035156,287.3800048828125,292.8299865722656,98593600,QQQ
2023-03-13,284.8690185546875,290.69000244140625,294.4700012207031,285.19000244140625,286.7300109863281,97123600,QQQ
2023-03-14,291.4153137207031,297.3699951171875,297.92999267578125,293.45001220703125,294.30999755859375,73602500,QQQ
2023-03-15,292.9440612792969,298.92999267578125,299.2699890136719,293.239990234375,294.7099914550781,83631500,QQQ
2023-03-16,300.6662292480469,306.80999755859375,307.17999267578125,297.19000244140625,298.0,98198100,QQQ
2023-03-17,299.2452697753906,305.3599853515625,309.1499938964844,303.3699951171875,306.7200012207031,89923700,QQQ
2023-03-20,300.3072509765625,305.9700012207031,306.29998779296875,302.010009765625,304.260009765625,56359500,QQQ
2023-03-21,304.5964050292969,310.3399963378906,310.79998779296875,306.3999938964844,307.94000244140625,49757000,QQQ
2023-03-22,300.4544677734375,306.1199951171875,315.25,305.95001220703125,310.2699890136719,75791900,QQQ
2023-03-23,304.017333984375,309.75,314.1499938964844,307.010009765625,309.9200134277344,74576000,QQQ
2023-03-24,305.1361999511719,310.8900146484375,310.989990234375,306.95001220703125,309.32000732421875,57195200,QQQ
2023-03-27,303.045654296875,308.760009765625,312.70001220703125,307.8900146484375,311.6000061035156,50287400,QQQ
2023-03-28,301.43597412109375,307.1199951171875,308.20001220703125,304.7699890136719,308.1700134277344,48585900,QQQ
2023-03-29,306.9323425292969,312.7200012207031,313.3500061035156,310.04998779296875,310.8800048828125,53274300,QQQ
2023-03-30,309.8375549316406,315.67999267578125,316.32000732421875,312.80999755859375,315.239990234375,58354800,QQQ
2023-03-31,314.99041748046875,320.92999267578125,321.1700134277344,315.6000061035156,315.9100036621094,62138100,QQQ
2023-04-03,314.2248840332031,320.1499938964844,320.4200134277344,317.4200134277344,318.7699890136719,47126800,QQQ
2023-04-04,313.1647644042969,319.07000732421875,321.6300048828125,317.8299865722656,320.6000061035156,45875400,QQQ
2023-04-05,310.0731201171875,315.9200134277344,319.05999755859375,314.07000732421875,318.1000061035156,62795700,QQQ
2023-04-06,312.1636657714844,318.04998779296875,318.54998779296875,312.82000732421875,314.239990234375,46916500,QQQ
2023-04-10,311.9870300292969,317.8699951171875,317.9200134277344,313.25,315.07000732421875,45134700,QQQ
2023-04-11,309.9847717285156,315.8299865722656,317.8900146484375,315.30999755859375,317.8299865722656,40113600,QQQ
2023-04-12,307.24639892578125,313.0400085449219,318.4200134277344,312.57000732421875,317.82000732421875,62813300,QQQ
2023-04-13,313.2629699707031,319.1700134277344,319.6499938964844,313.6300048828125,314.8299865722656,54613800,QQQ
2023-04-14,312.674072265625,318.57000732421875,320.3599853515625,315.6099853515625,317.5899963378906,56278300,QQQ
2023-04-17,312.9390563964844,318.8399963378906,319.20001220703125,316.0400085449219,318.1499938964844,43007000,QQQ
2023-04-18,312.9586181640625,318.8599853515625,321.4200134277344,317.6400146484375,320.989990234375,46746900,QQQ
2023-04-19,312.8114929199219,318.7099914550781,319.7900085449219,316.2799987792969,316.4100036621094,38960100,QQQ
2023-04-20,310.4264221191406,316.2799987792969,319.2699890136719,314.9700012207031,315.69000244140625,62462100,QQQ
2023-04-21,310.75030517578125,316.6099853515625,317.3999938964844,314.1000061035156,315.9100036621094,59002300,QQQ
2023-04-24,310.10260009765625,315.95001220703125,317.739990234375,313.739990234375,316.3800048828125,44043100,QQQ
2023-04-25,304.25286865234375,309.989990234375,314.9700012207031,309.8900146484375,314.2900085449219,57121600,QQQ
2023-04-26,306.09808349609375,311.8699951171875,314.94000244140625,311.3399963378906,313.44000244140625,55400500,QQQ
2023-04-27,314.42120361328125,320.3500061035156,320.8599853515625,315.04998779296875,315.70001220703125,65430400,QQQ
2023-04-28,316.5902099609375,322.55999755859375,322.6499938964844,318.9599914550781,320.1099853515625,59712600,QQQ
2023-05-01,316.2271423339844,322.19000244140625,323.6300048828125,321.0899963378906,322.0899963378906,41013400,QQQ
2023-05-02,313.4690856933594,319.3800048828125,322.45001220703125,317.6099853515625,322.1199951171875,56519400,QQQ
2023-05-03,311.4177551269531,317.2900085449219,322.4700012207031,317.17999267578125,319.75,59882100,QQQ
2023-05-04,310.3185119628906,316.1700134277344,318.2300109863281,315.1199951171875,317.05999755859375,50224500,QQQ
2023-05-05,316.91412353515625,322.8900146484375,323.760009765625,316.2099914550781,318.4700012207031,51806100,QQQ
2023-05-08,317.6993103027344,323.69000244140625,324.0400085449219,321.32000732421875,322.4200134277344,36465800,QQQ
2023-05-09,315.68719482421875,321.6400146484375,322.8800048828125,321.32000732421875,322.0,31768800,QQQ
2023-05-10,319.1224670410156,325.1400146484375,326.010009765625,321.6000061035156,324.1199951171875,60446600,QQQ
2023-05-11,320.162841796875,326.20001220703125,326.75,324.1199951171875,325.70001220703125,44278500,QQQ
2023-05-12,319.01446533203125,325.0299987792969,327.1700134277344,322.94000244140625,326.739990234375,48432800,QQQ
2023-05-15,320.741943359375,326.7900085449219,327.0299987792969,323.9599914550781,325.510009765625,33375600,QQQ
2023-05-16,321.1051025390625,327.1600036621094,328.8999938964844,326.0199890136719,326.05999755859375,40019200,QQQ
2023-05-17,324.9918212890625,331.1199951171875,331.7099914550781,327.0400085449219,328.239990234375,47486100,QQQ
2023-05-18,331.02801513671875,337.2699890136719,337.489990234375,331.5,331.5199890136719,64213500,QQQ
2023-05-19,330.281982421875,336.510009765625,338.2099914550781,335.42999267578125,337.489990234375,61554900,QQQ
2023-05-22,331.39117431640625,337.6400146484375,338.6700134277344,336.239990234375,336.25,43015900,QQQ
2023-05-23,327.19036865234375,333.3599853515625,337.05999755859375,333.0,335.8900146484375,48216700,QQQ
2023-05-24,325.511962890625,331.6499938964844,332.9100036621094,329.55999755859375,331.3699951171875,62891200,QQQ
2023-05-25,333.4326477050781,339.7200012207031,341.010009765625,336.6700134277344,339.1400146484375,66862800,QQQ
2023-05-26,341.95196533203125,348.3999938964844,349.25,340.6600036621094,340.760009765625,63007000,QQQ
2023-05-30,343.50274658203125,349.9800109863281,353.92999267578125,348.5299987792969,352.7099914550781,72652200,QQQ
2023-05-31,341.5495910644531,347.989990234375,350.6000061035156,346.510009765625,348.3699951171875,65105400,QQQ
2023-06-01,345.49517822265625,352.010009765625,353.3599853515625,346.6600036621094,347.7300109863281,50488600,QQQ
2023-06-02,348.0863037109375,354.6499938964844,355.8299865722656,352.010009765625,353.79998779296875,53372100,QQQ
2023-06-05,348.33172607421875,354.8999938964844,357.5,353.8500061035156,354.42999267578125,47266200,QQQ
2023-06-06,348.2728271484375,354.8399963378906,355.82000732421875,352.92999267578125,354.2799987792969,41390400,QQQ
2023-06-07,342.3642578125,348.82000732421875,357.1199951171875,348.17999267578125,355.1300048828125,69225900,QQQ
2023-06-08,346.6141357421875,353.1499938964844,353.6199951171875,348.8900146484375,349.1199951171875,47153900,QQQ
2023-06-09,347.9391784667969,354.5,357.6600036621094,353.0299987792969,354.6300048828125,53196900,QQQ
2023-06-12,353.81817626953125,360.489990234375,360.5899963378906,355.20001220703125,356.19000244140625,44606500,QQQ
2023-06-13,356.5369567871094,363.260009765625,364.1099853515625,360.0299987792969,363.2900085449219,57097800,QQQ
2023-06-14,359.12811279296875,365.8999938964844,366.19000244140625,360.4200134277344,363.2699890136719,69525600,QQQ
2023-06-15,363.40740966796875,370.260009765625,371.7699890136719,363.9800109863281,364.6099853515625,71138800,QQQ
2023-06-16,361.12054443359375,367.92999267578125,372.8500061035156,367.4800109863281,372.7200012207031,80932000,QQQ
2023-06-20,360.6035461425781,366.8999938964844,368.32000732421875,363.8900146484375,365.95001220703125,49204700,QQQ
2023-06-21,355.6893310546875,361.8999938964844,366.17999267578125,360.9599914550781,365.739990234375,53378300,QQQ
2023-06-22,359.8861083984375,366.1700134277344,366.3299865722656,360.2200012207031,360.6300048828125,47603000,QQQ
2023-06-23,356.3184509277344,362.5400085449219,364.8800048828125,360.82000732421875,362.2099914550781,48922900,QQQ
2023-06-26,351.54180908203125,357.67999267578125,364.8399963378906,357.5899963378906,362.0,52685500,QQQ
2023-06-27,357.58624267578125,363.8299865722656,364.57000732421875,358.510009765625,359.25,49428100,QQQ
2023-06-28,358.28411865234375,364.5400085449219,366.5199890136719,361.8999938964844,361.9800109863281,46498000,QQQ
2023-06-29,357.5665588378906,363.80999755859375,364.8900146484375,362.1400146484375,364.239990234375,46151000,QQQ
2023-06-30,363.0804138183594,369.4200134277344,370.489990234375,367.2300109863281,367.54998779296875,58712500,QQQ
2023-07-03,363.93536376953125,370.2900085449219,370.92999267578125,368.9700012207031,370.07000732421875,19432900,QQQ
2023-07-05,363.92559814453125,370.2799987792969,372.010009765625,368.6600036621094,368.70001220703125,34460900,QQQ
2023-07-06,361.1539611816406,367.4599914550781,367.9100036621094,364.5199890136719,366.510009765625,49374700,QQQ
2023-07-07,359.95489501953125,366.239990234375,370.4800109863281,366.010009765625,367.2300109863281,47133700,QQQ
2023-07-10,360.07281494140625,366.3599853515625,367.04998779296875,363.4100036621094,365.9599914550781,48498800,QQQ
2023-07-11,361.8517761230469,368.1700134277344,368.6300048828125,364.6199951171875,366.7900085449219,38214100,QQQ
2023-07-12,366.4219970703125,372.82000732421875,374.19000244140625,370.29998779296875,372.3399963378906,61975400,QQQ
2023-07-13,372.64337158203125,379.1499938964844,379.989990234375,375.4599914550781,376.04998779296875,46960000,QQQ
2023-07-14,372.5647888183594,379.07000732421875,382.8599853515625,378.17999267578125,379.5899963378906,55148500,QQQ
2023-07-17,376.0439147949219,382.6099853515625,383.5,379.30999755859375,379.79998779296875,40868900,QQQ
2023-07-18,379.1202697753906,385.739990234375,387.1300048828125,380.0,381.9599914550781,55262000,QQQ
2023-07-19,379.03179931640625,385.6499938964844,387.9800109863281,384.29998779296875,386.82000732421875,54093000,QQQ
2023-07-20,370.2944030761719,376.760009765625,384.1000061035156,375.7200012207031,382.6099853515625,71941700,QQQ
2023-07-21,369.18377685546875,375.6300048828125,379.9200134277344,375.19000244140625,379.17999267578125,60499600,QQQ
2023-07-24,369.77349853515625,376.2300109863281,377.5799865722656,374.3399963378906,376.6199951171875,40380100,QQQ
2023-07-25,372.2796936035156,378.7799987792969,380.4700012207031,376.92999267578125,376.95001220703125,38894400,QQQ
2023-07-26,371.041259765625,377.5199890136719,379.239990234375,375.17999267578125,377.7200012207031,47075700,QQQ
2023-07-27,370.15673828125,376.6199951171875,384.7099914550781,375.30999755859375,383.07000732421875,63940200,QQQ
2023-07-28,376.8990173339844,383.4800109863281,384.5199890136719,380.2200012207031,380.739990234375,56902900,QQQ
2023-07-31,377.0956115722656,383.67999267578125,384.8800048828125,382.3399963378906,383.7900085449219,44019900,QQQ
2023-08-01,376.2209167480469,382.7900085449219,383.55999755859375,380.69000244140625,382.30999755859375,41060600,QQQ
2023-08-02,367.965087890625,374.3900146484375,379.260009765625,373.1300048828125,379.260009765625,72687100,QQQ
2023-08-03,367.3753662109375,373.7900085449219,375.95001220703125,371.7699890136719,371.94000244140625,47666400,QQQ
2023-08-04,365.65533447265625,372.0400085449219,378.1000061035156,371.5299987792969,375.75,61702800,QQQ
2023-08-07,368.7513122558594,375.19000244140625,375.2900085449219,371.510009765625,373.8800048828125,37230400,QQQ
2023-08-08,365.6160888671875,372.0,372.6600036621094,368.82000732421875,372.6400146484375,44726500,QQQ
2023-08-09,361.5962219238281,367.9100036621094,372.45001220703125,367.1400146484375,372.2900085449219,51150900,QQQ
2023-08-10,362.2646179199219,368.5899963378906,374.3599853515625,367.0400085449219,370.9700012207031,72035300,QQQ
2023-08-11,359.95489501953125,366.239990234375,368.0,364.69000244140625,365.989990234375,48707200,QQQ
2023-08-14,363.9943542480469,370.3500061035156,370.4700012207031,364.70001220703125,365.42999267578125,42130800,QQQ
2023-08-15,360.1318664550781,366.4200134277344,370.1700134277344,365.739990234375,369.3599853515625,45539900,QQQ
2023-08-16,356.3184509277344,362.5400085449219,367.42999267578125,362.44000244140625,365.8699951171875,53190500,QQQ
2023-08-17,352.4263916015625,358.5799865722656,364.30999755859375,358.1600036621094,363.9599914550781,62604300,QQQ
2023-08-18,351.9841003417969,358.1300048828125,359.4100036621094,354.7099914550781,355.260009765625,61191400,QQQ
2023-08-21,357.6549987792969,363.8999938964844,364.5899963378906,359.1499938964844,359.6199951171875,50696500,QQQ
2023-08-22,357.1439514160156,363.3800048828125,366.55999755859375,362.67999267578125,366.54998779296875,44530200,QQQ
2023-08-23,362.77569580078125,369.1099853515625,370.2200012207031,364.3599853515625,364.5799865722656,51770600,QQQ
2023-08-24,355.02105712890625,361.2200012207031,372.739990234375,361.010009765625,372.6400146484375,66842500,QQQ
2023-08-25,357.7729797363281,364.0199890136719,365.739990234375,358.5799865722656,362.07000732421875,69960500,QQQ
2023-08-28,360.46600341796875,366.760009765625,367.7099914550781,364.25,366.989990234375,40910000,QQQ
2023-08-29,368.3385009765625,374.7699890136719,375.1300048828125,366.2300109863281,366.55999755859375,58492400,QQQ
2023-08-30,370.39263916015625,376.8599853515625,377.45001220703125,373.8599853515625,374.8800048828125,41731500,QQQ
2023-08-31,371.5032653808594,377.989990234375,379.7200012207031,376.8699951171875,376.94000244140625,35730700,QQQ
2023-09-01,371.11016845703125,377.5899963378906,380.8299865722656,376.0799865722656,380.3999938964844,39801200,QQQ
2023-09-05,371.5819396972656,378.07000732421875,379.30999755859375,375.8299865722656,376.7699890136719,32344200,QQQ
2023-09-06,368.30902099609375,374.739990234375,377.6300048828125,372.70001220703125,377.2799987792969,42998700,QQQ
2023-09-07,365.675048828125,372.05999755859375,372.8500061035156,369.1499938964844,370.2099914550781,52060700,QQQ
2023-09-08,366.18609619140625,372.5799865722656,374.8500061035156,371.6000061035156,372.010009765625,35800100,QQQ
2023-09-11,370.5007629394531,376.9700012207031,377.489990234375,373.6600036621094,375.6600036621094,39936600,QQQ
2023-09-12,366.3924865722656,372.7900085449219,376.95001220703125,372.5,375.2699890136719,41391000,QQQ
2023-09-13,367.78814697265625,374.2099914550781,375.8399963378906,371.8800048828125,373.0299987792969,46300700,QQQ
2023-09-14,370.79559326171875,377.2699890136719,378.2699890136719,373.8900146484375,375.989990234375,48039400,QQQ
2023-09-15,364.446533203125,370.80999755859375,376.32000732421875,369.8599853515625,375.9100036621094,69811200,QQQ
2023-09-18,364.826416015625,370.6600036621094,371.7900085449219,369.0299987792969,369.32000732421875,36903500,QQQ
2023-09-19,364.048828125,369.8699951171875,370.67999267578125,366.79998779296875,369.32000732421875,37621700,QQQ
2023-09-20,358.8027648925781,364.5400085449219,371.30999755859375,364.4599914550781,370.95001220703125,45514200,QQQ
2023-09-21,352.2279052734375,357.8599853515625,361.6000061035156,357.69000244140625,360.79998779296875,69734800,QQQ
2023-09-22,352.277099609375,357.9100036621094,361.79998779296875,357.5899963378906,359.6300048828125,51589700,QQQ
2023-09-25,353.9503173828125,359.6099853515625,359.70001220703125,355.92999267578125,356.92999267578125,39168000,QQQ
2023-09-26,348.6352844238281,354.2099914550781,357.5400085449219,353.2099914550781,356.989990234375,53657700,QQQ
2023-09-27,349.4522399902344,355.0400085449219,356.9800109863281,351.3599853515625,355.3800048828125,56066000,QQQ
2023-09-28,352.3755187988281,358.010009765625,360.1700134277344,353.239990234375,354.1099853515625,56453300,QQQ
2023-09-29,352.6313781738281,358.2699890136719,362.95001220703125,357.0199890136719,361.5400085449219,64829600,QQQ
2023-10-02,355.5743713378906,361.260009765625,362.67999267578125,357.9200134277344,358.5400085449219,51625100,QQQ
2023-10-03,349.3341369628906,354.9200134277344,361.010009765625,353.2799987792969,358.7799987792969,60478500,QQQ
2023-10-04,354.088134765625,359.75,360.6099853515625,355.29998779296875,355.7699890136719,54786700,QQQ
2023-10-05,353.0447998046875,358.69000244140625,360.1499938964844,355.1400146484375,359.739990234375,45897400,QQQ
2023-10-06,358.9601745605469,364.70001220703125,365.9100036621094,354.8500061035156,355.6499938964844,75049100,QQQ
2023-10-09,360.7908935546875,366.55999755859375,367.1099853515625,360.7799987792969,362.29998779296875,45304800,QQQ
2023-10-10,362.7890319824219,368.5899963378906,371.2799987792969,366.3900146484375,366.8999938964844,46968800,QQQ
2023-10-11,365.3775634765625,371.2200012207031,371.4100036621094,368.19000244140625,369.94000244140625,38215100,QQQ
2023-10-12,364.1079406738281,369.92999267578125,373.739990234375,367.5,371.7300109863281,49587900,QQQ
2023-10-13,359.5310974121094,365.2799987792969,371.1600036621094,363.8599853515625,370.57000732421875,52469900,QQQ
2023-10-16,363.5960998535156,369.4100036621094,370.4800109863281,366.4700012207031,366.6199951171875,44201100,QQQ
2023-10-17,362.4051208496094,368.20001220703125,369.9200134277344,363.6600036621094,365.80999755859375,50999100,QQQ
2023-10-18,357.65118408203125,363.3699951171875,367.9100036621094,362.0199890136719,365.6700134277344,54280500,QQQ
2023-10-19,354.30462646484375,359.9700012207031,366.0199890136719,359.1600036621094,364.80999755859375,72274200,QQQ
2023-10-20,349.01922607421875,354.6000061035156,360.0400085449219,354.3699951171875,359.4599914550781,72559700,QQQ
2023-10-23,350.0723571777344,355.6700134277344,359.260009765625,351.1199951171875,353.260009765625,60665200,QQQ
2023-10-24,353.47784423828125,359.1300048828125,359.9100036621094,355.7900085449219,357.510009765625,47082100,QQQ
2023-10-25,344.8262023925781,350.3399963378906,356.8800048828125,349.75,356.70001220703125,71190500,QQQ
2023-10-26,338.2513732910156,343.6600036621094,350.07000732421875,342.3500061035156,349.1199951171875,78621400,QQQ
2023-10-27,339.8753356933594,345.30999755859375,348.8399963378906,344.0799865722656,346.42999267578125,63476700,QQQ
2023-10-30,343.70416259765625,349.20001220703125,350.5400085449219,346.45001220703125,347.8299865722656,55298500,QQQ
2023-10-31,345.3479309082031,350.8699951171875,351.25,346.6199951171875,349.2300109863281,47671900,QQQ
2023-11-01,351.342041015625,356.9599914550781,357.5299987792969,351.6199951171875,351.7200012207031,58992700,QQQ
2023-11-02,357.72003173828125,363.44000244140625,363.67999267578125,360.29998779296875,361.5400085449219,58162400,QQQ
2023-11-03,361.9228210449219,367.7099914550781,369.0199890136719,364.5199890136719,364.75,53280500,QQQ
2023-11-06,363.399169921875,369.2099914550781,369.7799987792969,366.9100036621094,368.489990234375,38848700,QQQ
2023-11-07,366.83428955078125,372.70001220703125,373.5799865722656,369.04998779296875,370.2699890136719,50777400,QQQ
2023-11-08,367.07049560546875,372.94000244140625,373.7900085449219,370.6199951171875,373.0799865722656,35663400,QQQ
2023-11-09,364.2456970214844,370.07000732421875,374.79998779296875,369.57000732421875,373.6400146484375,53859400,QQQ
2023-11-10,372.4347839355469,378.3900146484375,378.5400085449219,371.2799987792969,371.82000732421875,58309800,QQQ
2023-11-13,371.2732238769531,377.2099914550781,378.2799987792969,375.239990234375,376.7900085449219,40733500,QQQ
2023-11-14,379.26556396484375,385.3299865722656,386.260009765625,383.17999267578125,383.7099914550781,67792600,QQQ
2023-11-15,379.5509948730469,385.6199951171875,387.75,384.239990234375,387.25,54141400,QQQ
2023-11-16,379.87579345703125,385.95001220703125,386.19000244140625,383.55999755859375,384.8399963378906,45343500,QQQ
2023-11-17,379.9643859863281,386.0400085449219,387.07000732421875,384.2900085449219,385.2099914550781,46571900,QQQ
2023-11-20,384.5903015136719,390.739990234375,391.4100036621094,386.04998779296875,386.04998779296875,44429600,QQQ
2023-11-21,382.35614013671875,388.4700012207031,389.2300109863281,386.70001220703125,389.010009765625,43337000,QQQ
2023-11-22,383.9210510253906,390.05999755859375,393.07000732421875,389.0400085449219,390.57000732421875,44121000,QQQ
2023-11-24,383.3797607421875,389.510009765625,390.25,388.5,389.6499938964844,15718800,QQQ
2023-11-27,383.04510498046875,389.1700134277344,391.1499938964844,388.2799987792969,389.010009765625,34139700,QQQ
2023-11-28,384.0490417480469,390.19000244140625,390.7799987792969,388.04998779296875,388.4100036621094,35491100,QQQ
2023-11-29,383.6749267578125,389.80999755859375,394.1400146484375,389.4599914550781,392.69000244140625,38811700,QQQ
2023-11-30,382.7104187011719,388.8299865722656,390.54998779296875,385.82000732421875,390.0799865722656,52834400,QQQ
2023-12-01,383.8029479980469,389.94000244140625,390.5400085449219,386.07000732421875,387.75,40490100,QQQ
2023-12-04,380.23992919921875,386.32000732421875,386.6000061035156,382.6600036621094,386.0899963378906,51186900,QQQ
2023-12-05,381.1947326660156,387.2900085449219,388.5,384.2099914550781,384.3900146484375,42933000,QQQ
2023-12-06,378.98992919921875,385.04998779296875,390.3699951171875,384.70001220703125,390.2699890136719,41994100,QQQ
2023-12-07,384.2852478027344,390.42999267578125,391.2699890136719,386.9599914550781,388.07000732421875,49593500,QQQ
2023-12-08,385.9978942871094,392.1700134277344,392.6199951171875,388.4800109863281,388.6700134277344,46687500,QQQ
2023-12-11,389.29510498046875,395.5199890136719,395.7900085449219,391.5299987792969,391.739990234375,41198000,QQQ
2023-12-12,392.3956298828125,398.6700134277344,398.7900085449219,394.4100036621094,395.55999755859375,39221200,QQQ
2023-12-13,397.3857116699219,403.739990234375,404.3599853515625,398.8399963378906,399.6199951171875,55408100,QQQ
2023-12-14,397.04132080078125,403.3900146484375,406.29998779296875,400.3399963378906,404.9800109863281,55447800,QQQ
2023-12-15,398.9605712890625,405.3399963378906,406.5400085449219,403.57000732421875,404.17999267578125,62896600,QQQ
2023-12-18,401.4734802246094,407.0799865722656,407.989990234375,404.6000061035156,404.92999267578125,46610000,QQQ
2023-12-19,403.5248718261719,409.1600036621094,409.2799987792969,407.3500061035156,407.5400085449219,35711900,QQQ
2023-12-20,397.5285949707031,403.0799865722656,410.4700012207031,402.8999938964844,408.3500061035156,54042400,QQQ
2023-12-21,402.15399169921875,407.7699890136719,408.1400146484375,404.4700012207031,407.05999755859375,45568900,QQQ
2023-12-22,402.7555847167969,408.3800048828125,409.9700012207031,406.4800109863281,409.0,34314000,QQQ
2023-12-26,405.2211608886719,410.8800048828125,411.55999755859375,409.1499938964844,409.25,22722500,QQQ
2023-12-27,406.04608154296875,411.5,411.7900085449219,410.0799865722656,410.95001220703125,31980500,QQQ
2023-12-28,405.8487243652344,411.29998779296875,412.9200134277344,410.94000244140625,412.6700134277344,27029200,QQQ
2023-12-29,404.0923156738281,409.5199890136719,411.6400146484375,407.5799865722656,411.2799987792969,42662100,QQQ
2024-01-02,397.2541809082031,402.5899963378906,406.0899963378906,400.239990234375,405.8399963378906,58026900,QQQ
2024-01-03,393.0506896972656,398.3299865722656,401.0,397.8900146484375,399.92999267578125,47002800,QQQ
2024-01-04,391.0278625488281,396.2799987792969,399.5899963378906,396.05999755859375,396.44000244140625,39432800,QQQ
2024-01-05,391.4916076660156,396.75,399.55999755859375,395.3399963378906,396.45001220703125,44922800,QQQ
2024-01-08,399.5829162597656,404.95001220703125,405.239990234375,397.8399963378906,397.989990234375,42473800,QQQ
2024-01-09,400.372314453125,405.75,406.69000244140625,401.7099914550781,401.9100036621094,39132900,QQQ
2024-01-10,403.08587646484375,408.5,409.5199890136719,405.1700134277344,406.07000732421875,33962800,QQQ
2024-01-11,403.9245910644531,409.3500061035156,411.20001220703125,404.239990234375,409.7900085449219,54536200,QQQ
2024-01-12,404.13177490234375,409.55999755859375,411.25,408.1499938964844,410.3999938964844,39595000,QQQ
2024-01-16,404.0923156738281,409.5199890136719,411.1199951171875,406.8299865722656,408.30999755859375,43903000,QQQ
2024-01-17,401.81292724609375,407.2099914550781,407.5899963378906,402.9200134277344,406.1700134277344,54386000,QQQ
2024-01-18,407.5163269042969,412.989990234375,413.5799865722656,409.1600036621094,410.5199890136719,59562500,QQQ
2024-01-19,415.5977783203125,421.17999267578125,421.3399963378906,414.6300048828125,415.2200012207031,70325100,QQQ
2024-01-22,416.1405334472656,421.7300109863281,424.7300109863281,421.1199951171875,423.4100036621094,44880600,QQQ
2024-01-23,417.8673400878906,423.4800109863281,423.70001220703125,420.57000732421875,422.42999267578125,33003800,QQQ
2024-01-24,420.1861572265625,425.8299865722656,429.8500061035156,425.3299865722656,427.44000244140625,46948000,QQQ
2024-01-25,420.69927978515625,426.3500061035156,429.0400085449219,423.9800109863281,428.3599853515625,44367200,QQQ
2024-01-26,418.1929931640625,423.80999755859375,426.2099914550781,423.1499938964844,424.44000244140625,37137000,QQQ
2024-01-29,422.47540283203125,428.1499938964844,428.3500061035156,423.6099853515625,424.2699890136719,38694700,QQQ
2024-01-30,419.6632080078125,425.29998779296875,427.67999267578125,424.3800048828125,427.1000061035156,36739000,QQQ
2024-01-31,411.443603515625,416.9700012207031,422.8699951171875,416.7900085449219,420.8500061035156,64010600,QQQ
2024-02-01,416.28851318359375,421.8800048828125,422.3800048828125,417.80999755859375,418.7900085449219,51008600,QQQ
2024-02-02,423.32403564453125,429.010009765625,430.239990234375,422.7900085449219,423.79998779296875,59602400,QQQ
2024-02-05,422.7713928222656,428.45001220703125,429.6099853515625,425.0,429.07000732421875,39889200,QQQ
2024-02-06,421.9228210449219,427.5899963378906,430.2200012207031,425.2200012207031,429.6099853515625,35846100,QQQ
2024-02-07,426.2645263671875,431.989990234375,432.8299865722656,429.0899963378906,430.4100036621094,37712700,QQQ
2024-02-08,427.0539245605469,432.7900085449219,433.55999755859375,431.4200134277344,432.1099853515625,29889900,QQQ
2024-02-09,431.2574157714844,437.04998779296875,437.8500061035156,433.1400146484375,433.94000244140625,36943900,QQQ
2024-02-12,429.57012939453125,435.3399963378906,439.1400146484375,434.6499938964844,436.94000244140625,33203300,QQQ
2024-02-13,422.87017822265625,428.54998779296875,431.2699890136719,425.3299865722656,427.2799987792969,64491700,QQQ
2024-02-14,427.4782409667969,433.2200012207031,433.6499938964844,428.8800048828125,431.260009765625,45092700,QQQ
2024-02-15,428.75115966796875,434.510009765625,434.9800109863281,431.3299865722656,433.9200134277344,38796100,QQQ
2024-02-16,424.86334228515625,430.57000732421875,434.989990234375,429.8500061035156,434.8900146484375,53716500,QQQ
2024-02-20,421.6564025878906,427.32000732421875,430.0799865722656,423.5,428.54998779296875,53999500,QQQ
2024-02-21,419.9691162109375,425.6099853515625,425.70001220703125,421.6300048828125,424.54998779296875,49779000,QQQ
2024-02-22,432.26397705078125,438.07000732421875,439.1199951171875,433.7099914550781,434.489990234375,53887800,QQQ
2024-02-23,430.9910583496094,436.7799987792969,440.5899963378906,435.7900085449219,439.6499938964844,39853900,QQQ
2024-02-26,430.76409912109375,436.54998779296875,438.6000061035156,436.3599853515625,437.6000061035156,33043200,QQQ
2024-02-27,431.8001708984375,437.6000061035156,437.989990234375,435.0299987792969,437.6700134277344,33713200,QQQ
2024-02-28,429.5010070800781,435.2699890136719,436.6700134277344,434.29998779296875,435.42999267578125,32938800,QQQ
2024-02-29,433.181640625,439.0,440.0899963378906,435.0199890136719,438.2300109863281,42495200,QQQ
2024-03-01,439.7039794921875,445.6099853515625,446.5799865722656,439.8399963378906,439.8999938964844,43853000,QQQ
2024-03-04,438.13507080078125,444.0199890136719,446.0400085449219,443.7699890136719,445.6099853515625,34325700,QQQ
2024-03-05,430.27069091796875,436.04998779296875,440.95001220703125,433.6499938964844,440.94000244140625,57917100,QQQ
2024-03-06,432.9743957519531,438.7900085449219,441.989990234375,436.8900146484375,440.32000732421875,46234500,QQQ
2024-03-07,439.546142578125,445.45001220703125,446.7200012207031,440.8599853515625,442.4200134277344,44526700,QQQ
2024-03-08,433.2013244628906,439.0199890136719,448.6400146484375,438.3399963378906,445.80999755859375,72096000,QQQ
2024-03-11,431.593017578125,437.3900146484375,438.6600036621094,435.44000244140625,437.510009765625,45860000,QQQ
2024-03-12,437.7798767089844,443.6600036621094,444.0199890136719,436.4599914550781,439.7300109863281,55300900,QQQ
2024-03-13,434.4150695800781,440.25,442.6700134277344,439.1199951171875,442.6499938964844,37928700,QQQ
2024-03-14,433.31976318359375,439.1400146484375,442.0299987792969,436.3900146484375,441.5,52195200,QQQ
2024-03-15,428.1689453125,433.9200134277344,438.8699951171875,432.739990234375,436.07000732421875,73069800,QQQ
2024-03-18,432.2525939941406,437.4800109863281,441.0400085449219,437.239990234375,438.7300109863281,47323800,QQQ
2024-03-19,433.32958984375,438.57000732421875,438.9800109863281,433.3299865722656,435.45001220703125,43004100,QQQ
2024-03-20,438.4673767089844,443.7699890136719,444.1099853515625,438.05999755859375,439.7799987792969,43653500,QQQ
2024-03-21,440.54229736328125,445.8699951171875,449.3399963378906,445.6700134277344,448.8800048828125,39345700,QQQ
2024-03-22,441.0462341308594,446.3800048828125,447.489990234375,444.489990234375,445.3500061035156,28253900,QQQ
2024-03-25,439.4456481933594,444.760009765625,446.260009765625,442.5400085449219,443.54998779296875,27789200,QQQ
2024-03-26,438.02276611328125,443.32000732421875,447.2300109863281,443.0899963378906,446.29998779296875,34142000,QQQ
2024-03-27,439.5147399902344,444.8299865722656,446.5400085449219,441.92999267578125,446.44000244140625,41359200,QQQ
2024-03-28,438.7046203613281,444.010009765625,445.6400146484375,443.6499938964844,444.7799987792969,36839600,QQQ
2024-04-01,439.6333312988281,444.95001220703125,447.5299987792969,443.0199890136719,444.9700012207031,38729000,QQQ
2024-04-02,435.8392028808594,441.1099853515625,441.42999267578125,438.0299987792969,440.0799865722656,44259700,QQQ
2024-04-03,436.8173522949219,442.1000061035156,444.0,438.95001220703125,438.9599914550781,39949800,QQQ
2024-04-04,430.1381530761719,435.3399963378906,446.95001220703125,435.1099853515625,446.3299865722656,57267700,QQQ
2024-04-05,435.20684814453125,440.4700012207031,443.1700134277344,435.9599914550781,436.7799987792969,54744600,QQQ
2024-04-08,435.3352966308594,440.6000061035156,442.5,439.20001220703125,441.4100036621094,28144900,QQQ
2024-04-09,436.9458923339844,442.2300109863281,443.239990234375,437.44000244140625,442.9599914550781,39443600,QQQ
2024-04-10,433.1319580078125,438.3699951171875,439.239990234375,436.2799987792969,437.0,61502200,QQQ
2024-04-11,440.0483093261719,445.3699951171875,446.3299865722656,437.9599914550781,440.260009765625,45474600,QQQ
2024-04-12,433.0331115722656,438.2699890136719,442.239990234375,436.8800048828125,441.1000061035156,53665000,QQQ
2024-04-15,425.9093322753906,431.05999755859375,442.1499938964844,430.2099914550781,442.05999755859375,63453600,QQQ
2024-04-16,425.9488220214844,431.1000061035156,433.760009765625,429.70001220703125,430.8999938964844,47619000,QQQ
2024-04-17,420.75164794921875,425.8399963378906,433.1199951171875,424.8999938964844,433.1000061035156,56880500,QQQ
2024-04-18,418.3507080078125,423.4100036621094,428.239990234375,422.8299865722656,426.489990234375,46549400,QQQ
2024-04-19,409.6953430175781,414.6499938964844,422.75,413.07000732421875,422.2200012207031,75231000,QQQ
2024-04-22,413.8155822753906,418.82000732421875,421.17999267578125,413.94000244140625,417.30999755859375,47807700,QQQ
2024-04-23,419.9908752441406,425.07000732421875,426.2799987792969,418.8699951171875,420.7699890136719,44384700,QQQ
2024-04-24,421.4136962890625,426.510009765625,429.7300109863281,424.20001220703125,428.20001220703125,48440300,QQQ
2024-04-25,419.3782958984375,424.45001220703125,425.32000732421875,418.1400146484375,419.239990234375,57392200,QQQ
2024-04-26,425.8500061035156,431.0,432.54998779296875,426.9200134277344,427.6199951171875,41874900,QQQ
2024-04-29,427.5791015625,432.75,433.760009765625,429.9800109863281,433.1300048828125,30022200,QQQ
2024-04-30,419.5166320800781,424.5899963378906,432.55999755859375,424.510009765625,431.1499938964844,43665900,QQQ
2024-05-01,416.4832763671875,421.5199890136719,430.1400146484375,420.6600036621094,423.1499938964844,52251700,QQQ
2024-05-02,421.79901123046875,426.8999938964844,427.80999755859375,420.6300048828125,425.29998779296875,36559000,QQQ
2024-05-03,430.2764587402344,435.4800109863281,436.4800109863281,432.6199951171875,434.44000244140625,48515300,QQQ
2024-05-06,434.9894714355469,440.25,440.3399963378906,436.5199890136719,437.29998779296875,30227200,QQQ
2024-05-07,435.0586242675781,440.32000732421875,441.9700012207031,439.5799865722656,440.70001220703125,30996100,QQQ
2024-05-08,434.8017578125,440.05999755859375,441.4800109863281,437.54998779296875,437.6700134277344,24896700,QQQ
2024-05-09,435.750244140625,441.0199890136719,441.6000061035156,438.4599914550781,440.3299865722656,24580100,QQQ
2024-05-10,436.77783203125,442.05999755859375,444.30999755859375,440.5,442.5400085449219,27116600,QQQ
2024-05-13,437.7856750488281,443.0799865722656,444.0899963378906,441.6499938964844,443.989990234375,22994200,QQQ
2024-05-14,440.6015930175781,445.92999267578125,446.4700012207031,442.4599914550781,442.6499938964844,34478300,QQQ
2024-05-15,447.4883117675781,452.8999938964844,453.1499938964844,446.8999938964844,448.42999267578125,41464700,QQQ
2024-05-16,446.579345703125,451.9800109863281,454.69000244140625,451.80999755859375,452.7099914550781,34780400,QQQ
2024-05-17,446.3619384765625,451.760009765625,452.7200012207031,449.5400085449219,452.1099853515625,35803700,QQQ
2024-05-20,449.47430419921875,454.9100036621094,455.5799865722656,451.7900085449219,451.9800109863281,24474200,QQQ
2024-05-21,450.35369873046875,455.79998779296875,455.989990234375,452.8399963378906,453.0400085449219,23167700,QQQ
2024-05-22,450.2647399902344,455.7099914550781,456.82000732421875,453.0799865722656,456.05999755859375,25120000,QQQ
2024-05-23,448.2392883300781,453.6600036621094,460.5799865722656,451.8500061035156,460.54998779296875,40899200,QQQ
2024-05-24,452.4779968261719,457.95001220703125,459.2300109863281,453.57000732421875,455.2900085449219,29669500,QQQ
2024-05-28,454.1872863769531,459.67999267578125,459.739990234375,456.69000244140625,459.17999267578125,26216800,QQQ
2024-05-29,450.9860534667969,456.44000244140625,458.239990234375,455.3399963378906,455.4800109863281,29739200,QQQ
2024-05-30,446.1543884277344,451.54998779296875,455.6400146484375,450.2099914550781,455.5,30536800,QQQ
2024-05-31,445.3244934082031,450.7099914550781,452.4800109863281,443.05999755859375,451.7799987792969,55941300,QQQ
2024-06-03,447.7156066894531,453.1300048828125,455.5799865722656,447.8999938964844,454.57000732421875,32997500,QQQ
2024-06-04,448.94073486328125,454.3699951171875,455.5799865722656,451.1300048828125,452.8699951171875,23767400,QQQ
2024-06-05,457.9913330078125,463.5299987792969,463.6099853515625,454.4100036621094,457.9800109863281,33817400,QQQ
2024-06-06,457.833251953125,463.3699951171875,464.5400085449219,462.19000244140625,464.2200012207031,21966800,QQQ
2024-06-07,457.4281005859375,462.9599914550781,465.739990234375,461.8399963378906,463.0,25829700,QQQ
2024-06-10,459.2757263183594,464.8299865722656,465.19000244140625,461.5299987792969,461.82000732421875,20660800,QQQ
2024-06-11,462.4276428222656,468.0199890136719,468.1400146484375,462.0299987792969,463.5400085449219,22053300,QQQ
2024-06-12,468.4844055175781,474.1499938964844,476.5,471.2900085449219,471.989990234375,34532600,QQQ
2024-06-13,471.023681640625,476.7200012207031,478.3900146484375,474.4200134277344,477.7200012207031,25859000,QQQ
2024-06-14,473.46417236328125,479.19000244140625,479.260009765625,476.04998779296875,476.5199890136719,23372600,QQQ
2024-06-17,479.2640380859375,485.05999755859375,486.8599853515625,478.1400146484375,479.4599914550781,37054500,QQQ
2024-06-18,479.4122619628906,485.2099914550781,485.8999938964844,483.42999267578125,485.010009765625,24438600,QQQ
2024-06-20,475.7169189453125,481.4700012207031,486.8399963378906,479.6199951171875,486.4200134277344,33918700,QQQ
2024-06-21,474.4423522949219,480.17999267578125,482.5400085449219,478.6700134277344,481.19000244140625,37456800,QQQ
2024-06-24,469.0409851074219,473.9599914550781,479.92999267578125,473.82000732421875,478.17999267578125,37751000,QQQ
2024-06-25,474.40472412109375,479.3800048828125,479.67999267578125,475.1199951171875,476.07000732421875,29014700,QQQ
2024-06-26,475.3844909667969,480.3699951171875,480.9200134277344,478.1300048828125,478.54998779296875,22737100,QQQ
2024-06-27,476.6116027832031,481.6099853515625,483.1000061035156,479.29998779296875,480.1199951171875,26222100,QQQ
2024-06-28,474.1375732421875,479.1099853515625,487.20001220703125,478.4599914550781,482.4100036621094,34881600,QQQ
2024-07-01,476.9183654785156,481.9200134277344,482.489990234375,476.260009765625,480.0400085449219,24898300,QQQ
2024-07-02,481.9259033203125,486.9800109863281,487.0400085449219,480.2799987792969,480.4100036621094,26723600,QQQ
2024-07-03,485.9437561035156,491.0400085449219,491.1700134277344,486.2200012207031,486.2200012207031,18064900,QQQ
2024-07-05,491.0105895996094,496.1600036621094,496.6000061035156,491.5899963378906,491.8900146484375,28495900,QQQ
2024-07-08,492.1783142089844,497.3399963378906,497.8999938964844,495.5,496.5299987792969,22109400,QQQ
2024-07-09,492.6039123535156,497.7699890136719,500.0,496.239990234375,498.8699951171875,25614500,QQQ
2024-07-10,497.7400207519531,502.9599914550781,503.5199890136719,498.3900146484375,499.7099914550781,28046900,QQQ
2024-07-11,486.8244934082031,491.92999267578125,503.2799987792969,490.7300109863281,503.07000732421875,49966600,QQQ
2024-07-12,489.68450927734375,494.82000732421875,499.6199951171875,492.0400085449219,492.510009765625,37109400,QQQ
2024-07-15,491.0007019042969,496.1499938964844,501.010009765625,494.0899963378906,496.6099853515625,31151400,QQQ
2024-07-16,491.188720703125,496.3399963378906,498.44000244140625,493.1499938964844,497.6199951171875,25950600,QQQ
2024-07-17,476.7699279785156,481.7699890136719,488.79998779296875,481.70001220703125,488.2799987792969,56268800,QQQ
2024-07-18,474.5135803222656,479.489990234375,485.7099914550781,476.2699890136719,485.5299987792969,49347400,QQQ
2024-07-19,470.30767822265625,475.239990234375,481.69000244140625,473.94000244140625,479.1499938964844,42042900,QQQ
2024-07-22,477.3143005371094,482.32000732421875,483.3500061035156,477.7099914550781,481.1600036621094,40300000,QQQ
2024-07-23,475.63189697265625,480.6199951171875,484.42999267578125,480.1400146484375,481.4100036621094,23282500,QQQ
2024-07-24,458.57080078125,463.3800048828125,474.19000244140625,462.510009765625,473.82000732421875,58818600,QQQ
2024-07-25,453.5137939453125,458.2699890136719,467.94000244140625,455.6300048828125,463.7200012207031,59256800,QQQ
2024-07-26,458.16510009765625,462.9700012207031,465.92999267578125,459.7699890136719,462.6499938964844,39992100,QQQ
2024-07-29,459.0854187011719,463.8999938964844,467.9100036621094,461.6199951171875,465.7099914550781,28218500,QQQ
2024-07-30,452.781494140625,457.5299987792969,466.55999755859375,454.1499938964844,465.8500061035156,41317200,QQQ
2024-07-31,466.1810302734375,471.07000732421875,472.7900085449219,466.4100036621094,467.8699951171875,44552100,QQQ
2024-08-01,454.889404296875,459.6600036621094,475.54998779296875,455.9800109863281,471.760009765625,56653900,QQQ
2024-08-02,444.0926208496094,448.75,453.57000732421875,444.4700012207031,450.8900146484375,66323200,QQQ
2024-08-05,430.85150146484375,435.3699951171875,442.2900085449219,423.45001220703125,424.7099914550781,87483500,QQQ
2024-08-06,434.9683837890625,439.5299987792969,447.07000732421875,434.55999755859375,437.2300109863281,63164400,QQQ
2024-08-07,430.2577209472656,434.7699890136719,449.0,434.3699951171875,446.489990234375,54929200,QQQ
2024-08-08,443.41973876953125,448.07000732421875,448.989990234375,437.1499938964844,441.05999755859375,47890100,QQQ
2024-08-09,445.73541259765625,450.4100036621094,452.05999755859375,445.6099853515625,446.739990234375,33574000,QQQ
2024-08-12,446.69537353515625,451.3800048828125,454.3699951171875,448.54998779296875,451.3900146484375,27795000,QQQ
2024-08-13,457.77911376953125,462.5799865722656,462.8500061035156,455.67999267578125,455.82000732421875,40084500,QQQ
2024-08-14,457.92755126953125,462.7300109863281,465.1099853515625,458.3999938964844,463.510009765625,34733700,QQQ
2024-08-15,469.49627685546875,474.4200134277344,474.82000732421875,468.3800048828125,468.760009765625,38280600,QQQ
2024-08-16,470.0999450683594,475.0299987792969,476.4100036621094,471.6499938964844,472.6199951171875,38383600,QQQ
2024-08-19,476.27508544921875,481.2699890136719,481.30999755859375,473.3699951171875,475.1700134277344,23737700,QQQ
2024-08-20,475.275634765625,480.260009765625,482.94000244140625,478.54998779296875,480.3500061035156,29209300,QQQ
2024-08-21,477.4924011230469,482.5,484.3699951171875,479.32000732421875,481.04998779296875,25658800,QQQ
2024-08-22,469.9217529296875,474.8500061035156,485.5400085449219,473.80999755859375,484.8399963378906,37739600,QQQ
2024-08-23,475.0183410644531,480.0,482.739990234375,475.2799987792969,479.239990234375,36061500,QQQ
2024-08-26,470.4067077636719,475.3399963378906,480.3800048828125,473.239990234375,479.45001220703125,27452600,QQQ
2024-08-27,471.81195068359375,476.760009765625,477.8399963378906,471.7099914550781,473.69000244140625,27510000,QQQ
2024-08-28,466.4580993652344,471.3500061035156,477.0199890136719,467.8900146484375,476.2900085449219,37372400,QQQ
2024-08-29,465.7752685546875,470.6600036621094,477.92999267578125,469.3699951171875,473.2799987792969,41081500,QQQ
2024-08-30,471.3270263671875,476.2699890136719,476.8999938964844,470.510009765625,475.0400085449219,33466500,QQQ
2024-09-03,457.0171203613281,461.80999755859375,473.3299865722656,459.4100036621094,473.20001220703125,44985200,QQQ
2024-09-04,455.8295593261719,460.6099853515625,464.45001220703125,457.7300109863281,458.6700134277344,32505100,QQQ
2024-09-05,456.255126953125,461.0400085449219,465.3599853515625,457.94000244140625,458.9700012207031,34452400,QQQ
2024-09-06,444.03326416015625,448.69000244140625,461.2200012207031,448.19000244140625,460.3299865722656,50624400,QQQ
2024-09-09,449.743408203125,454.4599914550781,455.4599914550781,449.82000732421875,453.05999755859375,32981200,QQQ
2024-09-10,453.8998107910156,458.6600036621094,459.1700134277344,452.2300109863281,456.239990234375,29680300,QQQ
2024-09-11,463.7563781738281,468.6199951171875,469.3699951171875,451.2799987792969,459.9100036621094,57843000,QQQ
2024-09-12,468.3086853027344,473.2200012207031,474.0400085449219,466.8500061035156,468.6499938964844,40067800,QQQ
2024-09-13,470.4067077636719,475.3399963378906,476.5299987792969,472.25,472.4800109863281,29111800,QQQ
2024-09-16,468.32843017578125,473.239990234375,473.8599853515625,469.8900146484375,473.19000244140625,22585600,QQQ
2024-09-17,468.57586669921875,473.489990234375,477.6000061035156,470.9700012207031,476.2900085449219,30084400,QQQ
2024-09-18,466.5471496582031,471.44000244140625,478.8299865722656,470.8299865722656,474.70001220703125,39909200,QQQ
2024-09-19,478.34344482421875,483.3599853515625,486.2300109863281,480.489990234375,482.6099853515625,52782500,QQQ
2024-09-20,477.43304443359375,482.44000244140625,483.69000244140625,478.29998779296875,482.489990234375,34577700,QQQ
2024-09-23,478.69854736328125,483.0400085449219,484.1400146484375,481.6000061035156,482.95001220703125,24843000,QQQ
2024-09-24,481.007568359375,485.3699951171875,486.3299865722656,480.1700134277344,484.4599914550781,25952600,QQQ
2024-09-25,481.4535217285156,485.82000732421875,487.7900085449219,484.55999755859375,484.739990234375,26549900,QQQ
2024-09-26,485.0707092285156,489.4700012207031,493.70001220703125,485.79998779296875,493.3699951171875,32020200,QQQ
2024-09-27,482.3751525878906,486.75,490.6400146484375,485.55999755859375,490.5,22851100,QQQ
2024-09-30,483.683349609375,488.07000732421875,488.4100036621094,482.9200134277344,485.7799987792969,30281100,QQQ
2024-10-01,476.94439697265625,481.2699890136719,488.0,477.3999938964844,487.70001220703125,42735400,QQQ
2024-10-02,477.61834716796875,481.95001220703125,483.8800048828125,477.7200012207031,480.3599853515625,23744000,QQQ
2024-10-03,477.2615661621094,481.5899963378906,484.54998779296875,478.989990234375,479.739990234375,25337200,QQQ
2024-10-04,482.9400634765625,487.32000732421875,487.8800048828125,482.3900146484375,487.45001220703125,30686600,QQQ
2024-10-07,477.7669677734375,482.1000061035156,486.57000732421875,480.8699951171875,485.3900146484375,24975100,QQQ
2024-10-08,484.9022521972656,489.29998779296875,489.989990234375,483.8500061035156,484.6600036621094,28272000,QQQ
2024-10-09,488.7176513671875,493.1499938964844,493.7300109863281,487.95001220703125,489.0,24995000,QQQ
2024-10-10,488.16265869140625,492.5899963378906,494.4700012207031,489.5299987792969,490.8500061035156,25750400,QQQ
2024-10-11,488.9257507324219,493.3599853515625,494.3900146484375,490.1700134277344,490.739990234375,20644500,QQQ
2024-10-14,493.028564453125,497.5,498.8299865722656,495.260009765625,495.7699890136719,26060100,QQQ
2024-10-15,486.4383239746094,490.8500061035156,498.5,488.67999267578125,497.8299865722656,34784500,QQQ
2024-10-16,486.497802734375,490.9100036621094,491.69000244140625,487.57000732421875,491.17999267578125,22996800,QQQ
2024-10-17,486.8347473144531,491.25,496.489990234375,491.19000244140625,496.44000244140625,27210700,QQQ
2024-10-18,490.02581787109375,494.4700012207031,495.57000732421875,493.29998779296875,494.05999755859375,25335000,QQQ
2024-10-21,490.9672546386719,495.4200134277344,496.2300109863281,491.30999755859375,493.25,30336500,QQQ
2024-10-22,491.50238037109375,495.9599914550781,497.45001220703125,491.9700012207031,492.7300109863281,26685800,QQQ
2024-10-23,483.9706726074219,488.3599853515625,494.25,485.04998779296875,493.5899963378906,39346600,QQQ
2024-10-24,487.8951110839844,492.32000732421875,493.0,489.44000244140625,492.1099853515625,22024900,QQQ
2024-10-25,490.8681335449219,495.32000732421875,500.2799987792969,494.42999267578125,495.1400146484375,38762100,QQQ
2024-10-28,490.9474182128906,495.3999938964844,498.5199890136719,495.1000061035156,498.4599914550781,20477800,QQQ
2024-10-29,495.6646728515625,500.1600036621094,501.3500061035156,493.8500061035156,495.7200012207031,28014100,QQQ
2024-10-30,491.9186096191406,496.3800048828125,500.3500061035156,495.8900146484375,499.3900146484375,29756000,QQQ
2024-10-31,479.50128173828125,483.8500061035156,492.42999267578125,483.75,492.3800048828125,41245200,QQQ
2024-11-01,483.0490417480469,487.42999267578125,490.75,485.20001220703125,485.5,33655800,QQQ
2024-11-04,481.641845703125,486.010009765625,489.3800048828125,484.25,486.82000732421875,23291600,QQQ
2024-11-05,487.78607177734375,492.2099914550781,492.8800048828125,487.5199890136719,487.6099853515625,24353600,QQQ
2024-11-06,501.0359191894531,505.5799865722656,506.4100036621094,499.6000061035156,500.55999755859375,43082200,QQQ
2024-11-07,508.92437744140625,513.5399780273438,514.3300170898438,508.3399963378906,508.3999938964844,32853100,QQQ
2024-11-08,509.51898193359375,514.1400146484375,514.9199829101562,512.4099731445312,513.0399780273438,22924500,QQQ
2024-11-11,509.2216796875,513.8400268554688,515.5800170898438,510.9200134277344,515.3699951171875,24167500,QQQ
2024-11-12,508.3000183105469,512.9099731445312,514.6599731445312,509.8299865722656,513.77001953125,25835300,QQQ
2024-11-13,507.64599609375,512.25,514.97998046875,509.95001220703125,512.4000244140625,24567400,QQQ
2024-11-14,504.1180114746094,508.69000244140625,512.7899780273438,507.7699890136719,511.9100036621094,28679500,QQQ
2024-11-15,492.1069030761719,496.57000732421875,503.3299865722656,494.489990234375,502.94000244140625,51461100,QQQ
2024-11-18,495.5259094238281,500.0199890136719,502.1400146484375,496.7300109863281,498.1300048828125,27080800,QQQ
2024-11-19,498.9349670410156,503.4599914550781,503.95001220703125,497.0799865722656,497.4200134277344,24523000,QQQ
2024-11-20,498.6476135253906,503.1700134277344,503.4800109863281,496.55999755859375,503.1600036621094,29565500,QQQ
2024-11-21,500.4413757324219,504.9800109863281,506.9599914550781,497.55999755859375,506.239990234375,34526700,QQQ
2024-11-22,501.2440185546875,505.7900085449219,506.5299987792969,502.7799987792969,504.4200134277344,23826600,QQQ
2024-11-25,502.036865234375,506.5899963378906,511.45001220703125,504.260009765625,509.8999938964844,26375200,QQQ
2024-11-26,504.7323913574219,509.30999755859375,510.1400146484375,507.2300109863281,508.0799865722656,26557100,QQQ
2024-11-27,500.7584533691406,505.29998779296875,508.239990234375,501.92999267578125,508.1700134277344,24957400,QQQ
2024-11-29,505.15850830078125,509.739990234375,510.3399963378906,505.30999755859375,505.92999267578125,15334000,QQQ
2024-12-02,510.6585998535156,515.2899780273438,516.260009765625,510.6199951171875,511.010009765625,25147200,QQQ
2024-12-03,512.2244262695312,516.8699951171875,517.1500244140625,513.3699951171875,513.9500122070312,18597900,QQQ
2024-12-04,518.5570678710938,523.260009765625,523.52001953125,519.5999755859375,520.3200073242188,26086200,QQQ
2024-12-05,517.1200561523438,521.8099975585938,524.0399780273438,521.4199829101562,523.3099975585938,18169600,QQQ
2024-12-06,521.7479858398438,526.47998046875,526.719970703125,522.3499755859375,522.47998046875,23762600,QQQ
2024-12-09,517.6849365234375,522.3800048828125,526.3499755859375,521.219970703125,525.5499877929688,20674400,QQQ
2024-12-10,515.9208984375,520.5999755859375,525.3800048828125,519.1599731445312,523.6199951171875,24350000,QQQ
2024-12-11,525.1570434570312,529.9199829101562,530.6099853515625,524.5900268554688,525.0,32168600,QQQ
2024-12-12,521.7679443359375,526.5,528.9600219726562,526.02001953125,527.6799926757812,23577500,QQQ
2024-12-13,525.7617797851562,530.530029296875,533.1699829101562,527.2999877929688,530.4600219726562,28780400,QQQ
2024-12-16,533.3329467773438,538.1699829101562,539.1500244140625,533.0,533.0800170898438,31979900,QQQ
2024-12-17,530.9842529296875,535.7999877929688,537.47998046875,534.1300048828125,536.3599853515625,28579100,QQQ
2024-12-18,511.8279724121094,516.469970703125,536.8800048828125,515.010009765625,535.1500244140625,54703200,QQQ
2024-12-19,509.5486755371094,514.1699829101562,521.760009765625,513.8300170898438,521.1900024414062,46441800,QQQ
2024-12-20,513.9983520507812,518.6599731445312,524.8200073242188,509.2900085449219,510.44000244140625,60530000,QQQ
2024-12-23,519.006103515625,522.8699951171875,523.25,516.1300048828125,519.5499877929688,29672800,QQQ
2024-12-24,526.043701171875,529.9600219726562,530.0499877929688,524.1900024414062,524.8300170898438,17558200,QQQ
2024-12-26,525.6863403320312,529.5999755859375,531.239990234375,526.3099975585938,528.3200073242188,19090500,QQQ
2024-12-27,518.6984252929688,522.5599975585938,526.4500122070312,517.8599853515625,526.010009765625,33839600,QQQ
2024-12-30,511.7997131347656,515.6099853515625,519.3599853515625,511.8299865722656,515.510009765625,34584000,QQQ
2024-12-31,507.4521484375,511.2300109863281,517.6599731445312,510.260009765625,516.9000244140625,29117000,QQQ
2025-01-02,506.4595031738281,510.2300109863281,516.6400146484375,505.7099914550781,514.2999877929688,36389800,QQQ
2025-01-03,514.747802734375,518.5800170898438,519.6500244140625,512.530029296875,513.3499755859375,29059500,QQQ
2025-01-06,520.6636962890625,524.5399780273438,527.9199829101562,522.030029296875,524.02001953125,36109700,QQQ
2025-01-07,511.3728942871094,515.1799926757812,525.989990234375,513.280029296875,525.5900268554688,36690300,QQQ
2025-01-08,511.4622497558594,515.27001953125,516.9199829101562,510.57000732421875,515.0800170898438,30777800,QQQ
2025-01-10,503.4419250488281,507.19000244140625,511.5799865722656,503.9200134277344,511.4800109863281,40532500,QQQ
2025-01-13,501.82403564453125,505.55999755859375,506.0199890136719,499.70001220703125,501.20001220703125,31694200,QQQ
2025-01-14,501.3475341796875,505.0799865722656,510.1600036621094,501.5899963378906,508.739990234375,33737200,QQQ
2025-01-15,512.8816528320312,516.7000122070312,517.8499755859375,511.4599914550781,513.030029296875,34957600,QQQ
2025-01-16,509.2884826660156,513.0800170898438,519.0599975585938,512.9500122070312,518.97998046875,28229000,QQQ
2025-01-17,517.8843994140625,521.739990234375,524.0700073242188,513.1099853515625,522.8499755859375,51837900,QQQ
2025-01-21,520.9218139648438,524.7999877929688,525.969970703125,520.0599975585938,524.47998046875,23628000,QQQ
2025-01-22,527.5822143554688,531.510009765625,533.8200073242188,529.260009765625,529.5700073242188,33593000,QQQ
2025-01-23,528.703857421875,532.6400146484375,532.760009765625,528.4500122070312,529.0399780273438,23096600,QQQ
2025-01-24,525.7161254882812,529.6300048828125,533.7899780273438,528.1500244140625,533.02001953125,19878300,QQQ
2025-01-27,510.41009521484375,514.2100219726562,517.989990234375,510.1499938964844,511.0,60771700,QQQ
2025-01-28,517.9539184570312,521.8099975585938,523.0,511.7799987792969,515.219970703125,33194200,QQQ
2025-01-29,516.981201171875,520.8300170898438,522.5900268554688,516.9000244140625,522.4600219726562,26649000,QQQ
2025-01-30,519.1846923828125,523.0499877929688,526.0999755859375,518.2100219726562,523.7100219726562,27431300,QQQ
2025-01-31,518.4303588867188,522.2899780273438,531.52001953125,521.1900024414062,526.9199829101562,38755200,QQQ
2025-02-03,514.2813110351562,518.1099853515625,520.8499755859375,511.04998779296875,513.469970703125,40580800,QQQ
2025-02-04,520.59423828125,524.469970703125,525.1099853515625,518.22998046875,518.6300048828125,26046800,QQQ
2025-02-05,522.9566650390625,526.8499755859375,527.010009765625,520.6199951171875,521.8200073242188,21134100,QQQ
2025-02-06,525.6863403320312,529.5999755859375,529.8099975585938,525.739990234375,527.3599853515625,19434500,QQQ
2025-02-07,519.0557250976562,522.9199829101562,532.0999755859375,522.1900024414062,530.1400146484375,29605500,QQQ
2025-02-10,525.3389282226562,529.25,530.3599853515625,526.75,527.219970703125,20852800,QQQ
2025-02-11,524.0882568359375,527.989990234375,529.9199829101562,525.8300170898438,525.9600219726562,19325500,QQQ
2025-02-12,524.3959350585938,528.2999877929688,529.1900024414062,521.9500122070312,522.2999877929688,25009400,QQQ
2025-02-13,531.9397583007812,535.9000244140625,536.219970703125,529.1900024414062,529.97998046875,28714800,QQQ
2025-02-14,534.1732177734375,538.1500244140625,538.8400268554688,535.6699829101562,536.010009765625,17862600,QQQ
2025-02-18,535.3840942382812,539.3699951171875,540.0,536.0399780273438,539.72998046875,20565000,QQQ
2025-02-19,535.5330810546875,539.52001953125,540.8099975585938,536.4600219726562,538.5700073242188,19666900,QQQ
2025-02-20,533.2599487304688,537.22998046875,539.0999755859375,532.4600219726562,538.72998046875,26550800,QQQ
2025-02-21,522.1923217773438,526.0800170898438,538.4000244140625,525.7100219726562,538.3800048828125,47093800,QQQ
2025-02-24,516.0281982421875,519.8699951171875,529.0700073242188,519.530029296875,527.8800048828125,39268400,QQQ
2025-02-25,509.5267028808594,513.3200073242188,519.3200073242188,509.44000244140625,519.239990234375,48940000,QQQ
2025-02-26,510.75750732421875,514.5599975585938,519.6599731445312,511.3699951171875,515.530029296875,34457600,QQQ
2025-02-27,496.5730895996094,500.2699890136719,519.0700073242188,500.04998779296875,518.1300048828125,52448000,QQQ
2025-02-28,504.41473388671875,508.1700134277344,508.7799987792969,496.92999267578125,500.1300048828125,47654000,QQQ
2025-03-03,493.37689208984375,497.04998779296875,513.0399780273438,493.5799865722656,511.5199890136719,44587200,QQQ
2025-03-04,491.88800048828125,495.54998779296875,503.739990234375,487.739990234375,494.17999267578125,67875400,QQQ
2025-03-05,498.3002624511719,502.010009765625,503.6300048828125,491.260009765625,496.20001220703125,46323700,QQQ
2025-03-06,484.59228515625,488.20001220703125,498.5799865722656,486.20001220703125,493.69000244140625,57574300,QQQ
2025-03-07,488.1557922363281,491.7900085449219,493.2799987792969,480.5299987792969,487.1600036621094,54714700,QQQ
2025-03-10,469.23663330078125,472.7300109863281,483.9700012207031,468.6600036621094,483.45001220703125,76668000,QQQ
2025-03-11,468.1149597167969,471.6000061035156,478.80999755859375,467.010009765625,472.3500061035156,68760800,QQQ
2025-03-12,473.3956604003906,476.9200134277344,481.05999755859375,471.7900085449219,479.1600036621094,46971100,QQQ
2025-03-13,464.8790283203125,468.3399963378906,476.2799987792969,466.42999267578125,476.25,46563300,QQQ
2025-03-14,476.1153564453125,479.6600036621094,480.55999755859375,473.1199951171875,473.7300109863281,43563000,QQQ
2025-03-17,479.202392578125,482.7699890136719,485.8399963378906,477.79998779296875,479.6099853515625,41744400,QQQ
2025-03-18,471.0332336425781,474.5400085449219,479.6099853515625,472.4100036621094,479.4100036621094,39072300,QQQ
2025-03-19,477.33636474609375,480.8900146484375,485.3299865722656,474.8699951171875,476.80999755859375,40430300,QQQ
2025-03-20,475.7183837890625,479.260009765625,484.54998779296875,476.17999267578125,476.8800048828125,36780500,QQQ
2025-03-21,477.2867126464844,480.8399963378906,481.6099853515625,472.9100036621094,474.0799865722656,42234900,QQQ
2025-03-24,487.76043701171875,490.6600036621094,491.510009765625,484.3999938964844,487.739990234375,34567200,QQQ
2025-03-25,490.5438537597656,493.4599914550781,493.6199951171875,490.4200134277344,491.3900146484375,26035200,QQQ
2025-03-26,481.5175476074219,484.3800048828125,493.1600036621094,482.82000732421875,492.29998779296875,34627100,QQQ
2025-03-27,478.7738037109375,481.6199951171875,486.5799865722656,480.25,482.4100036621094,33469800,QQQ
2025-03-28,466.16876220703125,468.94000244140625,480.5199890136719,468.04998779296875,479.80999755859375,46363800,QQQ
2025-03-31,466.1488952636719,468.9200134277344,469.8599853515625,457.3299865722656,461.9200134277344,53000300,QQQ
2025-04-01,469.90655517578125,472.70001220703125,473.6300048828125,464.4200134277344,467.29998779296875,41156200,QQQ
2025-04-02,473.336181640625,476.1499938964844,479.55999755859375,465.8599853515625,466.1199951171875,49894500,QQQ
2025-04-03,447.9967956542969,450.6600036621094,460.07000732421875,450.1400146484375,456.44000244140625,70456300,QQQ
2025-04-04,420.17218017578125,422.6700134277344,440.3699951171875,422.6700134277344,438.1400146484375,117088400,QQQ
2025-04-07,421.1861877441406,423.69000244140625,443.1400146484375,402.3900146484375,408.6600036621094,161557000,QQQ
2025-04-08,413.60125732421875,416.05999755859375,443.1400146484375,409.7900085449219,438.1600036621094,101248100,QQQ
2025-04-09,463.2461242675781,466.0,467.8299865722656,415.42999267578125,415.57000732421875,142876900,QQQ
2025-04-10,443.5432434082031,446.17999267578125,455.5899963378906,432.6300048828125,453.55999755859375,108384100,QQQ
2025-04-11,451.71466064453125,454.3999938964844,455.7900085449219,441.3299865722656,444.6499938964844,52483800,QQQ
2025-04-14,454.7765197753906,457.4800109863281,465.04998779296875,452.6300048828125,464.4599914550781,43941200,QQQ
2025-04-15,455.28350830078125,457.989990234375,462.3800048828125,456.1499938964844,458.5400085449219,35404200,QQQ
2025-04-16,441.55511474609375,444.17999267578125,452.6199951171875,437.760009765625,449.0299987792969,48980600,QQQ
2025-04-17,441.4755554199219,444.1000061035156,447.75,441.3599853515625,447.1700134277344,44837000,QQQ
2025-04-21,430.55047607421875,433.1099853515625,439.0799865722656,427.92999267578125,438.2300109863281,44149300,QQQ
2025-04-22,441.8533630371094,444.4800109863281,447.5799865722656,437.6199951171875,438.82000732421875,52304400,QQQ
2025-04-23,451.8737487792969,454.55999755859375,463.3800048828125,452.8800048828125,458.1700134277344,55801100,QQQ
2025-04-24,464.58819580078125,467.3500061035156,467.6600036621094,455.8299865722656,456.4800109863281,45956100,QQQ
2025-04-25,469.76739501953125,472.55999755859375,473.0899963378906,465.3900146484375,466.9700012207031,38697100,QQQ
2025-04-28,469.61822509765625,472.4100036621094,474.80999755859375,466.0299987792969,473.0299987792969,33550800,QQQ
2025-04-29,472.7198181152344,475.5299987792969,476.4200134277344,469.5899963378906,470.1700134277344,30613100,QQQ
2025-04-30,472.6601867675781,475.4700012207031,477.20001220703125,462.42999267578125,467.1300048828125,46810600,QQQ
2025-05-01,478.8334655761719,481.67999267578125,487.17999267578125,480.739990234375,483.4100036621094,43316500,QQQ
2025-05-02,485.9411926269531,488.8299865722656,490.9100036621094,484.8299865722656,486.5400085449219,39218100,QQQ
2025-05-05,483.058349609375,485.92999267578125,489.0299987792969,484.1000061035156,484.6000061035156,28309500,QQQ
2025-05-06,478.5650634765625,481.4100036621094,485.04998779296875,478.19000244140625,479.55999755859375,32786300,QQQ
2025-05-07,480.4438781738281,483.29998779296875,485.79998779296875,476.7799987792969,482.0799865722656,38006300,QQQ
2025-05-08,485.4044494628906,488.2900085449219,492.70001220703125,484.1700134277344,488.5299987792969,39577600,QQQ
2025-05-09,485.0863037109375,487.9700012207031,491.5400085449219,486.20001220703125,490.2099914550781,27767400,QQQ
2025-05-12,504.84881591796875,507.8500061035156,507.8900146484375,501.4800109863281,506.989990234375,45090600,QQQ
2025-05-13,512.5431518554688,515.5900268554688,517.3900146484375,508.4200134277344,509.1600036621094,53269600,QQQ
2025-05-14,515.6148071289062,518.6799926757812,519.22998046875,515.75,516.77001953125,47014500,QQQ
2025-05-15,516.1814575195312,519.25,521.9299926757812,515.1699829101562,516.52001953125,50153300,QQQ
2025-05-16,518.4280395507812,521.510009765625,521.7000122070312,517.0999755859375,520.6599731445312,48394600,QQQ
2025-05-19,518.9251098632812,522.010009765625,522.530029296875,514.239990234375,514.239990234375,52536200,QQQ
2025-05-20,517.1954345703125,520.27001953125,520.9299926757812,516.6599731445312,519.469970703125,42517600,QQQ
2025-05-21,510.00811767578125,513.0399780273438,523.0,511.239990234375,516.27001953125,71292800,QQQ
2025-05-22,510.9624938964844,514.0,517.7100219726562,512.2999877929688,513.6599731445312,55607200,QQQ
2025-05-23,506.2306213378906,509.239990234375,511.8399963378906,505.5799865722656,506.17999267578125,58368100,QQQ
2025-05-27,518.1398315429688,521.219970703125,521.7100219726562,514.5900268554688,516.1500244140625,47226300,QQQ
2025-05-28,515.8434448242188,518.9099731445312,523.6799926757812,518.3900146484375,522.1799926757812,46637200,QQQ
2025-05-29,516.857421875,519.9299926757812,526.47998046875,517.3200073242188,526.3300170898438,58513300,QQQ
2025-05-30,516.0422973632812,519.1099853515625,520.6799926757812,511.92999267578125,519.4400024414062,67662800,QQQ
2025-06-02,520.1181030273438,523.2100219726562,523.4500122070312,515.969970703125,517.239990234375,44762800,QQQ
2025-06-03,524.183837890625,527.2999877929688,528.739990234375,522.6900024414062,523.5599975585938,44070300,QQQ
2025-06-04,525.6452026367188,528.77001953125,529.8400268554688,525.969970703125,528.010009765625,41359300,QQQ
2025-06-05,521.6886596679688,524.7899780273438,533.0499877929688,522.6599731445312,530.1799926757812,61031200,QQQ
2025-06-06,526.788330078125,529.9199829101562,531.7999877929688,528.2100219726562,530.0,42467000,QQQ
2025-06-09,527.5638427734375,530.7000122070312,532.3499755859375,529.010009765625,530.1400146484375,33688700,QQQ
2025-06-10,531.0530395507812,534.2100219726562,534.9000244140625,528.8900146484375,531.1699829101562,40664800,QQQ
2025-06-11,529.2636108398438,532.4099731445312,536.780029296875,530.1099853515625,535.6199951171875,53701000,QQQ
2025-06-12,530.5062255859375,533.6599731445312,534.6400146484375,530.8400268554688,531.0900268554688,34104900,QQQ
2025-06-13,523.8458251953125,526.9600219726562,531.8699951171875,525.72998046875,527.6799926757812,55814400,QQQ
2025-06-16,531.132568359375,534.2899780273438,535.3699951171875,530.4500122070312,530.5,37622100,QQQ
2025-06-17,525.953369140625,529.0800170898438,533.3300170898438,527.9099731445312,531.7100219726562,42180900,QQQ
2025-06-18,525.8638305664062,528.989990234375,532.5499877929688,527.4000244140625,530.0999755859375,43983500,QQQ
2025-06-20,523.7167358398438,526.8300170898438,533.5599975585938,524.8800048828125,532.260009765625,61643500,QQQ
2025-06-23,529.1017456054688,531.6500244140625,532.1699829101562,523.6500244140625,526.8099975585938,50666100,QQQ
2025-06-24,537.1928100585938,539.780029296875,540.7000122070312,536.27001953125,536.8900146484375,45442000,QQQ
2025-06-25,538.5661010742188,541.1599731445312,543.3099975585938,539.3800048828125,542.0599975585938,44804200,QQQ
2025-06-26,543.6018676757812,546.219970703125,546.6699829101562,541.52001953125,543.3499755859375,43811400,QQQ
2025-06-27,545.4629516601562,548.0900268554688,549.989990234375,544.5399780273438,547.260009765625,57577100,QQQ
2025-06-30,548.9959716796875,551.6400146484375,552.7999877929688,549.010009765625,551.260009765625,45548700,QQQ
2025-07-01,544.3681640625,546.989990234375,550.7100219726562,544.6599731445312,549.72998046875,56166700,QQQ
2025-07-02,548.1599731445312,550.7999877929688,551.0,546.1199951171875,546.1599731445312,36538300,QQQ
2025-07-03,553.5538940429688,556.219970703125,557.2000122070312,553.1799926757812,553.1799926757812,26443500,QQQ
2025-07-07,549.3841552734375,552.030029296875,554.3400268554688,549.5800170898438,553.52001953125,45349300,QQQ
2025-07-08,549.6925659179688,552.3400268554688,554.010009765625,551.0999755859375,553.3800048828125,36153300,QQQ
2025-07-09,553.5838623046875,556.25,557.6300048828125,553.0999755859375,554.47998046875,43045500,QQQ
2025-07-10,552.7876586914062,555.4500122070312,557.2999877929688,552.75,556.8900146484375,34710900,QQQ
2025-07-11,551.543701171875,554.2000122070312,555.7899780273438,552.0499877929688,553.2999877929688,39618600,QQQ
2025-07-14,553.5440063476562,556.2100219726562,556.9500122070312,551.6300048828125,553.989990234375,36453300,QQQ
2025-07-15,554.051513671875,556.719970703125,560.7999877929688,556.6599731445312,560.25,43277700,QQQ
2025-07-16,554.6187744140625,557.2899780273438,560.2100219726562,551.5599975585938,557.280029296875,52314700,QQQ
2025-07-17,559.1072387695312,561.7999877929688,562.3099975585938,557.2100219726562,558.02001953125,40423800,QQQ
2025-07-18,558.56982421875,561.260009765625,564.72998046875,559.97998046875,563.1199951171875,50484700,QQQ
2025-07-21,561.4658203125,564.1699829101562,566.0599975585938,562.0599975585938,562.0900268554688,39595200,QQQ
2025-07-22,558.5598754882812,561.25,564.3499755859375,558.6099853515625,564.2999877929688,43270600,QQQ
2025-07-23,561.1076049804688,563.8099975585938,563.8499755859375,559.5800170898438,562.3400268554688,40215300,QQQ
2025-07-24,562.3018188476562,565.010009765625,566.239990234375,563.2899780273438,565.1300048828125,42275500,QQQ
2025-07-25,563.6553344726562,566.3699951171875,567.7000122070312,564.27001953125,564.9299926757812,30630800,QQQ
2025-07-28,565.4169311523438,568.1400146484375,569.0399780273438,566.8699951171875,567.739990234375,31498700,QQQ
2025-07-29,564.5410766601562,567.260009765625,572.1099853515625,566.530029296875,570.760009765625,45463300,QQQ
2025-07-30,565.2974243164062,568.02001953125,570.6199951171875,565.0499877929688,568.1799926757812,43433800,QQQ
2025-07-31,562.3018188476562,565.010009765625,574.6300048828125,563.8699951171875,574.5399780273438,64613600,QQQ
2025-08-01,551.2251586914062,553.8800048828125,559.02001953125,551.6799926757812,558.8300170898438,69400800,QQQ
2025-08-04,561.3961181640625,564.0999755859375,564.3200073242188,558.9500122070312,559.0499877929688,47669800,QQQ
2025-08-05,557.5845947265625,560.27001953125,566.5599975585938,559.72998046875,565.3900146484375,48666600,QQQ
2025-08-06,564.6007690429688,567.3200073242188,567.760009765625,560.6300048828125,561.1099853515625,41823700,QQQ
2025-08-07,566.5115356445312,569.239990234375,573.3200073242188,565.1099853515625,571.6699829101562,44463000,QQQ
2025-08-08,571.7960815429688,574.5499877929688,574.77001953125,570.1500244140625,570.4500122070312,35255500,QQQ
2025-08-11,570.104248046875,572.8499755859375,576.7999877929688,571.5700073242188,574.6900024414062,33112900,QQQ
2025-08-12,577.2697143554688,580.0499877929688,580.3499755859375,572.489990234375,575.1599731445312,42143300,QQQ
2025-08-13,577.558349609375,580.3400268554688,583.3200073242188,578.9400024414062,582.760009765625,41209300,QQQ
2025-08-14,577.1104736328125,579.8900146484375,581.8800048828125,577.9099731445312,578.280029296875,45425000,QQQ
2025-08-15,574.57275390625,577.3400268554688,579.8400268554688,575.5700073242188,579.7999877929688,49480200,QQQ
2025-08-18,574.3438110351562,577.1099853515625,577.77001953125,575.239990234375,576.4400024414062,29831000,QQQ
2025-08-19,566.5513916015625,569.280029296875,576.5599975585938,568.25,576.3900146484375,53752600,QQQ
2025-08-20,563.1876220703125,565.9000244140625,568.4500122070312,558.8400268554688,568.3300170898438,76781100,QQQ
2025-08-21,560.5802001953125,563.280029296875,566.489990234375,560.97998046875,564.3499755859375,46436900,QQQ
2025-08-22,569.2284545898438,571.969970703125,573.989990234375,563.27001953125,564.6699829101562,51502100,QQQ
2025-08-25,567.5864868164062,570.3200073242188,573.2899780273438,569.1599731445312,570.4000244140625,34044700,QQQ
2025-08-26,569.8653564453125,572.6099853515625,572.9199829101562,568.7999877929688,569.8300170898438,34103000,QQQ
2025-08-27,570.7412109375,573.489990234375,574.4099731445312,570.3699951171875,571.5900268554688,36927100,QQQ
2025-08-28,574.3140258789062,577.0800170898438,578.0,572.4600219726562,574.1099853515625,46787900,QQQ
2025-08-29,567.666015625,570.4000244140625,575.030029296875,568.5399780273438,574.6599731445312,56030400,QQQ
2025-09-02,562.9088745117188,565.6199951171875,565.969970703125,559.5399780273438,561.3099975585938,65876800,QQQ
2025-09-03,567.3375854492188,570.0700073242188,571.7000122070312,566.72998046875,569.22998046875,54230200,QQQ
2025-09-04,572.4728393554688,575.22998046875,575.5999755859375,569.030029296875,570.739990234375,47526300,QQQ
2025-09-05,573.298828125,576.0599975585938,581.1199951171875,571.530029296875,580.489990234375,68342500,QQQ
2025-09-08,576.0953979492188,578.8699951171875,580.8400268554688,577.77001953125,578.3699951171875,46371400,QQQ
2025-09-09,577.7276000976562,580.510009765625,580.9400024414062,577.0399780273438,579.6699829101562,44007600,QQQ
2025-09-10,577.9166870117188,580.7000122070312,583.77001953125,578.5499877929688,583.739990234375,49308000,QQQ
2025-09-11,581.2804565429688,584.0800170898438,584.8800048828125,581.6199951171875,583.239990234375,44745800,QQQ
2025-09-12,583.8480224609375,586.6599731445312,587.8599853515625,584.0999755859375,585.0399780273438,50745900,QQQ
2025-09-15,588.8439331054688,591.6799926757812,591.7899780273438,588.2899780273438,588.4400024414062,44360300,QQQ
2025-09-16,588.3463745117188,591.1799926757812,592.8599853515625,590.489990234375,592.6099853515625,36942100,QQQ
2025-09-17,587.1720581054688,590.0,591.75,584.3699951171875,591.0999755859375,69384800,QQQ
2025-09-18,592.466552734375,595.3200073242188,598.1400146484375,592.9600219726562,594.9099731445312,61069300,QQQ
2025-09-19,596.4771728515625,599.3499755859375,600.0499877929688,595.8499755859375,597.3300170898438,58196100,QQQ
2025-09-22,600.0083618164062,602.2000122070312,602.8699951171875,597.719970703125,597.739990234375,57154800,QQQ
2025-09-23,596.0228881835938,598.2000122070312,602.5700073242188,596.97998046875,602.3699951171875,64635500,QQQ
2025-09-24,593.9305419921875,596.0999755859375,599.9000244140625,593.3599853515625,599.5800170898438,49850300,QQQ
2025-09-25,591.3699340820312,593.530029296875,595.1199951171875,588.5,592.2000122070312,70920200,QQQ
2025-09-26,593.8009643554688,595.969970703125,596.2999877929688,591.0599975585938,594.3499755859375,54337400,QQQ
2025-09-29,596.5509643554688,598.72998046875,602.0499877929688,597.4099731445312,599.1099853515625,48332900,QQQ
2025-09-30,598.1849975585938,600.3699951171875,600.7100219726562,596.0999755859375,598.4299926757812,46533800,QQQ
2025-10-01,601.0545043945312,603.25,603.7899780273438,596.3400268554688,597.1699829101562,46899600,QQQ
2025-10-02,603.5255126953125,605.72998046875,607.1599731445312,602.9299926757812,607.0599975585938,43765400,QQQ
2025-10-03,600.9848022460938,603.1799926757812,607.3300170898438,601.3900146484375,606.510009765625,46482100,QQQ
2025-10-06,605.498291015625,607.7100219726562,609.3599853515625,605.969970703125,608.4500122070312,41962100,QQQ
2025-10-07,602.3099975585938,604.510009765625,609.7100219726562,603.030029296875,609.02001953125,58209500,QQQ
2025-10-08,609.2147216796875,611.4400024414062,611.75,605.260009765625,605.4099731445312,50629800,QQQ
2025-10-09,608.4774169921875,610.7000122070312,611.6099853515625,607.47998046875,611.47998046875,45551000,QQQ
2025-10-10,587.3545532226562,589.5,613.1799926757812,589.0499877929688,611.4000244140625,97614800,QQQ
2025-10-13,599.8190307617188,602.010009765625,602.9500122070312,597.22998046875,599.6799926757812,65872600,QQQ
2025-10-14,595.8236694335938,598.0,602.6900024414062,590.1300048828125,595.3099975585938,69203200,QQQ
2025-10-15,600.0282592773438,602.219970703125,606.7000122070312,595.9299926757812,604.010009765625,62805500,QQQ
2025-10-16,597.806396484375,599.989990234375,608.3099975585938,595.5,605.1099853515625,70982000,QQQ
2025-10-17,601.7320556640625,603.9299926757812,605.510009765625,596.3699951171875,597.9500122070312,72024900,QQQ
2025-10-20,609.3143310546875,611.5399780273438,612.7999877929688,607.0700073242188,607.1400146484375,45761700,QQQ
2025-10-21,609.1549072265625,611.3800048828125,612.719970703125,609.3200073242188,611.6400146484375,44538200,QQQ
2025-10-22,603.286376953125,605.489990234375,611.4099731445312,599.739990234375,610.8200073242188,61478800,QQQ
2025-10-23,608.35791015625,610.5800170898438,611.3699951171875,604.52001953125,604.9099731445312,42844300,QQQ
2025-10-24,614.8540649414062,617.0999755859375,618.4199829101562,615.1300048828125,615.989990234375,47632500,QQQ
2025-10-27,625.80419921875,628.0900268554688,628.5499877929688,624.030029296875,624.52001953125,54098600,QQQ
2025-10-28,630.6165161132812,632.9199829101562,634.6799926757812,629.25,630.3599853515625,61195700,QQQ
2025-10-29,633.4561767578125,635.77001953125,637.010009765625,630.25,635.5900268554688,67422800,QQQ
2025-10-30,623.7715454101562,626.0499877929688,633.5,625.9400024414062,632.1699829101562,61628600,QQQ
2025-10-31,626.7805786132812,629.0700073242188,634.2000122070312,626.6900024414062,634.1699829101562,66305100,QQQ
2025-11-03,629.7796630859375,632.0800170898438,635.8200073242188,629.8499755859375,635.1099853515625,37154300,QQQ
2025-11-04,616.996337890625,619.25,626.9500122070312,618.4600219726562,623.280029296875,63830800,QQQ
2025-11-05,621.0116577148438,623.280029296875,626.5999755859375,617.2100219726562,618.489990234375,48688500,QQQ
2025-11-06,609.44384765625,611.6699829101562,622.0399780273438,610.2999877929688,621.7899780273438,72115100,QQQ
2025-11-07,607.5209350585938,609.739990234375,609.9500122070312,598.6699829101562,608.3099975585938,81835400,QQQ
2025-11-10,620.9617919921875,623.22998046875,624.3099975585938,616.8900146484375,618.9199829101562,55919900,QQQ
2025-11-11,619.307861328125,621.5700073242188,622.719970703125,617.52001953125,620.5700073242188,44868800,QQQ
2025-11-12,618.8196411132812,621.0800170898438,624.8599853515625,617.8099975585938,624.8400268554688,47444400,QQQ
2025-11-13,606.1858520507812,608.4000244140625,618.1199951171875,606.0800170898438,617.5399780273438,71333600,QQQ
2025-11-14,606.64404296875,608.8599853515625,613.3499755859375,597.1699829101562,599.5499877929688,80087300,QQQ
2025-11-17,601.4630126953125,603.6599731445312,612.47998046875,599.8699951171875,606.2999877929688,63850400,QQQ
2025-11-18,594.1397705078125,596.3099975585938,602.3099975585938,591.3400268554688,599.6199951171875,83327300,QQQ
2025-11-19,597.6868286132812,599.8699951171875,606.1599731445312,594.5900268554688,597.0700073242188,73111500,QQQ
2025-11-20,583.5385131835938,585.6699829101562,614.030029296875,584.75,611.6199951171875,117743200,QQQ
2025-11-21,587.9224853515625,590.0700073242188,596.97998046875,580.739990234375,587.469970703125,103344200,QQQ
2025-11-24,602.9575805664062,605.1599731445312,606.6799926757812,595.1599731445312,595.280029296875,60168100,QQQ
2025-11-25,606.674072265625,608.8900146484375,610.260009765625,597.3200073242188,603.510009765625,57560900,QQQ
2025-11-26,612.034423828125,614.27001953125,616.1900024414062,610.3900146484375,612.510009765625,42393600,QQQ
2025-11-28,616.996337890625,619.25,619.3200073242188,615.4199829101562,616.1099853515625,23034400,QQQ
2025-12-01,614.923828125,617.1699829101562,619.4400024414062,612.52001953125,613.6300048828125,40957600,QQQ
2025-12-02,619.7362670898438,622.0,623.75,617.5900268554688,619.4600219726562,54541800,QQQ
2025-12-03,621.2507934570312,623.52001953125,624.219970703125,618.030029296875,619.6199951171875,47841600,QQQ
2025-12-04,620.6728515625,622.9400024414062,624.9400024414062,619.5399780273438,624.9299926757812,47067800,QQQ
2025-12-05,623.2036743164062,625.47998046875,628.9199829101562,623.7100219726562,624.3800048828125,53614200,QQQ
2025-12-08,622.0079956054688,624.280029296875,628.8400268554688,621.6900024414062,627.2100219726562,43462400,QQQ
2025-12-09,622.7752075195312,625.0499877929688,625.8699951171875,621.0,623.010009765625,37156000,QQQ
2025-12-10,625.3258666992188,627.6099853515625,629.2100219726562,620.989990234375,623.8499755859375,55031400,QQQ
2025-12-11,623.3033447265625,625.5800170898438,625.780029296875,617.719970703125,623.8200073242188,58272800,QQQ
2025-12-12,611.3867797851562,613.6199951171875,623.5399780273438,611.3599853515625,622.0800170898438,75158700,QQQ
2025-12-15,608.3179931640625,610.5399780273438,618.4199829101562,609.3200073242188,618.3699951171875,49538200,QQQ
2025-12-16,609.5235595703125,611.75,613.510009765625,606.9099731445312,608.260009765625,55152800,QQQ
2025-12-17,598.2247924804688,600.4099731445312,613.6500244140625,600.280029296875,613.0599975585938,70654300,QQQ
2025-12-18,606.8931884765625,609.1099853515625,612.9299926757812,606.9199829101562,609.7999877929688,78875800,QQQ
2025-12-19,614.8042602539062,617.0499877929688,617.6199951171875,611.8699951171875,611.9500122070312,60369800,QQQ
2025-12-22,617.7513427734375,619.2100219726562,621.6500244140625,617.77001953125,621.3499755859375,43703100,QQQ
2025-12-23,620.6444702148438,622.1099853515625,622.4099731445312,617.780029296875,618.2000122070312,41120400,QQQ
2025-12-24,622.460205078125,623.9299926757812,624.280029296875,621.719970703125,621.989990234375,18468700,QQQ
2025-12-26,622.4203491210938,623.8900146484375,625.52001953125,623.1400146484375,624.6599731445312,28959800,QQQ
2025-12-29,619.4074096679688,620.8699951171875,622.780029296875,618.72998046875,620.0999755859375,32458300,QQQ
2025-12-30,617.9707641601562,619.4299926757812,622.1799926757812,619.219970703125,619.8400268554688,31226800,QQQ
2025-12-31,612.8628540039062,614.3099975585938,619.9600219726562,614.0499877929688,619.6500244140625,40746500,QQQ
